hotel_id,hotel_name,country,city,hotel_type,star_rating,total_rooms,hotel_facilities,hotel_description,nearby_attractions,latitude,longitude,website,customer_id,first_name,last_name,full_name,email,phone,birth_date,gender,country_customer,city_customer,address,postal_code,language_preference,loyalty_level_customer,registration_date,marketing_consent,booking_id,booking_date,checkin_date,checkout_date,nights,adults,children,infants,room_type,rooms_booked,booking_channel,special_requests,is_cancelled,cancellation_date,cancellation_reason,total_price,room_price,tax_amount,service_fee,paid_amount,payment_status,payment_method,booking_source,promotion_code,discount_amount,created_timestamp,updated_timestamp,created_by,booking_status,review_id,review_rating,review_title,review_text,review_date,helpful_votes,is_verified_review,reviewer_location,stay_date,trip_type,room_type_reviewed,source_system,created_at,updated_at
H00602,"Lee, Stanley and Levine",Czech Republic,Ostrava,City Hotel,3,480,___,Ready major however true growth vote provide.,Historic Site,79.404344,12.910342,http://www.perez.org/,C0004911,Heather,James,Heather James,daniel41@example.com,+1-890-413-9491x3376,2023-13-01,F,Indonesia,Bandung,"01113 George Vista, Bandung",XK 40816,en,___,2024-05-19,False,BKG_000000001,2024-03-27,,2026-01-09,8,4,2,1,single,1,Agent,Late check-in,True,2025-04-01,Payment Failed,244.31,255.12,64.44,34.03,199.94,Pending,PayPal,Booking.com,NO_PROMO,13.83,2024-02-02 00:18:43,2025-01-09 18:45:37,USER,Confirmed,REV_00000001,3,Clear level carry serious.,,2025-09-01,99,True,Nitra,2024-12-18,Leisure,single,APIGateway,2024-02-02 00:18:43,2025-01-09 18:45:37
H00824,Smith-Martin,Bulgaria,Sofia,City Hotel,2,277,"Pool,Gym,Spa",Note several travel resource. Kid stage really chair truth study side. Upon blue know.,"Beach,Museum,Park",56.629613,163.857016,https://cook.info/,C0002018,Ashley,Gomez,Ashley Gomez,,(956)938-9098x4724,1958-12-28,F,Turkey,Istanbul,"6696 Carrie Village Suite 224, Istanbul",IK 68925,en,SILVER,2025-05-08, True ,BKG_000000002,2024-05-11,2025-12-26,2025-12-29,3,1,2,0,double,3,Web,No requests,False...,2024-12-17,Customer Request,625.27,967.54,99.06,70.27,127.52,Paid,Debit Card,Airbnb,NO_PROMO,159.16,2024-07-27 22:06:20,2025-02-28 17:57:34,API,Confirmed,REV_00000002,5,Involve class tax allow according.,"Impact chance bring service on hard.
Base cause tell space man number offer. Position whole detail maybe cover less both exactly.",2024-04-05,27,False,Buenos Aires,2025-07-26,Solo,suite,LegacySystem,2024-07-27 22:06:20,2025-02-28 17:57:34
H00016,"Carter, Garcia and Owens",Peru,Arequipa,Budget Hotel,4,487,"Pool,Gym,Spa",Join best after. Friend whole our call walk.,Historic Site,59.862591,-161.907982,http://www.benson-chandler.com/,C0004718,Sarah,Mcdowell,Sarah Mcdowell,bakerkevin@example.net,,1949-05-08,Other,Turkey,Ankara,???,NX 87506,tr,Gold,2024-09-08,   ,BKG_000000003,2024-04-09,2026-08-24,2026-08-29,5,1,0,0,single,3,Agent,No requests,True,2024-11-12,Payment Failed,579.47,375.39,271.79,87.33,296.18,Refunded,Debit Card,Expedia,,136.87,2025-06-28 01:47:25,2025-10-27 10:46:17,SYSTEM,Confirmed,REV_00000003,3,Pm quickly social out decade brother lot.,Fast song not family person. Leave case return.,2025-02-28,16,True,Rotterdam,2025-07-25,Leisure,double,APIGateway,2025-06-28 01:47:25,2025-10-27 10:46:17
H00515,"Johnson, Nichols and Gonzalez",Australia,Brisbane,Business Hotel,3,291,Restaurant,Federal court how threat exist director. Fish opportunity kitchen him suffer cover.,"Beach,Museum,Park",-27.982903,18.125071,http://www.payne-mendoza.com/,C0000299,Marie,Taylor,Marie Taylor,george34@example.net,+1-844-518-0894,2002-08-18,F,Nigeria,--,"7603 Sellers Crossing, Kano",GV 17463,tr,,2024-08-11,False,BKG_000000004,2024-11-26,2026-10-29,2026-11-04,6,4,0,2,double,1,Web,   ,True,2025-10-20,Payment Failed,634.02,172.2,248.93,3.7,211.44,Refunded,Debit Card,,,183.82,2025-05-31 08:57:09,2024-11-25 12:20:50,API,Cancelled,REV_00000004,4,Newspaper friend big drop many design war stay.,Picture gun quickly past road voice. Dark about dinner.,2025-03-28,99,True,La Plata,2025-09-07,Family,suite,APIGateway,2025-05-31 08:57:09,2024-11-25 12:20:50
H00155,Smith-Johnson,Argentina,Buenos Aires,Budget Hotel,5,28,Restaurant,Way former system toward pressure every despite.,Historic Site,-42.242223,-169.756443,,C0004904,Daniel,Roach,Daniel Roach,kristinfox@example.net,(364)593-6935,1950-05-06, Other ,Thailand,Phuket...,"4778 Green Pine Suite 038, Phuket",GB 29469,tr,Gold,2025-03-29,False,BKG_000000005,2024-07-03,2025-10-14,2025-10-21,7,4,1,2,single,3,Agent,Late check-in,True,2025-05-28,Hotel Closed,596.56,827.36,71.86,16.64,214.11,Pending,PayPal,TravelAgency,NO_PROMO,170.34,2023-11-28 19:28:51,2025-01-20 07:39:54,AGENT,Confirmed,REV_00000005,2,Season film half car.,___,2024-06-17,17,True,Quebec City,2025-10-09,Couple,single,apigateway,2023-11-28 19:28:51,2025-01-20 07:39:54
H00052,"Jackson, Jackson and Keller",Romania,Cluj-Napoca,Business Hotel,2,208,"Pool,Gym,Spa",Should difficult because fly wish compare discussion.,"Beach,Museum,Park",-66.894491,116.924356,https://mcclain.com/,C0002781,Mark,Wells,Mark Wells,tsmith@example.org,+1-742-716-4277x98793,1992-11-14,M,Japan,Hiroshima,"4889 Joshua Park, Hiroshima",,tr,Bronze,2024-05-04,False,BKG_000000006,2024-01-03,2025-01-28,2025-02-09,12,4,1,0,double,3,Phone,Extra bed,True,2025-10-06,Hotel Closed,1998.67,1395.34,218.64,94.0,505.81,Refunded,PayPal,TravelAgency,,142.73,2025-08-25 23:51:20,2024-12-26 13:46:30,API,Cancelled,REV_00000006,2,None scene report sound area owner even.,"Along garden north American film. Keep maybe little throw save picture half.
Family people project sport I inside a. Information money become.",2023-12-06,55,True,Bucharest,2025-07-10,Business,suite, LegacySystem ,2025-08-25 23:51:20,2024-12-26 13:46:30
H00618,Brown-Robinson,Italy,Venice,Resort,2,390," Pool,Gym,Spa ",Value wait goal something other nation must. Hotel own available collection statement.,"Beach,Museum,Park",-86.195559,-168.734873,https://www.martin.org/,C0004657,Chad,Barker,,jwalton@example.org,822.665.5297x0416,2006-01-09,F,Canada,Quebec City,"0749 MATTHEW BURG APT. 600, QUEBEC CITY",BF 73571,fr,Bronze,2024-08-19,False,BKG_000000007,2025-01-02,2026-03-10,2026-03-20,10,4,2,1,single,2,Phone,Late check-in,True,2025-09-16,,1076.03,842.12,247.91,38.44,592.97,Pending,Credit Card,Expedia,NO_PROMO,199.88,2024-09-27 19:03:21,2025-06-17 09:30:02,API,Confirmed,REV_00000007,2,Mother lay raise not analysis hear.,Worker growth your environmental small care of. Their score shoulder international. Resource south candidate deal will baby sure thank.,2025-10-15,95,True,Liverpool,2024-11-22,Leisure,single,CloudBooking,2024-09-27 19:03:21,2025-06-17 09:30:02
H00338,"Sloan, Myers and Johnson",Nigeria,Kano,Resort,3,417,"Pool,Gym,Spa",Job cell already official forward. Card article matter expert result.,Shopping Mall,23.115986,-63.651705,https://www.rivera.org/,C0004638,Andrea,Mccall,Andrea Mccall,jenniferirwin@example.net,717-700-6307x30960,1986-12-10,Other,Malaysia,Johor Bahru,"01296 Leah Forges, Johor Bahru",ED 16433,tr,Platinum,2023-04-26,False,BKG_000000008,2024-09-18,2026-07-18,2026-07-22,4,3,3,2,single,Five,Mobile App,No requests,True,2025-06-18,Customer Request,1469.21,1386.92,64.73,,1186.83,Refunded,Cash,TravelAgency,PROMO682,124.61,2024-10-24 18:59:49,2025-06-02 04:07:56,AGENT,Confirmed,REV_00000008,4,Consider course stock five.,"History house decision.
Agency total evening our sit discover wear. Local issue would top.",2024-09-25,79,True,Bergen,2025-06-13,Family,double,CloudBooking,2024-10-24 18:59:49,2025-06-02 04:07:56
H00137,Porter-Singleton,Peru,Arequipa,Resort,2,91,Restaurant,!!Power interesting opportunity election. Authority benefit them guess ball.,"Beach,Museum,Park",66.113203,-164.283556,http://smith-carr.com/,C0001118,Caitlin,Miller,Caitlin Miller,justin82@example.net, (286)344-4548x09144 ,1974-09-11  ,M,Australia,Sydney,"365 Perez Harbors, Sydney",LE 16091,,Platinum,"Jan 32, 2025",True,BKG_000000009,2025-01-25,2024-11-13,2024-11-21,8,3,2,0,double,1,Mobile App,No requests,False,,,241.35,950.36,283.77,32.8,113.02,Pending,PayPal,Expedia,,0,2024-09-15 05:23:03,2025-07-25 00:40:20,AGENT,Confirmed,REV_00000009,1,Suddenly artist story name bar six environmental quickly.,Could forget front. Support trade nature everything voice. Old free but seem safe hear share.,2025-04-16,19,False,Cairo,2024-12-11,Business,single,CloudBooking,2024-09-15 05:23:03,2025-07-25 00:40:20
H00093,Black LLC,China,Guangzhou,City Hotel,5,261,___,Their chair language school offer every back. Event hit democratic will. At goal establish.,Historic Site,18.941486,109.307927,http://walker.com/,C0000100,Zachary,Smith,Zachary Smith,riverajames@example.net,302.707.9263x223,1959-02-09,Other,Austria,Salzburg,"622 Morrison Garden Suite 928, Salzburg",UF 20018,en,Silver,2025-06-19,True,BKG_000000010,2025-05-09,2025-06-11,2025-06-17,6,3,1,2,double,1,Phone,No requests,False,,,165.54,303.4,208.33,58.54,9999,Refunded,Credit Card,Booking.com,NO_PROMO,5.18,2025-09-12 16:58:35,2025-04-04 10:37:45,USER,Pending,REV_00000010,3,Man green eye reason character modern.,Side teacher rest see eat might nature. Figure song statement laugh anyone sometimes similar.,2025-04-24,77,False,The hague,2025-08-30,Leisure,suite,--,2025-09-12 16:58:35,2025-04-04 10:37:45
H00354,Finley-Sanders,Malaysia,Kuala Lumpur,Luxury Hotel,4,396,Free WiFi,Move color great at.,Historic Site,-55.798892,110.265344,http://www.horn-smith.com/,C0003713,Emily,Wright,,brianevans@example.org,001-383-342-5864x6140,2007-10-13,Other,Czech Republic,Plzen,"0549 Jennifer Green Suite 296, Plzen",NL 44899,fr,Platinum,2024-06-13,True,BKG_000000011,2023-11-16,2024-11-21,2024-11-29,8,2,2,0,double,1,Web,No requests,True,2025-09-25,,1712.37,1274.61,237.71,41.36,1406.68,Failed,Debit Card,Direct,PROMO769,59.62,2024-09-18 09:42:14,2025-02-10 09:54:40,AGENT,Pending,REV_00000011,4,Positive above account high including particularly could.,Institution improve kid alone star. Well already heavy adult attention quickly. Travel last together chair evening food. Sure new magazine blue.,2024-04-13,23,False,Sharm El Sheikh,2025-02-13,Leisure,suite,CloudBooking,2024-09-18 09:42:14,2025-02-10 09:54:40
H00207,Ferguson-Smith,Netherlands,Rotterdam,Luxury Hotel,5,328,Free WiFi,Effort fact special part create report make. Long product future.,"Beach,Museum,Park",84.423311,157.645289,https://mcdonald-moss.biz/,C0003533,Ryan,Thompson,Ryan Thompson,@gmail.com,672-819-0547x47147,2001-04-18,Other,Sweden,Linköping,"372 Alexandra Expressway, Linköping",KY 95641,en,,2024-11-07,True,BKG_000000012,2023-12-07,2025-06-06,2025-06-13,7,3,3,1,single,3,Mobile App,Extra bed,False,,,566.83,1480.28,125.13,91.9,281.53,Pending,Debit Card,Direct,,45.84,2024-09-09 13:39:50,2025-09-30 09:45:47,API,Cancelled,REV_00000012,3,Century shoulder bad upon fine throw project current.,"Director home opportunity drive leader clearly. Hit decide away player.
Baby treat realize surface upon section since.",2025-01-05,49,True,Belo Horizonte,2024-12-29,Couple,Single,CloudBooking,2024-09-09 13:39:50,2025-09-30 09:45:47
H00442,"Stevenson, Cordova and Stuart",Portugal,Funchal,Resort,4,72,Free WiFi,Note whether fear west develop. Measure teach live detail cut can.,"Beach,Museum,Park",27.090582,165.99459,http://www.martinez.com/,C0002967,   ,Keller,    Keller,michelle19@example.com,+1-637-409-8785x3885,1975-10-19,F,Singapore,Singapore,"07517 Jennifer Row Suite 765, Singapore",XD 93129, tr ,Bronze,2025-06-03,False,BKG_000000013,0000-00-00,2025-05-10,2025-05-20,10,4,1,0,single,3,Agent,No requests,False,,,1847.47,524.61,87.88,39.6,1550.79,Paid,Debit Card,Airbnb,!!NO_PROMO,197.48,2025-07-16 15:13:52,2025-08-19 15:42:43,API,Confirmed,REV_00000013,Five,Sometimes their peace source.,"American agent I anyone life catch. Force modern financial strategy serve better financial later.
Process tonight however. Institution know major.",2024-08-30,27,False,Rhodes,2025-05-11,Couple,!!suite,MobileApp,2025-07-16 15:13:52,2025-08-19 15:42:43
H00666,Butler Group,Czech Republic,Prague,Resort,4,432,"Pool,Gym,Spa",Watch just without seek loss arm.,Shopping Mall,6.700208,23.99294,https://www.small.net/,C0003172,Christina,Hensley,Christina Hensley,steven30@example.net,(233)828-9233,1992-04-17,F,Thailand,Pattaya,"96387 Kelly Mall Apt. 516, Pattaya",   ,en,Silver,2025-05-26,False,BKG_000000014,2023-13-01,2024-11-23,2024-11-24,1,1,1,0,suite,1,Agent, Late check-in ,False,,,1620.43,333.83,153.52,73.65,1189.18,Paid,PayPal,Expedia,___,151.46,2023-11-30 04:21:51,2024-11-09 01:19:26,API,Cancelled,REV_00000014,5,Theory which either attorney ok guy amount other.,"Mean my live catch.
Experience threat carry toward sound relationship. Financial difference management police.",2025-02-10,-1,False,Bogotá,2025-06-18,Family,double,CloudBooking,2023-11-30 04:21:51,2024-11-09 01:19:26
H00409,Vaughn Ltd,United Arab Emirates,Dubai,City Hotel,3,382,Restaurant,Upon chance machine sure consumer. Own green personal character responsibility research article.,Shopping Mall,4.208897,90.488459,http://www.smith.com/,C0002451,Phillip,Williamson,Phillip Williamson,michael84@example.com,000-000-0000,1988-07-13,Other,United States,New York,"15540 Stewart Orchard, New York",ZO 81817,fr,Silver,2025-03-11,True,BKG_000000015,2025-04-03,2026-03-05,2026-03-17,12,4,3,0,single,1,Agent,No requests,True,2025-07-03,___,1109.05,723.05,117.06,17.84,793.06,Refunded,Debit Card,TravelAgency,,191.13,02/30/2025,2025-05-09 05:30:41,AGENT,Pending,REV_00000015,1,Individual reduce some trip.,Become discuss direction heart however. Rest fast upon look discuss reflect true. Less add practice book of child amount.,2024-04-09,94,True,Turku,2025-06-06,Family,double,CloudBooking,02/30/2025,2025-05-09 05:30:41
H00486,Jackson Inc,Kenya,Mombasa, Business Hotel ,2,300,Restaurant,Hear kitchen thousand himself apply five student from. Else she drop. Box base enter carry stock.,Shopping Mall,28.118375,-144.418769,http://www.bishop.com/,C0001381,--,Vega,-- Vega,sparkstina@example.org,(684)615-0101,1972-11-14,M,Finland,Espoo,"297 Joseph Hills Suite 427, Espoo",   ,de,Platinum,2023-10-25,False,BKG_000000016,2024-08-17,2024-12-26,2025-01-05,10,1,2,0,double,2,Phone,Extra bed,False,,,250.08,9999,274.7,40.21,154.66,Refunded,Cash,Booking.com,,97.74,2024-11-22 23:14:41,2025-02-03 08:42:07,,Confirmed,REV_00000016,5,End woman price push maintain require.,Population provide reason word example. Born kitchen more west receive meet process.,2023-12-03,45,True,Manila,2025-02-09,Couple,single,MobileApp,2024-11-22 23:14:41,2025-02-03 08:42:07
H00810,"Brock, Nelson and Jackson",Norway,Stavanger,Business Hotel,2,414,"Pool,Gym,Spa",Continue half card hair attorney. Smile thing ago none produce would.,,-34.778662,116.743967,https://www.beltran-adams.info/,C0000917,Kenneth,Glenn,Kenneth Glenn,amanda01@example.org,551-266-0976,1957-10-04,M,Croatia,,"83479 Douglas Port, Dubrovnik",VY 37489,es,Gold,2024-07-11,True,BKG_000000017,2023-11-06,2026-03-31,2026-04-08,8,1,3,1,single,3,Agent,No requests,False,,,1699.77,985.36,278.49,0,990.39,Refunded,Cash,Booking.com,NO_PROMO,35.02,2025-02-22 05:33:27,2025-08-04 06:58:15,SYSTEM,Cancelled,REV_00000017,5,Term our free everyone whose partner.,And question commercial political. Discover little population position executive pick forget.,2025-01-13,88,True,Bangalore,2025-03-18,Family,double,APIGateway,2025-02-22 05:33:27,2025-08-04 06:58:15
H00798,Chavez-Williams,China,Beijing,Luxury Hotel,1,240,"Pool,Gym,Spa",Response environmental glass worry process doctor step. Raise daughter hour. Ever sister heart.,"Beach,Museum,Park",-18.438468,-82.679515,http://sims.net/,C0004097,Nicole,Williams,Nicole Williams,laurie20@example.org,898-479-8178x338,1971-11-04,Other,Belgium,Antwerp,"18499 Poole Square, Antwerp",SY 57450,es,!!Platinum,2025-07-16,False,BKG_000000018,2024-03-20,2024-11-22,2024-11-30,8,1,2,1,suite,1,Web,Extra bed,True,2025-08-01,Hotel Closed,522.15,0,156.88,8.68,213.24,Failed,Credit Card,Airbnb,,118.52,2025-05-15 01:34:47,2025-03-14 12:36:01,USER,Confirmed,REV_00000018,2,Probably many open lawyer election always behind sometimes.,Author live use camera join. Successful season reason it form great. Happy economic rate capital husband visit once.,2024-09-19,79,True,Queenstown,2025-03-13,Leisure,single,APIGateway,2025-05-15 01:34:47,2025-03-14 12:36:01
H00951,May and Sons,???,Bangkok,Business Hotel,1,24,"Pool,Gym,Spa",Understand decision worker make democratic.,"Beach,Museum,Park",60.892431,16.159874,http://hall-wells.com/,C0001231,Benjamin,Mayer,Benjamin Mayer...,harrisisaiah@example.net,(981)511-5195x7652,1955-09-21,M,Portugal,Coimbra,"09835 Wanda Plain Apt. 071, Coimbra",!!UZ 52830,tr,Gold,2022-11-30,True,BKG_000000019,2024-10-24,2025-01-07,2025-01-08,1,1,0,2,double,2,Web,Late check-in,True,2025-09-22,No Show,1071.29,1333.77,237.9,38.22,Five,Pending,PayPal,Booking.com,PROMO630,188.61,2024-10-16 01:31:38,,API,Confirmed,REV_00000019,5,As minute leave worry.,Whom either or father sure. Anyone certain its seven less remain practice for.,2024-10-08,77,True,Cork,2025-06-26,Solo,suite,LegacySystem,2024-10-16 01:31:38,
H00181,Coffey Inc,Norway,Bergen,Budget Hotel,3,Five,Restaurant,Difficult trial concern direction those usually actually. Where mouth investment or.,Shopping Mall,-36.350873,-36.78597,https://www.jones-ho.com/,C0003007,Danielle,Pena,Danielle Pena,smithrobert@example.com,000-000-0000,1970-02-22,Other,South Africa,Durban,"68004 Cassidy Center, Durban",MG 51539,es,Bronze,2023-11-20,False,BKG_000000020,!!2024-06-05,2025-10-24,2025-11-03,10,3,0,0,single,1,Phone,,False,,,1864.31,782.6,41.72,71.07,387.17,Pending,Debit Card,Airbnb,,118.34,2025-02-10 08:42:14,2025-07-15 18:42:48,AGENT,Cancelled,REV_00000020,3,Magazine forward hair campaign who.,"Either check argue only man. Charge may keep short need decision.
Safe number together remember. Woman off anyone five none author house.",2025-04-16,92,True,Brisbane,2025-08-29,Couple,double,CloudBooking,2025-02-10 08:42:14,2025-07-15 18:42:48
H00604,"Morales, Dean and Lee",United Arab Emirates,Abu Dhabi,Budget Hotel,2,117,,"Leader lot force hot important believe.
Strong character look indeed. Stop size end gas fire.","Beach,Museum,Park",-30.552926,131.163131,,C0003635,Joshua,Griffin,Joshua Griffin,matthewwhite@example.com,(457)960-4285,1964-02-12,M,Romania,Bucharest,"9437 Fernandez Prairie Suite 976, Bucharest",QM 32058,es,Silver,2023-09-12,False,BKG_000000021,,2026-04-25,"Jan 32, 2025",6,4,1,1,suite,1,Web,Extra bed,False,,,90.61,147.03,31.21,23.52,-1,Refunded,Credit Card,Direct,PROMO134,87.69,2024-06-11 14:11:59,2025-01-11 05:13:13,API,Confirmed,REV_00000021,1,Answer of water difficult.,Upon finally scientist trade finally. Record above newspaper property write hard parent fast.,2025-02-22,97,False,Ostrava,2025-01-02,Solo,single,CloudBooking,2024-06-11 14:11:59,2025-01-11 05:13:13
H00823,Wyatt PLC,Finland,Tampere,Boutique,4,208,Restaurant,Maybe majority clearly make door ten. Ball book pass hot body according.,Shopping Mall,11.356115,-33.167134,https://www.blevins.org/,C0004562,Blake,Leonard,Blake Leonard,vshort@example.org,469-506-3972x73139,1945-10-15,M,Morocco,Casablanca,"854 Spence Circles Apt. 750, Casablanca",LH 70088,es,Silver,2024-01-22,False,BKG_000000022,2025-05-06,2025-06-22,2025-06-28,6,1,0,0,single,1,Agent,Extra bed,False,,,1406.91,985.31,8.96,92.36,821.0,Refunded,Debit Card,Booking.com,,156.06,2024-02-20 05:34:00,2024-11-28 10:31:58,   ,Pending,REV_00000022,4,Floor evening live image smile whatever cultural see.,"Democratic head general. Improve four best now provide building grow. While face worry I.
Base wall happy alone base religious.",!!2024-04-19,97,False,Manchester,2025-04-02,Business,double,LegacySystem,2024-02-20 05:34:00,2024-11-28 10:31:58
H00139,Thompson-Howard,United Kingdom,!!Manchester,City Hotel,4,72,Free WiFi,???,"Beach,Museum,Park",8.818516,-25.033089,http://www.davis.com/,C0004760...,Alyssa,Smith,ALYSSA SMITH,vaughnnicholas@example.org,123-456-7890,1965-12-12,F,Croatia,ZAGREB,"8729 Carlson Gateway, Zagreb",OT 88074,de,,2024-11-30,True,BKG_000000023,2024-08-18,2026-08-26,2026-09-08,13,4,1,0,suite,3,Agent,Extra bed,True,2025-08-22,Payment Failed,1684.67,214.61,145.89,70.99,1103.44,Failed,Debit Card,Direct,PROMO975,147.36,2024-08-05 13:55:41,2025-05-26 16:48:04  ,API,Confirmed,REV_00000023,2,Focus product chair prevent responsibility into defense.,Down defense deep about produce assume middle. Best different choice interesting half agree. Just show reflect tax stuff later.,2023-12-02,52,True,Hamburg,2025-03-23,Leisure,double,mobileapp,2024-08-05 13:55:41,2025-05-26 16:48:04  
H00715,Thompson Ltd,South Africa,Port Elizabeth,Resort,1,306,Free WiFi,Administration he tell phone never. Most program bed sure fund far.,"Beach,Museum,Park",9.610318,56.363562,https://wright.com/,C0000546,Debra,Buck,Debra Buck,timothyestrada@example.net,847-574-0022x75061,1963-08-02,M,Turkey,Ankara,"3675 Mills Place, Ankara",AT 16062,tr,Gold,2023-02-20,True,BKG_000000024,2024-04-27,2024-11-01,2024-11-09,8,4,1,2,single,3,Mobile App,,False,,,311.68,,41.04,24.98,217.37,Refunded,Cash,Direct,,9.05,2024-05-22 07:51:32,2025-02-15 16:21:56,SYSTEM,Cancelled,REV_00000024,5,   ,Suggest myself detail argue whatever. She lot possible seem often style.,2024-03-19,9999,False,Kosice,2025-08-31,Leisure,suite,LegacySystem,2024-05-22 07:51:32,2025-02-15 16:21:56
H00324,Johnson and Sons,Slovakia,Nitra,Business Hotel,1,297,Restaurant,Every stay eye become. Style during continue big activity head.,,72.920339,-158.69784,http://www.luna-porter.net/,C0000054,Krystal,West,Krystal West,thomas31@example.net,001-980-898-1312x27220,1975-06-03,Other,Germany,Stuttgart," 892 James Bridge Suite 352, Stuttgart ",QG 57857,es,Gold,2023-01-03,True,BKG_000000025,,2025-06-07,2025-06-17,10,4,2,2,suite,3,Mobile App,,False,,,280.59,9999,297.43,23.12,279.63,Refunded,Credit Card,Airbnb,NO_PROMO,-1,2025-02-25 06:56:46,2025-08-20 06:23:48,AGENT,Pending,REV_00000025,1,Cut expert drive why.,Market beautiful and eye situation special outside share. Maybe father it many mean month. City indeed room.,2024-11-05,28,True,Liverpool,2025-07-10,Business,single,CloudBooking,2025-02-25 06:56:46,2025-08-20 06:23:48
H00788,Allen-Powers,!!Mexico,Monterrey,Budget Hotel,4,176,Restaurant,Ok option some certain save own. Focus it behavior impact.,"Beach,Museum,Park",-73.772356,84.483064,http://mills-ruiz.com/,C0003014,Margaret,Patel,margaret patel,tina34@example.net,001-539-928-5060x5309,1984-06-10,Other,Spain,Granada,"293 Heather Village Suite 316, Granada",EI 97124,de,Silver,2024-02-28,False,BKG_000000026,2025-10-29,"Jan 32, 2025",2025-01-24,9,4,-1,1,single,2,Phone,No requests,,,,57.73,262.35,112.3,25.31,19.2,Pending,PayPal,   ,PROMO626,14.71,2024-01-20 04:39:33,2025-03-26 18:38:04,API,Confirmed,REV_00000026,2,Nearly they film anyone really social we.,Maybe marriage respond well yourself professional. Large painting character suddenly must south. Bring better fall prevent summer seem.,2024-12-19,73,False,Salvador,2024-12-17,Couple,double,CloudBooking,2024-01-20 04:39:33,2025-03-26 18:38:04
H00639,Armstrong LLC,Chile,Santiago,City Hotel,1,127,Free WiFi,Series modern political rather company myself I only. Yet center road person.,Shopping Mall,44.583123,5.330421,http://www.castro.com/,C0001260,Julie,Davis, Julie Davis ,,(244)932-3789x027,1963-02-08,F,Spain,Granada,"804 Tapia Fall Apt. 872, Granada",EH 11869,de,Gold,2025-10-11,False,BKG_000000027,2025-09-25,2026-04-12,2026-04-23,11,2,0,0,single,3,Web,Late check-in,False,,,1404.19,472.37,222.32,32.34,900.86,,PayPal,TravelAgency,NO_PROMO,73.29,2024-06-03 11:56:34,2024-11-23 12:45:33,AGENT,Confirmed,REV_00000027,4,Executive happy security.,"Degree box accept after look. Cup score eye room floor. Mission board service agree hospital.
Just good individual sport. Wait notice civil mission.",2024-05-24,15,False,Dubai,2025-04-14,Couple,suite,APIGateway,2024-06-03 11:56:34,2024-11-23 12:45:33
H00018,Anderson-Perez,SOUTH KOREA,Busan,Business Hotel,4,201,Free WiFi,Religious figure store poor. Music finish manager speak end hand well movie.,Historic Site,20.96035,-131.011416,http://www.le.biz/,C0001861,Kendra,Murphy,Kendra Murphy,lesterjeremy@example.org,(400)789-0447,1995-09-15,M,South Africa,Pretoria,"078 Powers Gateway Suite 205, Pretoria",XX 62268,tr,Bronze,2024-10-03,False,BKG_000000028,2024-09-06,2026-03-11,2026-03-18,,3,0,2,suite,1,Phone,,False,,,381.93,437.38,114.46,33.21,70.11,Paid,PayPal,Expedia,,165.48,2025-01-14 08:39:22,2025-07-30 16:03:08,AGENT,Confirmed,REV_00000028,2,Painting huge key past modern administration voice.,"Tree across study evening forget mind use model. Artist just far there.
Whom service lawyer class. Issue statement great machine I the.",2024-05-06,48,False,Salzburg,2025-03-30,Solo,double,MobileApp,2025-01-14 08:39:22,2025-07-30 16:03:08
H00984,Owen-Williams,Nigeria,Lagos,Resort,2,342,Free WiFi,Democrat reach last according about health. Right institution class road. I rest mother economy.,"Beach,Museum,Park",83.62208,57.136197,https://www.anderson-lozano.biz/,C0001916,Donald,Williams,Donald Williams,joanne27@example.com,+1-814-675-7545x091,1981-06-18,Other,Chile,Concepción,"8191 Villanueva Grove, Concepción",IB 27549,fr,Platinum,2024-06-13, False ,BKG_000000029,2024-08-19,2025-02-11,2025-02-21,10,2,2,0,single,3,Phone,,True,2025-08-02,Customer Request,1074.66,992.3,6.55,22.62,832.51,Failed,Cash,Direct,NO_PROMO,13.31,2024-11-12 09:33:33,2025-01-13 22:13:02,USER,Cancelled,REV_00000029,4,Allow identify power probably toward various.,"Lay exist billion magazine. Practice sound go themselves bit check.
Discuss surface key difference lose. Across hand similar agree sense we media.",2024-08-24,60,True,Copenhagen,2024-11-27,Business,double,CloudBooking,2024-11-12 09:33:33,2025-01-13 22:13:02
H00509,Roy-Mcclain,Austria,Linz,Business Hotel,4,157,"Pool,Gym,Spa",Traditional wear under court century choice. Hour news experience walk nature officer.,Shopping Mall,68.760054,-1,???,C0001158,Kaitlyn,Ingram,Kaitlyn Ingram,herbertlambert@example.com,001-201-354-3544,1951-10-16,M,Belgium,Bruges,"3524 Shari Lakes Apt. 473, Bruges",ZT 59446,de,Silver,2025-07-11,True,BKG_000000030,!!2024-11-15,2025-01-20,2025-01-28,8,4,1,1,suite,2,Web,Late check-in,True,2025-04-06,!!,908.74,241.29,44.96,57.62,128.47,Refunded,Debit Card,Direct,PROMO765,106.7,2025-01-26 16:00:25,2025-07-20 13:56:46,SYSTEM,Confirmed,REV_00000030,5,Eight compare something pass everyone.,Issue science commercial matter TV discuss mouth. Child road later town so day market forget.,2023-12-19,88,False,Aalborg,2025-01-21,Couple,suite,LegacySystem,2025-01-26 16:00:25,2025-07-20 13:56:46
H00168,"Gonzalez, Wilson and Daniels",Morocco,Casablanca,Boutique,3,206,"Pool,Gym,Spa",Appear center her management growth. American woman mouth such hold kind.,Historic Site,-47.223474,114.369331,http://tyler-scott.com/,C0003318,Wesley,Smith,Wesley Smith,davisroberta@example.com,+1-295-225-1008x19909,1948-01-12,F,Vietnam,da nang,"80755 Jennifer Ford, Da Nang",ZT 26801,es,Platinum,2025-09-30,True,BKG_000000031,2024-02-15,2026-07-09,2026-07-13,4,4,,1,double,Five,Web,No requests,True,2025-10-07,No Show,1233.65,1234.9,161.42,,562.2,PAID,Cash,TravelAgency,,166.61,2024-09-10 12:05:42,2025-05-21 19:05:43,API,,REV_00000031,5,Mrs attorney various woman player.,"Food us carry. Challenge wife pick month product call.
Factor expert wind into quality matter glass. Agency west career share yourself easy bar if.",2023-12-02,29,False,Incheon,2024-12-08,Solo,suite,,2024-09-10 12:05:42,2025-05-21 19:05:43
H00886,"Rosales, Lynn and Miller",Israel,Tel Aviv,Resort,2,452,"Pool,Gym,Spa","Treat one all else school.
Remember major soon along. Federal forward pull hold.",Shopping Mall,-20.965699,147.01571,http://porter.com/,C0002111,Lisa,HALE,Lisa HALE,ashleygonzalez@example.com,390.948.7811,1975-02-11,Other,Belgium,Bruges,"3656 Solis Spurs, Bruges",FS 27035,es,Gold,2025-07-18,True,BKG_000000032,2024-02-26,2026-01-09,2026-01-10,1,4,3,0,suite,2,Agent,,True,2025-07-21,Customer Request,1672.08,1254.79,100.34,31.23,1032.62,Refunded,Cash,TravelAgency,PROMO931,4.67,2024-02-22 01:51:31,2024-11-11 10:13:25,API,Pending,REV_00000032,1,Employee arrive light movement scientist main parent believe.,Yes relationship gun concern spend themselves oil. Listen current end election game direction.,2024-11-11,15,False,Eindhoven,2025-04-06,Solo,single,___,2024-02-22 01:51:31,2024-11-11 10:13:25
H00555,Owens Group,Slovakia,Nitra,Boutique,3,,"Pool,Gym,Spa",Serious Mrs discover college. Million hope position citizen full cup mouth.,"Beach,Museum,Park",-38.086459,81.09163,http://sullivan-martinez.com/,C0004439,Kayla,Robbins,Kayla Robbins,@gmail.com,(524)691-9091,1960-11-09,F,Austria,Innsbruck,"697 Anthony Islands, Innsbruck",RK 75416,tr,Silver,2023-02-01,True,BKG_000000033,2023-12-26,2025-03-17,2025-03-29,12,3,2,0,suite,2,Agent,Late check-in,False,,,929.46,396.2,70.6,77.93,Five,Pending,Cash,TravelAgency,NO_PROMO,53.05,2024-02-09 01:02:12,2025-10-22 11:15:50,USER,Cancelled,REV_00000033,4,Husband people day level.,"May some team benefit development capital. During lay water different.
Level believe expert activity.",2025-04-16,92,False,Presov,2024-11-22,Leisure,single,CloudBooking,2024-02-09 01:02:12,2025-10-22 11:15:50
H00190,Chen-Becker,United Arab Emirates,Ajman,Resort,3,52,"Pool,Gym,Spa",Ground in make drop. Interview its daughter attention trip term really. All your less down.,___,-80.938799,29.155218,http://www.howard.biz/,C0001217,Tyler,???,Tyler ???,amberconway@example.com,000-000-0000,1966-10-22,M,Indonesia,Bali,"14386 Steven Fall, Bali",PR 48088,tr,Gold,2024-01-23,False,BKG_000000034,2025-10-12,2025-11-26,2025-11-26,1,3,2,2,single,2,Phone,Late check-in,False,,,1830.25,1047.01,189.17,8.68,1015.37,Paid,Credit Card,Expedia,NO_PROMO,39.57,2023-13-01,2024-11-30 16:49:43,AGENT,Cancelled,REV_00000034,3,Room interesting term you boy work food trip.,!!Dark structure energy this defense. Reveal blood sense never head account look. Say cell whom expert left wide.,2024-07-27,8,False,Cork,2025-02-28,Solo,double,APIGateway,2023-13-01,2024-11-30 16:49:43
H00028,Morse-Torres,Germany,Munich,Luxury Hotel,4,139,Free WiFi,Run customer ask leader mouth policy meeting. Bank wrong military available off.,"Beach,Museum,Park",85.640703,98.574976,http://www.conrad-larson.net/,C0002462,Rachel,Arnold,Rachel Arnold,kfarley@example.org,,1954-07-04,M,Philippines,Manila,"56512 Michelle Loaf Apt. 104, Manila",JR 74555,en,Silver,2022-12-29,False,BKG_000000035,2025-09-04,2024-11-30,2024-12-13,13,2,3,1,!!single,3,Web,Late check-in,False,,,1773.76,1335.57,62.05,21.68,1021.54,Paid,Debit Card,TravelAgency,NO_PROMO,173.62,2024-05-18 10:07:29,2025-07-15 14:18:23,SYSTEM,Cancelled,REV_00000035,0,???,After young money PM determine story. Section question recently this. For skill first bit close wall.,2024-08-14,,False,Abu Dhabi,2024-11-27,Solo,single,APIGateway,2024-05-18 10:07:29,2025-07-15 14:18:23
H00920,Richardson Group,Morocco,Marrakesh,Boutique,1,462,Free WiFi,Discuss defense own forget end.,Historic Site,44.148243,-105.083031,--,C0003851,Brian,Ortega,Brian Ortega,jamescole@example.com,+1-699-554-7776x0717,1962-07-11,Other,Turkey,Istanbul,"23797 Garcia Points, Istanbul",UZ 63572,tr,   ,2024-12-12,True,BKG_000000036,2024-04-30,2025-11-30,2025-12-09,9,3,2,2,suite,1,Phone,,False,,,821.13,569.92,59.99,27.17,739.85,Failed,PayPal,   ,NO_PROMO,137.58,2025-03-14 12:33:50,2025-09-16 09:51:14,USER,Pending,REV_00000036,3,Cold energy its might along accept season.,Fund feeling day involve. Well recently owner market.,2025-08-20,50,True,Eilat,2025-10-10,Family,suite,LEGACYSYSTEM,2025-03-14 12:33:50,2025-09-16 09:51:14
H00932,Castillo Ltd,Nigeria,Lagos,Budget Hotel,1,442,"Pool,Gym,Spa",Guy interesting company every. Agency thing upon air deal. The will mention.,Shopping Mall,-17.637105,36.520463,https://aguilar.com/,C0001058,Gregory,Hull,Gregory Hull,angela14@example.com,317.740.0902x954,1978-09-26,F,Egypt,ALEXANDRIA,"02205 Rachael Burgs, Alexandria",RD 77433,tr,Platinum,2023-03-05,True,BKG_000000037,2025-05-22,2026-03-18,2026-03-26,8,3,0,1,suite,2,Mobile App,No requests,True,2025-02-12,,1150.44,620.87,-1,17.86,129.23,Failed,credit card,Booking.com,PROMO305,179.64,2025-05-25 17:09:46  ,2025-04-19 03:24:24,AGENT,Cancelled,REV_00000037,2,Listen behavior yes name debate black summer.,Assume hope hair still over movie. Pay firm authority red political.,2025-05-08,8,False,Da Nang,2024-11-10,Family,double,APIGateway,2025-05-25 17:09:46  ,2025-04-19 03:24:24
   ,Smith-Cooper,Chile,Santiago,Luxury Hotel,1,306,"Pool,Gym,Spa",Factor fish financial fight last. Push set little positive save give.,Shopping Mall,-3.130252,-92.777841,http://www.reynolds.com/,C0004691,Marcus,Smith,Marcus Smith,randyholden@example.com,878-328-7362,1954-11-10,M,Kenya,Nakuru,"654 Anthony Lake Suite 697, Nakuru",XV 43310,es,Gold,2024-01-24,False,BKG_000000038,2024-09-06,2025-05-17,2025-05-18,1,1,2,9999,double,1,Mobile App,Late check-in,True,2025-06-10,Customer Request,1006.54,1130.87,Five,61.49,119.84,Pending,Credit Card,Expedia,PROMO698,197.49,2025-07-20 16:45:34,2025-04-04 04:50:59,USER,Pending...,REV_00000038,2,Very know pressure else happen practice.,"Structure development simply class people now. These east professor approach drug.
Every edge wait address attack.",2023-11-09,58,False,Athens,2025-04-15,Business,suite,MobileApp,2025-07-20 16:45:34,2025-04-04 04:50:59
H00644,Hansen-Mercado,Singapore,Singapore,City Hotel,3,311,Restaurant,Standard local full act only. Since respond only whom who. Eat name open ok never into successful.,"Beach,Museum,Park",-5.290972,169.274905,https://shepherd.info/,C0004971,Thomas,MORRIS,Thomas MORRIS,tommythompson@example.net,000-000-0000,1957-11-23,M,Argentina,Córdoba,"54994 Rivera View, Córdoba",VZ 23900,en,Gold,2023-09-09,True,BKG_000000039,2024-02-08,2025-08-23,2025-09-02,10,3,3,0,single,2,Web,Extra bed,False,,,1748.4,412.35,99.81,77.08,568.57,Pending,Credit Card,Expedia...,PROMO892,128.46,2025-08-12 01:01:22,2025-03-30 13:57:11,API,Confirmed,REV_00000039,5,Beat much alone according own.,Color capital reality above name all trade security. Agent will against any appear you notice. Civil western director boy exist do approach pass.,2025-08-12,80,False,Giza,2025-04-18,Solo...,suite,APIGateway,2025-08-12 01:01:22,2025-03-30 13:57:11
H00988,Anderson Ltd,Colombia, Medellín ,Luxury Hotel,5,22,"Pool,Gym,Spa",Wait involve bring for baby through common page. Value sign others imagine.,"Beach,Museum,Park",-31.518824,-81.850336,https://davis.com/,C0003835,Jeremy,Blair,Jeremy Blair,millerchelsea@example.com,2243731751,1952-05-25,   ,Spain,Granada,"833 Jeffrey Unions Suite 661, Granada",LY 25876,en,Bronze,2025-10-23,True,BKG_000000040,2024-07-01,2026-05-22,2026-05-24,2,2,3,1,single,2,Agent,,True,2025-06-02,Hotel Closed,791.13,670.4,145.17,40.27,568.18,Refunded,Cash,TravelAgency,PROMO494,0.95,2025-09-20 18:55:48,2024-11-20 07:46:43,API,Confirmed,REV_00000040,2,What citizen firm who huge.,"Draw put six however. Personal box well work floor.
Girl become stage head. Radio somebody meet office star sea. Minute price raise should.",2024-11-28,94,True,Lisbon,"Jan 32, 2025",Business,double,LegacySystem,2025-09-20 18:55:48,2024-11-20 07:46:43
H00016,"Contreras, Morris and Shannon",Turkey,Izmir,Budget Hotel,4,254,Free WiFi,Keep answer always partner work possible fly. Career record edge. Treat better watch chance.,"Beach,Museum,Park",21.273847,51.818012,http://steele-hoffman.com/,C0003872,Heather,Evans,heather evans,@gmail.com,823.963.7572x0058,1970-10-09,Other,Malaysia...,Kuala Lumpur,"729 Julie Street, Kuala Lumpur",UN 67660,de,Platinum,2024-03-10,,BKG_000000041,2025-05-09,2025-01-04,2025-01-15,11,3,2,2,suite,1,Phone,No requests,True,2025-04-29,,104.73,941.64,48.52,44.29,36.33,Paid,Debit Card,Airbnb,PROMO173,31.46,2024-10-28 23:03:49,2025-09-17 00:42:44,AGENT,Pending,REV_00000041,1,Choose maybe personal tell increase every PM.,leave design position leader according certain note better. foreign story of natural quality big.,2024-07-22,18,True,   ,2025-01-21,Solo,suite,LegacySystem,2024-10-28 23:03:49,2025-09-17 00:42:44
H00066,Bell-Torres,INDONESIA,Bandung,City Hotel,5,312,Free WiFi,Woman type person mother speak four rate. Case environment water class financial resource prepare.,Historic Site,39.039704,114.708673,http://www.moody.com/,C0003476,Aaron,Potter...,Aaron Potter...,jramirez@example.net,+1-819-563-9833x413,2004-10-11,Other,Japan,Tokyo,"073 Rodriguez Garden, Tokyo",XW 70768,de,,2024-04-01,True,BKG_000000042,0000-00-00,2026-04-22,2026-04-24,2,4,9999,,???,1,Mobile App,Late check-in,True,2025-03-26,,1991.86,339.4,166.71,36.13,376.17,Failed,Credit Card,Airbnb,PROMO521,170.9,2024-04-02 20:07:59,2025-08-10 12:47:25,SYSTEM,Confirmed,REV_00000042,4,Teach hold poor decade.,Old goal threat realize. None travel commercial yard. Age record realize newspaper finish tonight.,2025-04-18,63,True,Copenhagen,2025-08-21,Family,double,LegacySystem,2024-04-02 20:07:59,2025-08-10 12:47:25
H00107,Howard Inc,Colombia,Bogotá,Luxury Hotel,3,138, Restaurant ,Plan present employee movie. Since off option will.,"Beach,Museum,Park",-5.949792,86.20856,http://juarez-simmons.com/,C0001433,Jim,Jenkins, Jim Jenkins ,,893.940.6442,1962-08-09,Other,Peru,Cusco,"4963 Brooks River Apt. 304, Cusco",KJ 66118,de,Bronze,2025-02-20,False,BKG_000000043,02/30/2025,2026-01-11,2026-01-19,8,2,2,1,double,3,Phone,Extra bed,True,2025-04-22,No Show,1044.11,609.36,83.57,12.2,551.57,Pending,Debit Card,Direct,PROMO119,175.33,2024-07-08 21:55:08,2025-10-01 15:55:46,SYSTEM,Cancelled,REV_00000043,4,Manage vote event close.,Suddenly present where information. Woman network student couple born or woman. Difficult above from administration success both improve.,2025-04-01,54,True,Davao,2025-04-07,Leisure,suite,CloudBooking,2024-07-08 21:55:08,2025-10-01 15:55:46
H00209,Collins-Cruz,Belgium, Ghent ,Resort,1,244,"Pool,Gym,Spa",Until keep imagine. Exactly somebody he piece.,Historic Site,Ten,-61.083343,https://www.byrd.com/,C0001977,Collin,Jones,Collin Jones,umurphy@example.com,2793180522,1989-10-19,Other,Italy,Florence,"42937 James Junctions, Florence",OC 67664,es,Bronze,2025-10-01,False,BKG_000000044,2025-08-16,2026-07-12,2026-07-25,13,,2,2,suite,2,Mobile App,,True,2025-08-02,,9999,911.65,201.49,9.52,6906.75,Pending,Debit Card,Booking.com,,68.67,2024-04-20 11:04:02,2025-08-09 09:36:04,USER,Confirmed,REV_00000044,1,Away stand find network where article.,"Consumer place whatever authority measure. Strategy between street him chair Democrat. Wind billion on.
Everyone shake hair.",2025-04-04,7,False,Riyadh,2025-04-15,Business,single,APIGateway,2024-04-20 11:04:02,2025-08-09 09:36:04
H00497,"Chung, Baird and Allen",Saudi Arabia,Jeddah,Business Hotel,4,125, Free WiFi ,General without forward wonder require energy. Nearly ground strong stand.,Shopping Mall,15.463717,52.264157,https://www.wilson-bernard.info/,C0004396,Brooke,Howard,Brooke Howard,dsmith@example.net,(907)428-3615,1967-03-28,M,Egypt,Luxor,"0050 White Garden, Luxor",BP 28090,fr,,2023-03-14,True,BKG_000000045,2024-03-22,2025-04-24,"Jan 32, 2025",5,2,0,0,single,1,Web,Extra bed,False,,,731.08,675.04,-1,22.82,396.91,Failed,Debit Card,Airbnb,,Five,2025-07-02 15:58:47,2025-03-07 20:17:10,USER,___,REV_00000045,4,Hotel baby network.,Hundred world community contain. Throw matter positive party.,2024-01-18,52,False,Rhodes,2025-09-26,Leisure,suite,MobileApp,2025-07-02 15:58:47,2025-03-07 20:17:10
H00526,Hurley LLC,Indonesia,Jakarta,Luxury Hotel,2,30,"Pool,Gym,Spa",Charge particularly these. Sister final throughout everyone back window step.,Shopping Mall,Ten,60.764067,http://garner-russell.com/,C0001850,???,Garcia,??? Garcia,nicolecoleman@example.com,123-456-7890,0000-00-00,Other,Canada,Calgary,"38805 Chapman Street Apt. 766, Calgary",WJ 80431,en,Silver,2023-11-18,False,BKG_000000046,2024-09-04,2025-12-27,2025-12-30,3,2,0,0,single,3,Phone,Late check-in,False,,,1766.31,108.79,226.3,56.99,728.63, Pending ,Cash,Direct,NO_PROMO,79.73,2024-03-09 21:01:14,2024-11-26 08:50:15,SYSTEM,Cancelled,REV_00000046,2,Along seem seek administration.,Turn now have. Strong position commercial become. Factor bed small together American affect enter.,2024-11-24,38,False,Montreal,2025-07-11,Couple,suite,MobileApp,2024-03-09 21:01:14,2024-11-26 08:50:15
H00382,???,Croatia,Split,City Hotel,2,9999,Restaurant,"Much night able go authority.
Agent west how anyone. Hour family increase pull.",Historic Site,-33.167871,59.041783,https://www.brennan-mason.com/,C0001254,   ,Anthony,    Anthony,daniel47@example.com,774-646-9199,1947-11-07,M,???,Marseille,"42147 Miranda Parkway Apt. 911, Marseille",KK 53690,de,Platinum,2025-07-12,False,BKG_000000047,2024-03-03,2026-08-31,2026-09-09,9,2,1,1,suite,1,,,False,,,244.74,621.49,66.46,27.9,57.25,Pending,PayPal,TravelAgency,NO_PROMO,Five,"Jan 32, 2025",2025-09-03 23:12:52,SYSTEM,Cancelled,REV_00000047,1,Race color stock play yourself value.,Social why class treatment know. Character without focus race music movement option.,2023-11-01,29,False...,Salzburg,2025-06-30,Couple,single,CloudBooking,"Jan 32, 2025",2025-09-03 23:12:52
H00644,Mendoza-Martin,Germany,Frankfurt,Business Hotel,1,99,"Pool,Gym,Spa",Our toward figure professional.,Shopping Mall...,59.611257,-113.2479,https://www.ponce.org/,C0002857,Brian,Hart,Brian Hart,andreclark@example.com,919.259.8121x01700,1969-07-15,M,Peru,Lima,"5245 Sarah Common Suite 512, Lima",IA 93835,fr,Silver,2025-01-06,True,BKG_000000048,2025-02-26,,2025-07-27,6,3,2,2,single,1,Agent,Late check-in,False,,,1981.1,912.65,96.45,1.07,633.65,Paid,Debit Card,Airbnb,NO_PROMO,84.83,2024-10-16 17:54:23,2024-11-01 14:26:11,USER,Confirmed,REV_00000048,4,Phone model writer base year.,Compare answer lose special house southern rest old. Someone little join city should feel. Rate rich large.,2025-06-23,8,False,Pecs,2024-11-29,Leisure,single,CloudBooking,2024-10-16 17:54:23,2024-11-01 14:26:11
H00409,Blackburn and Sons,Philippines,Makati,Budget Hotel,2,291,"Pool,Gym,Spa",Serious color increase audience. Conference bad attack quickly understand purpose institution.,Shopping Mall,13.833439,-77.290924,https://www.arnold.com/,C0004665,Emily,Jones,Emily Jones,greenematthew@example.org,(901)858-4265,1946-08-31,F,Czech Republic,Plzen,"33281 Emily Turnpike, Plzen",BD 42380,en,Silver,2024-04-08,True,BKG_000000049,2025-06-23,2026-09-19,2023-13-01,6,4,0,0,double,3,Agent,No requests,False,,,1294.54,447.94,68.79,47.37,489.02,Failed,Credit Card,Direct,PROMO702,90.15,2023-12-25 05:15:52,2025-01-22 09:30:41,USER,Pending,REV_00000049,1,Believe center claim meeting become.,"Image throw put late within task power.
Modern southern mean character. Rest risk law treat language.",2024-11-19,31,True,Tokyo,2025-05-09,Business,single,MobileApp,2023-12-25 05:15:52,2025-01-22 09:30:41
H00909,Pratt PLC,Morocco,marrakesh,Business Hotel,1,474,"Pool,Gym,Spa",Specific trade unit international get work include.,"Beach,Museum,Park",15.307188,-69.794881,https://lewis.com/,C0002549,Robert,Miles,Robert Miles,matthewmathews@example.org,979-996-9385x6861,1997-12-14,M,Colombia,Medellín,"095 Joseph Wall Suite 235, Medellín",BX 66147,fr,Platinum,2024-04-15,True,BKG_000000050,2025-05-23,2026-07-09,2026-07-20,11,2,0,0,double,3,Mobile App,Late check-in,False,,,1181.27,1257.74,106.16,,846.3,Paid,Debit Card,TravelAgency,,74.84,2025-09-02 06:16:07,2024-12-05 13:25:30,AGENT,Confirmed,REV_00000050,1,Check difficult turn boy reflect.,Inside body energy ground success. Attack safe sign weight conference administration girl.,2025-03-03,22,False,Abu Dhabi,2025-03-07,Leisure,suite,APIGateway,2025-09-02 06:16:07,2024-12-05 13:25:30
H00269,Garcia-Moody,Italy,Milan,Boutique,1,234,Free WiFi,To hit service drive similar big age. Leg night effect public.,Historic Site,13.860165,95.801414,https://saunders.info/,C0002637,Michelle,Foster,Michelle Foster,yclay@example.org,738-740-0136,2000-03-09,F,Colombia,Barranquilla,"06873 Stephens Drives Apt. 047, Barranquilla",RP 76259,fr,Bronze,2024-10-29,???,BKG_000000051,2024-06-20,2025-06-28,2025-07-08,10,2,0,1,suite,2,Agent,Extra bed,True,,,837.5,478.91,269.53,98.49,243.58,Refunded,Cash,,PROMO698,164.84,2024-06-05 20:33:26,2025-02-11 18:36:20,USER,Confirmed,REV_00000051,4,Piece person political place one couple.,Center effect degree have part. Education speak general.,2025-03-04,97,True,Los Angeles,2025-04-26,Couple,single,MobileApp,2024-06-05 20:33:26,2025-02-11 18:36:20
H00863,Ferguson-Nelson,Mexico,Monterrey,Boutique,3,225,"Pool,Gym,Spa",You region paper out brother. Assume newspaper leave my scene really like. Several process same.,Historic Site,36.319619,136.989251,http://www.johnson.org/,C0003819,Christopher,Lopez,Christopher Lopez,collinsstacie@example.com,+1-206-923-3788x5266,1994-03-19,F,Egypt,Luxor,"08959 Norma Keys Apt. 749, Luxor",ZM 34511,en,Gold,2023-08-01,False,BKG_000000052,2025-08-26,2025-03-13,2025-03-16,3,2,0,2,suite,2,Mobile App,Late check-in,True,2025-01-31,Hotel Closed,614.59,728.23,227.36,55.59,586.58,Paid,Credit Card,!!Booking.com,,141.15,2024-07-07 06:26:22,2025-07-12 23:51:50,API,Cancelled,REV_00000052,3,Play once find hundred behind.,Must right bank per young it. Back none him process entire big. Which play yes friend.,2024-04-11,18,True,Surabaya,2025-06-20,Business,single,LegacySystem,2024-07-07 06:26:22,2025-07-12 23:51:50
H00353,Obrien Inc,Saudi Arabia,Mecca,City Hotel,-1,150,Restaurant,Bad smile although at. Though ten billion quickly.,Shopping Mall,-77.851195,-1,https://www.johnson.com/,C0002851,Theresa,Dyer,Theresa Dyer,harrisjillian@example.net,374.519.5362x842,1999-11-25,M,Saudi Arabia,Medina,"067 Joshua Circles Apt. 828, Medina",FE 93317,tr,Platinum,2025-08-30,True,BKG_000000053,2024-08-04,2025-06-27,2025-07-03,6,1,3,0,double,2,Mobile App,Extra bed,False,,,496.79,538.09,231.29,29.35,214.23,Refunded,Debit Card,Direct,PROMO799,199.85,2024-04-11 12:41:37,2025-09-08 23:45:11,USER,Cancelled,REV_00000053,3,HOW PARTICULARLY BOOK TEST RED LOW.,Southern low six option nation. East actually a student project. Back million wind business specific position.,2025-03-22,27,True,   ,2025-08-24,Family,suite,APIGateway,2024-04-11 12:41:37,2025-09-08 23:45:11
H00730,David-Vasquez,Spain,Valencia,Business Hotel,2,226,Free WiFi,Wait represent drive small live. Rate on market face economy wait kitchen door.,"Beach,Museum,Park",46.667948,-136.364437,https://www.walters.com/,C0004320,Megan,Oneal,Megan Oneal,amydaugherty@example.net,(221)367-2102x2938,1944-11-22,F,Mexico,GUADALAJARA,"043 Claudia Passage, Guadalajara",ZP 14232,en,___,2023-04-03,False,BKG_000000054,2024-05-01,2026-02-22,2026-02-22,1,2,3,,single,2,Agent,Late check-in,True,2025-02-20,Payment Failed,969.07,1308.25,164.33,21.85,769.45,Failed,PayPal,Booking.com,,137.25,2025-04-21 14:03:55,2025-09-12 07:58:27,API,Pending,REV_00000054,3,Poor street trip peace behind pick lose.,"East whom evidence brother as. Dog whose guess bit.
Gas learn grow forget. Arm year available fast. Yard media past tough.",2024-08-05,73,True,   ,!!2024-12-17,Couple,double,LegacySystem,2025-04-21 14:03:55,2025-09-12 07:58:27
H00262,"Hubbard, Fowler and Parker...",Germany,Frankfurt,Budget Hotel,5,200,Restaurant,Office weight ahead. Center foreign manager company. Fall address statement effort church.,Shopping Mall,-18.512539,140.379364,http://leonard.com/,C0002854,Amber,???,Amber ???,troyprice@example.net,+1-236-702-0373,1966-07-20,Other,Serbia,Belgrade,"907 Walker Crossing Apt. 366, Belgrade",TO 80535,de,Platinum,2024-08-14,True,BKG_000000055,2024-02-22,2025-10-06,2025-10-11,5,3,1,1,double,3,Web,,True,2025-02-14,,773.1,550.85,9999,3.47,717.06,Failed,Credit Card,Expedia,,111.5,2024-04-06 22:31:34,2025-08-30 13:34:20,AGENT,Cancelled,REV_00000055,4,Natural have hair alone.,Production shoulder beautiful poor better lawyer thousand. Common executive month. Operation message ability decision affect few school.,2024-03-25,61,False,Malmö,2024-12-16,Couple,double,MobileApp,2024-04-06 22:31:34,2025-08-30 13:34:20
H00611,"Ross, Mercado and Hall",Chile,Viña del Mar,Luxury Hotel,1,415,Free WiFi,Really meeting window new. Structure young give action do.,"Beach,Museum,Park",32.257907,8.075507,http://www.gonzalez.biz/,C0004013,Kevin,ANDERSEN,Kevin ANDERSEN,christopher66@example.net,001-358-574-7746x3655,"Jan 32, 2025",F,Norway,Tromsø,"12859 Ann Crest, Tromsø",RV 77455,es,Gold,2023-05-23,___,BKG_000000056,2025-01-08,2026-06-08,2026-06-19,11,4,1,2,double,3,Mobile App,Late check-in,False,,,1340.3,1157.22,164.66,61.82,1227.09,Pending,!!PayPal,TravelAgency,NO_PROMO,39.82,2024-02-07 08:10:08,2025-01-09 05:21:21,USER,Cancelled,REV_00000056,4,Both way us idea.,Leave a his home to value public knowledge. Soldier go purpose hear pattern police exist. Amount box reflect able plan rock.,2025-07-10,7,True,Los Angeles,2025-06-10,Solo,single,APIGateway,2024-02-07 08:10:08,2025-01-09 05:21:21
H00830,"Ortiz, Miller and Stark",Norway,Stavanger,Business Hotel,3,177,Free WiFi,Bar since put painting likely. Own artist close toward stay.,Shopping Mall,-40.741858,-120.180689,https://marquez-turner.com/,C0004337,David,Diaz,David Diaz,christianscott@example.org,(709)959-6930x233,1985-05-09,Other,Norway,Bergen,"9144 Beverly Center, Bergen",JJ 86655,en,Gold,2025-10-20,True,BKG_000000057,2024-05-13,2025-06-29,2025-07-05,6,3,1,2,suite,3, Agent ,No requests,True,2025-02-19,No Show,1836.54,1339.13,106.89,47.85,53.31,Failed,Cash,TravelAgency,NO_PROMO,139.74,2023-12-13 09:21:19,2025-02-10 03:25:33,AGENT,Cancelled,REV_00000057,4,Kid dark apply behavior.,Husband option cause early statement week. Break happy themselves product business. Meeting maintain language ok start choose should.,2025-06-23,84,True,Puebla,2025-10-21,Solo,single,CloudBooking,2023-12-13 09:21:19,2025-02-10 03:25:33
H00926,Cordova Ltd,Denmark,Aalborg,Budget Hotel,4,302,Free WiFi,___,"Beach,Museum,Park",76.284271,-5.821904,https://www.reyes.com/,C0000855,Faith,Cordova,Faith Cordova,jacksonjennifer@example.net,276.440.5527x197,1960-03-27,M,Czech Republic,Ostrava,"389 Gomez Ferry, Ostrava",HB 15774,en,Bronze,2023-05-14  ,False,BKG_000000058,2025-07-16,2025-01-23,2025-01-25,,1,2,2,double,2,Phone,Late check-in,False,,,370.69,1234.17,,65.76,61.17,Paid,Cash,Booking.com,NO_PROMO,58.35,2025-02-11 13:08:07,0000-00-00,USER,confirmed,REV_00000058,2,Able suggest population almost notice while.,"Financial then discover foot. Factor likely election allow visit ask.
Improve same TV anyone others thousand.",2023-11-29,98,False,Madrid,2024-12-16,Solo,suite,CloudBooking,2025-02-11 13:08:07,0000-00-00
H00663,Giles-Cole,Nigeria,Ibadan,Boutique,3,435,Free WiFi,Make paper type while break animal. Yourself research bar event get.,Shopping Mall,-71.481165,-86.401987,!!http://www.mccall-stephens.org/,C0003164,Jared,--,Jared --,yhunter@example.net,583-803-4467x7817,1971-08-01,M,South Africa,Durban,"194 Shepherd Shores Suite 745, Durban",VG 51481,de,Gold,2024-01-23,True,BKG_000000059,2025-04-10,2025-10-25,2025-11-02,8,4,0,,Single,1,Mobile App,Late check-in,True,2025-09-06,Hotel Closed,1766.96,428.79,235.9,77.36,1686.72,Failed,PayPal,Booking.com,,83.61,2023-12-10 22:34:52,2024-11-30 22:49:28,USER,Confirmed,REV_00000059,5,Hold address reflect offer more important to recent.,"Wonder book natural technology later star.
Identify they today through challenge common material.",2023-11-30,80,True,Phuket,2025-02-26,Business,single,APIGateway,2023-12-10 22:34:52,2024-11-30 22:49:28
H00046,"Jackson, Dawson and Henderson",Peru,Trujillo,Budget Hotel,1,395,Free WiFi,Mouth sure wait forward authority space technology. Huge member feeling ever consumer edge admit.,"Beach,Museum,Park",49.281896,82.273597,https://www.silva.com/,C0004492,___,Larson,___ Larson,duncanmicheal@example.com,+1-974-685-8295x4557,1972-01-02,Other,Indonesia,Surabaya,"55719 Smith Streets Apt. 352, Surabaya",EQ 77788,tr,Silver,2022-11-16,False,BKG_000000060,2025-06-05,2026-05-02,2026-05-11,9,1,2,0,suite,1,Web,,True,2025-04-02,Hotel Closed,1596.72,253.94,287.21,47.86,647.88,Paid,Cash,TravelAgency,PROMO970,77.62,2024-08-30 03:59:41,2025-06-19 14:29:03,AGENT,Cancelled,REV_00000060,3,Street term cost gas.,Space develop risk design hotel. Space school look medical answer all.,2025-09-14,16,True,Gdansk,2025-10-02,Leisure,double,CloudBooking,2024-08-30 03:59:41,2025-06-19 14:29:03
H00753,Johnson LLC,Colombia,Medellín,City Hotel,1,357,"Pool,Gym,Spa",Television where sense ball true current maintain. Generation station coach far around performance.,Historic Site,-44.116903,19.236286,???,C0001698,Alex,Gonzalez,Alex Gonzalez,lewistaylor@example.org,(997)789-9902,02/30/2025,M,New Zealand,Auckland,"62139 Ward Place Apt. 050, Auckland",FK 90088,es,Silver,2025-07-06,False,BKG_000000061,2024-07-30,2024-11-05,2024-11-13,8,1,0,2,suite,1,Mobile App,,False,,,1754.26,181.53,63.09,Five,597.52,Refunded,Credit Card,Airbnb,NO_PROMO,75.29,2025-05-09 12:19:00,2025-09-22 18:08:39, API ,Confirmed,REV_00000061,2,Whatever money perhaps we activity set yeah.,"Near few bank PM happy. Simple today population memory where your.
School trade budget service whose success. Evidence forget budget Mrs resource.",2024-03-30,35,True,Casablanca,2025-04-09,Family,suite,LegacySystem,2025-05-09 12:19:00,2025-09-22 18:08:39
H00486,"Rivas, Trujillo and Rodriguez",Bulgaria,Varna,Luxury Hotel,4,431,Restaurant,Ready risk process movie. Company outside better say.,Shopping Mall,-71.479778,44.271257,http://montgomery-malone.com/,C0000460,Donna,Collins,Donna Collins,jduncan@example.net, (947)627-2739x26907 ,1946-02-09,M,Bulgaria,Plovdiv,"1679 Trujillo Junctions, Plovdiv",GD 78894,de,!!Platinum,2025-08-15,False,BKG_000000062,2025-08-14,2025-05-20,2025-05-28,8,4,3,1,single,,Phone,,False,,,1808.33,752.65,112.24,85.88,835.18,Refunded,Cash,Expedia,,126.77,2025-03-01 02:28:30,2025-09-24 03:23:18,API,Pending,REV_00000062,2,Traditional want Congress be condition professor agree.,Candidate happy yourself play three. Watch later tell difficult body protect.,02/30/2025,44,True,London,2025-09-23,Business,suite,LegacySystem,2025-03-01 02:28:30,2025-09-24 03:23:18
H00849,"Miles, Little and Kim",Hungary,Budapest,Luxury Hotel,4,371,Free WiFi,Consider college including ask against we. Argue between street.,Historic Site,-55.394057,-140.321826,https://www.ramirez.org/,C0004644,Kimberly, Ward ,Kimberly  Ward ,alyssabean@example.org,860-393-2517x1069,2000-09-10,M,!!Nigeria,Abuja,"007 Bean Mews Suite 874, Abuja",TH 59195,fr,Gold,2023-07-11,True,BKG_000000063,2024-09-14,2025-02-19,,13,4,2,1,single,3,Agent,Extra bed,True,2025-08-19,Hotel Closed,1439.28,171.11,64.91,0.19,833.36,Failed,PayPal,TravelAgency,,181.91,2024-11-15 04:12:58,2025-07-05 06:14:22,API,Cancelled,REV_00000063,1,Garden field economy executive.,Focus wide fund wish federal food. Administration ten report central.,2024-06-20,40,False,Warsaw,2025-03-10,Family,single,MobileApp,2024-11-15 04:12:58,2025-07-05 06:14:22
H00279,"Peterson, Roberts and Taylor",Kenya,Mombasa,City Hotel,3,457,"Pool,Gym,Spa",Opportunity maintain wish throw if threat professional ago. East particular gun he good.,"Beach,Museum,Park",-1,-20.912321,http://chambers-lopez.com/,C0004108,Teresa,Johnson,Teresa Johnson,,968.875.0447x073,1945-10-13,M,Chile,Santiago,"61178 Bryce Field Suite 224, Santiago",CO 80553,fr,Silver,2023-03-19,False...,BKG_000000064,2024-12-07,2024-11-04,2024-11-13,9,2,3,0,double,3,Mobile App,Late check-in,False,,,1976.14,1355.62,239.23,10.71,1944.36,,Credit Card,Direct,,101.2,2024-08-28 12:18:54,2023-13-01,AGENT,Pending,REV_00000064,3,Event night send example with step order.,"Decade begin put case pick sign. Chair we surface very city beautiful.
Recent consumer skin word.",2025-06-09,57,True,George Town,2025-01-16,Leisure,single,MobileApp,2024-08-28 12:18:54,2023-13-01
H00353,"Herman, Marshall and Bray",Egypt,Luxor,Resort,2,114,Free WiFi,Interest draw lead bed. Give focus worker senior.,"Beach,Museum,Park",-1.973306,-62.519229,https://www.boyer.com/,C0002768,Janet,Rodriguez,Janet Rodriguez,jjackson@example.com,001-953-826-3018x273,2005-08-07,F,United Arab Emirates,Ajman,"9814 Howell Shoal Suite 011, Ajman",ZE 65695,fr,Silver,2024-03-13,True,BKG_000000065,2025-01-12,2026-07-19,2026-08-01,13,0,0,1,,2,Web,Extra bed,False,,,1707.4,279.61,173.24,70.26,1241.6,Refunded,Credit Card,Expedia,PROMO495,25.24,2024-07-11 17:45:57,2025-05-18 04:38:45  ,SYSTEM,Pending,REV_00000065,3,Power poor special.,"Dark most society guy expect fall big. Focus glass expect.
Yard enter professor decide pay reduce.",2024-05-27,93,True,George Town,2025-04-30,Solo,double,???,2024-07-11 17:45:57,2025-05-18 04:38:45  
H00962,Carpenter PLC,Slovakia,Kosice,Budget Hotel,4,268,Free WiFi,What attention green time. School check visit spend organization suddenly.,"Beach,Museum,Park",-28.192282,-118.82727,http://www.heath.biz/,C0002722,Brianna,Shepard,Brianna Shepard,tommy13@example.net,239.987.7528x1268,1976-12-19,M,New Zealand,Auckland,___,OE 59343,es,Bronze,2024-06-07,True,BKG_000000066,2025-07-08,2026-08-04,2026-08-09,5,2,2,0,double,3,Mobile App,___,True,2025-04-06,No Show,179.53,1064.02,43.18,80.57,1.29,Refunded,Credit Card,Booking.com,,177.39,2025-09-29 11:08:31,2025-06-20 21:18:42,AGENT,Cancelled,REV_00000066,2,Why choice computer before interest sound police green.,Loss maybe create help near. Protect develop fear health family there believe.,2023-12-27,80,False,Johor Bahru,2025-01-27,Business,double,APIGateway,2025-09-29 11:08:31,2025-06-20 21:18:42
H00320,   ,Turkey,Ankara,Budget Hotel,3,262,Free WiFi,Wrong trip use scientist. Store general put plant.,"Beach,Museum,Park",55.951082,-169.564726,,C0001959,Stephen,Anderson,Stephen Anderson,bellamanda@example.net,(558)691-4238,2001-09-07,Other,Switzerland,Zurich,"76967 Russo Crossing, Zurich",PD 32282,es,Gold,2023-11-22,False,BKG_000000067,2025-10-23,2026-04-09,2026-04-09,1,2,3,1,double,3,Phone,,False,,,1701.67,1190.82,139.19,96.2,1335.32,Failed,Debit Card,Airbnb,,74.12,2023-11-06 09:27:45,2025-10-04 15:03:14,USER,Confirmed,REV_00000067,0,Technology cold produce situation listen pattern identify.,Agreement food past report ten player wrong stay. Customer give ten student feeling order show. Day allow traditional social season level seat.,2025-08-10,67,False,Johor Bahru,2024-12-30,Solo,double,LegacySystem,2023-11-06 09:27:45,2025-10-04 15:03:14
H00232,Montgomery Group,Turkey,???,Boutique,1,326,Restaurant,Address probably standard will. Effort thing color list. Republican professor black my strategy.,Historic Site,-38.962187,-49.17373,https://www.gonzalez-norman.org/,C0001446,Christina,Golden,Christina Golden,barias@example.org,(652)603-6168,1972-09-02,Other,Turkey,Izmir,"148 Brett Causeway Apt. 784, Izmir",JE 99314,en,Platinum,2025-09-24,False,BKG_000000068,2024-01-11,2025-03-26,2025-03-31,5,3,-1,0,single,3,Phone,Late check-in,True,2025-05-11,payment failed,744.06,1442.98,223.91,43.05,71.67,Refunded,Debit Card,TravelAgency,,31.94,!!2024-06-21 02:38:13,2025-01-12 15:15:52,API,Confirmed,REV_00000068,2,Program happy magazine nature use employee maintain.,Never perhaps deep. Avoid employee peace despite mother activity. Different live child list list accept former suffer.,2025-10-16,68,False,Cebu,2025-10-12,Couple,double,LegacySystem,!!2024-06-21 02:38:13,2025-01-12 15:15:52
H00518,Case-Floyd,Colombia,Barranquilla,Business Hotel,1,498,Free WiFi,Assume right them customer bank clear reveal only. May detail loss available begin your.,Shopping Mall,68.392497,119.629127,http://www.vasquez.org/,C0002457,Jamie,Grimes,Jamie Grimes,gardnerjason@example.net,+1-847-402-1158x50676,1959-09-17,F,Canada,Calgary,"8061 Sara Lakes, Calgary",AT 54252,tr,--,2025-01-30,True,BKG_000000069,2024-12-08,2025-09-08,2025-09-14,6,1,0,1,double,1,Web,Extra bed,False,,,315.6,1068.85,38.19,54.06,252.36,Failed,Cash,TravelAgency,,119.68,2025-01-24 00:10:22,2025-01-19 03:14:47,API,Pending,REV_00000069,1,Debate class structure somebody however ever news.,Friend society begin much between. Off let language. Exactly whatever market girl pattern.,2025-01-22,12,True,,2025-10-14,Family,suite,APIGateway,2025-01-24 00:10:22,2025-01-19 03:14:47
H00735,"Barnett, Hooper and Hines",United Arab Emirates,Dubai,Resort,3,24,Free WiFi,Speech his part baby hope analysis. Data public before central entire.,historic site,53.732552,21.103133,http://www.mcdowell.biz/,C0000422,Charles,--,Charles --,stokeschristy@example.com,000-000-0000,1995-10-15,M,South Korea,Incheon,"73283 Scott Mountain Apt. 527, Incheon",DW 14166,de,Gold,2025-04-27,True,BKG_000000070,2024-08-05,2026-03-29,2026-04-11,13,2,3,2,suite,1,Phone,No requests,False,,,941.49,899.51,234.72,81.87,10.85,Failed,Cash,Booking.com,,147.61,2025-01-12 23:42:10,2025-09-08 07:37:52,API,Cancelled,REV_00000070,2,Service condition yet require necessary.,Prove month teach training. Each three born himself still ground bit adult. Adult today remember book.,2025-07-07,65,True,The Hague,2025-10-11,Solo,double,CloudBooking,2025-01-12 23:42:10,2025-09-08 07:37:52
H00841,"Moore, Rogers and Alexander",India,Chennai,Business Hotel,5,376,Restaurant,Partner action why necessary. Court option business low. Raise car whatever in bed black which.,"Beach,Museum,Park",83.175605,9999,https://www.allen.com/,C0004597,Krista,Gonzales,Krista Gonzales,leestacey@example.net,582.893.4147,1966-07-27,Other,Japan,Osaka,"5368 Jason Port, Osaka",AC 87613,tr,Gold,2023-10-30,False,BKG_000000071,2024-08-30,2025-10-02,2025-10-11,9,1,3,1,single,2,Phone,Extra bed,False,,,1148.88,121.16,25.09,80.13,766.29,Paid,Cash,Booking.com,PROMO337,Five,2024-02-10 07:47:15,2025-05-18 08:26:31,AGENT,Cancelled,REV_00000071,3,Product skill west.,Party hand yourself two cover. Might rule claim ability month. Set deep language realize argue region draw sit.,2024-03-28,46,False,Marrakesh,2025-07-11,Business,double,LegacySystem,2024-02-10 07:47:15,2025-05-18 08:26:31
H00407,,Italy,--,City Hotel,3,332,Restaurant,In about all no go ask investment. Opportunity face star sport turn speech simple.,Shopping Mall,48.304331,73.69072,https://johnson-walter.info/,C0002502,Andrew,Melendez,Andrew Melendez,samanthaschwartz@example.com,4455043181,1963-10-04,M,Vietnam,Hue,"1587 Chad Lodge Suite 406, Hue",DX 96484,tr,Bronze,2023-07-18,False,BKG_000000072,2025-01-05,,2026-07-10,3,2,2,9999,double,2,Mobile App,,True,2024-11-11,Customer Request,466.78,Five,95.15,50.23,335.59,Failed,Debit Card,Booking.com,NO_PROMO,82.7,,2025-09-15 14:22:12,SYSTEM, Cancelled ,REV_00000072,3,Recognize material candidate provide have risk baby job.," Reflect voice never. Current case wonder within. Mr event decide bad many nice.
Design only national strategy. Person run loss. ",2024-08-08,33,False,Pecs,2025-08-07,Leisure,suite,APIGateway,,2025-09-15 14:22:12
H00985,Pena-Mitchell,Netherlands,Rotterdam,Luxury Hotel,5,111,"Pool,Gym,Spa",Price this conference federal. Such whether tell of drug adult charge that.,Shopping Mall,-40.052355,46.105189,http://www.thompson.com/,C0004475,Hailey,James,Hailey James,danielprice@example.com,2432548269,1986-03-18,Other,Sweden,Uppsala,"00249 Gardner Place, Uppsala",GB 89869,es,Gold,2025-09-28,False,BKG_000000073,2025-09-16,2025-03-15,2025-03-20,5,3,0,2,___,1,Phone,Late check-in,True,2024-10-31,Payment Failed,1168.27,1239.03,63.01,44.77,933.84,Pending,Cash,TravelAgency,PROMO276,4.17,2025-10-18 21:08:18,2023-13-01,SYSTEM,Cancelled,REV_00000073,2,Camera attention however control development personal.,Test college explain right her street wonder. Imagine explain watch simple writer.,2025-05-26,54,True,Tromsø,2025-10-29,Business,--,APIGateway,2025-10-18 21:08:18,2023-13-01
H00137,Peterson LLC,Portugal,Funchal,Business Hotel,1,82,Free WiFi,Develop if black run system. Impact ask cost explain yourself.,"Beach,Museum,Park",-55.43249,-50.395923,http://watson-gallegos.biz/,C0002682,Jeffrey,Dominguez,Jeffrey Dominguez,scampos@example.net,+1-968-552-2606x33532,1990-03-30,Other,Spain,Madrid,"1703 Cheryl Brooks Suite 562, Madrid",VT 53608,de,Bronze,2024-12-29,False,BKG_000000074,2024-03-28,2025-02-23,2025-03-02,9999,3,3,2,single,1,Phone,,False,,,673.13,468.98,15.34,40.11,633.47,Failed,Cash,Airbnb,NO_PROMO,85.76,2025-08-16 04:45:20,2025-10-13 07:26:42,--,Cancelled,REV_00000074,5,Into who measure interest tough compare town.,"Practice his term wonder. Big class event TV stand.
Behind job activity particularly place account. Finally local staff.",2025-09-18,89,TRUE,Braga,2025-06-09,Couple, double ,APIGateway,2025-08-16 04:45:20,2025-10-13 07:26:42
--,"Schwartz, Morales and Reed",India,Kolkata,Budget Hotel,4,104,Restaurant,Yeah subject skin edge yard west book writer. Exactly ground hand go.,"Beach,Museum,Park",45.529074,118.859035,http://wallace-stephens.com/,C0002124,William,Krueger,William Krueger,fischerdavid@example.net,+1-258-453-7673x990,1972-09-17,Other,Bulgaria,Varna,"09906 Amanda Cape Suite 191, Varna",GC 91381,--,Bronze,2022-11-09,True,BKG_000000075,2025-05-23,2025-09-22,2025-09-29,7,4,3,2,double,,Mobile App,Extra bed,False,,,1397.58,1225.87,88.43,1.83,246.87,   ,PayPal,Expedia,PROMO216,73.77,2025-02-22 22:56:56,2025-09-12 22:59:18,API,Confirmed,REV_00000075,2,Factor difference back discover.,"Whatever which offer media since allow prove.
Add huge process detail audience entire. Decision dream participant spring two serious.",2023-12-04,59,True,Chiang Mai,2025-10-12,Family,suite,MobileApp,2025-02-22 22:56:56,2025-09-12 22:59:18
H00119,"Taylor, Le and Brown",Norway,Bergen,Budget Hotel,2,470,"Pool,Gym,Spa",Much culture break early. Trouble player enjoy skin treat so network property.,Shopping Mall,-13.317445,-106.845696,http://smith.com/,???,   ,Klein,    Klein,brooke36@example.com,799.250.9674,1981-01-28,Other,China,Shenzhen,"191 Williams Expressway, Shenzhen",GJ 83867,de,,2024-11-01,True,BKG_000000076,2024-07-04,2025-08-30,2025-09-05,6,1,2,2,double,2,Mobile App,Late check-in,False,,,1043.45,146.58,44.65,7.44,984.26,Paid,Debit Card,Direct,PROMO630,79.12,2024-08-18 10:27:31,2025-05-04 21:31:02,SYSTEM,Confirmed,REV_00000076,1,Alone school task class.,To several four from watch suggest effort. By relationship simply consumer item produce fund. Perform section grow young interview bar.,2024-10-28,0,True,Mecca,2025-09-20,Family,double,CloudBooking,2024-08-18 10:27:31,2025-05-04 21:31:02
,Davis Inc,Thailand,chiang mai,Boutique,4,209,Restaurant,Guess allow perform base receive hope probably. Rich effect tonight free space nothing table.,"Beach,Museum,Park",-62.896325,-0.864796,http://www.oconnor.com/,C0002772,Jennifer,Bowers,Jennifer Bowers,melissapowers@example.org,(771)514-6307x36546,1947-12-29,F...,Germany,Frankfurt,"084 COLEMAN FIELD APT. 164, FRANKFURT",DX 22236,de,Bronze,2022-12-07,True,BKG_000000077,2024-05-26,2026-06-12,2026-06-14,2,4,3,0,double,3,Mobile App,Extra bed,True,2025-02-24,Payment Failed,461.36,1204.48,230.55,80.78,412.07,Failed,Debit Card,Booking.com,,102.09,2024-09-21 13:58:48,2025-04-13 02:24:26,   ,Cancelled,REV_00000077,5,Argue type center capital turn.,State page weight Democrat well drive. Pay seven type property quality build.,2025-05-15,33,True,Mexico City,2025-02-07,Couple,double,LegacySystem,2024-09-21 13:58:48,2025-04-13 02:24:26
H00495,Henry Ltd,Germany,Cologne,Resort,2,496,Free WiFi,Investment assume tax she by remain. Idea and power notice. Kitchen report exactly cold gun.,Historic Site,22.664471,178.415309,https://www.green-smith.info/,C0004313,Cynthia,Gray,Cynthia Gray,jason20@example.org,001-537-380-3741x2144,2003-06-03,F,Colombia,Bogotá,"822 Bush Locks, Bogotá",IJ 20315,fr,,2025-06-08,True,BKG_000000078,2024-07-28,2025-08-06,2025-08-12,6,2,0,2,suite,1,Agent,No requests,False,,,364.15,518.62,194.01,88.98,112.59,Paid,Debit Card,Direct,  ,5.5,2023-12-05 07:33:15,2025-08-20 08:55:07,USER,Pending,REV_00000078,1,Activity them involve common.,Church officer other deep. Father plant window whom teacher study short. Do religious lawyer clearly politics.,2025-09-14,66,False,Sofia,2025-05-02,Couple,single,APIGateway,2023-12-05 07:33:15,2025-08-20 08:55:07
H00314,"Phillips, Figueroa and Carrillo",Denmark,Copenhagen,Budget Hotel,5,29,Free WiFi,Life somebody start industry create. Drop really man. Him wife treat into community spend.,Historic Site,Ten,-43.302851,https://www.miller.com/,C0003597,Trevor,Dixon,Trevor Dixon,isabel03@example.org,+1-503-430-9973x7334,1962-08-29,F,Egypt,Sharm El Sheikh,"421 Mary Meadow Suite 847, Sharm El Sheikh",IC 48178,de,,2023-11-01,False,BKG_000000079,2025-05-18,2025-05-17,2025-05-22,5,3,0,-1,single,3,Mobile App,Extra bed,???,2025-02-25,No Show,242.98,1083.89,0,0,24.41,Paid,Cash,TravelAgency,NO_PROMO,5.93,2025-05-11 02:15:07,2025-10-12 02:14:02,AGENT,Confirmed,REV_00000079,0,Behind near identify again why.,Learn outside just tax girl. Fund drug trial beat usually model quickly.,2024-02-09,32,False,Seville,2025-02-27,Family,single,CloudBooking,2025-05-11 02:15:07,2025-10-12 02:14:02
H00100,"Brown, Smith and Patel",Indonesia,Jakarta,Luxury Hotel,3,382,Restaurant,Fact market yourself just behind. Return before car blue left.,Shopping Mall,69.43443,1.288044,https://www.byrd.com/,c0000641,Michael,Oconnor,Michael Oconnor,xwright@example.org,581.900.9084x95515,1958-08-22,M,Czech Republic,Plzen,___,LD 63876,fr,Gold,2024-02-05,False,BKG_000000080,2025-08-30,2025-03-05,2025-03-13,8,2,0,0,double,-1,Phone,,True,2025-04-08,Payment Failed,1800.85,902.57,85.35,46.62,974.08,Refunded,PayPal,Booking.com,NO_PROMO,73.39,2024-05-14 00:55:59,2024-12-02 01:15:35,API,Cancelled,REV_00000080,3,Third form off whole great across ago.,"Plan six serious if. Student speak hit song. Point way detail girl air.
Training station raise for candidate practice agency.",2025-04-27,71,False,Sharjah,,Business,suite,APIGateway,2024-05-14 00:55:59,2024-12-02 01:15:35
H00696,Morales PLC,Mexico,Puebla,Resort,2,54,Free WiFi,Protect wonder clearly their together power.,Historic Site,66.728777,-20.47253,http://mcdowell.com/,C0004122,Veronica,Reese,Veronica Reese,james35@example.net,2784953562,1953-01-24,M,Denmark,Aalborg,"333 Robert Garden, Aalborg",WZ 89737,tr,Bronze,2024-10-29,False,BKG_000000081,2025-10-24,2026-08-11,2026-08-14,3,1,2,1,single,3,Mobile App,Late check-in,False,,,597.61,1419.36,245.24,40.68,306.86,Refunded,PayPal,Booking.com,NO_PROMO,99.31,2024-07-08 14:48:53,2024-11-22 20:53:57,SYSTEM,Pending,REV_00000081,5,Among situation series when.,Build resource common our necessary. This kitchen about.,2024-06-10,31,False,Montreal,2025-08-02,Couple,single,LegacySystem,2024-07-08 14:48:53,2024-11-22 20:53:57
H00321,Juarez LLC,Slovakia,Bratislava,Luxury Hotel,1,242,Restaurant,Some paper fire. Decade factor few amount. Among into man against level sport.,Historic Site,-2.220338,81.72833,https://www.mason.com/,C0004125,John,???,,smithtroy@example.org,835-219-2558,!!1965-02-09,F,Serbia,Subotica,"18003 Theresa Vista, Subotica",TT 51498,tr,,2023-08-23,False,BKG_000000082,2024-10-16,2025-10-24,2025-10-26,2,3,3,2,single,3,Agent,Late check-in,True,2025-02-05,Customer Request,410.35,1045.19,79.34,65.78,9999,Failed,Debit Card,Airbnb,PROMO508,16.96,2025-06-14 11:09:41,2025-10-02 02:38:31,SYSTEM,Pending,REV_00000082,1,Into add approach local wait.,Memory item measure necessary course agent job. Special mouth discussion agreement.,2025-03-15,96,False,Venice,2025-07-26,Couple,suite,MobileApp,2025-06-14 11:09:41,2025-10-02 02:38:31
H00846,Schneider-Johnson,Brazil,Salvador,Luxury Hotel,5,160,"Pool,Gym,Spa",Wide experience might baby huge learn economy general. Lead blue fight inside dinner nature other.,Historic Site,54.515012,-9.96872,http://www.allen-acosta.org/...,C0004899,Natalie,Taylor,Natalie Taylor,anthony31@example.com, 848.348.4394x8170 ,1955-03-21,m,Argentina,La Plata,"347 Hall Meadows, La Plata",LU 27142,fr,Bronze,2024-11-30,True,BKG_000000083,2024-12-09,2025-04-05,2025-04-17,12,0,2,1,double,1,Phone,Extra bed,False,,,0,623.07,23.93,37.04,0,,Debit Card,Airbnb,PROMO866,0.0,2024-03-03 18:12:21,2025-10-22 14:43:14,AGENT,Confirmed,REV_00000083,2,Agency house left require area.,Job car way dream piece. For open huge sometimes consider cut.,2024-11-06,65,False,Santiago,2024-12-23,Solo,single,MobileApp,2024-03-03 18:12:21,2025-10-22 14:43:14
H00394,Moore-Nash,United States,Los Angeles,Resort,4,398,Restaurant,"Age about difficult break. Care effect current stock.
Be always subject quality.","Beach,Museum,Park",41.598944,-97.745069,https://www.delgado.info/,C0003360,Jeremy,salazar,Jeremy salazar,vickicameron@example.net,123-456-7890,1992-08-18,F,United Arab Emirates,Abu Dhabi,"018 Zachary Parkways, Abu Dhabi",SU 78824,en,Silver,2024-06-29,False,BKG_000000084,2024-03-13,!!2026-04-16,2025-01-12,2,4,0,2,suite,3,Agent,,!!True,2024-11-07,Customer Request,886.67,632.64,33.5,40.19,768.62,Refunded,PayPal,Expedia,,151.42,2025-10-01 02:54:54,2025-10-26 17:07:08,USER,Cancelled,REV_00000084,1,Just ground plant doctor floor really husband of.,Discussion throw professor political why its may. anything inside production lose network art. poor me fish respond wrong.,2025-04-29,96,False,Subotica,0000-00-00,Business,single,CloudBooking,2025-10-01 02:54:54,2025-10-26 17:07:08
H00867,Hess Group,China,Beijing,Budget Hotel,2,452,Free WiFi,Everything lay whether kid fight. Same little school who say support. Image somebody test he table.,"Beach,Museum,Park",28.907688,54.406289,http://www.phillips.biz/,C0003756,David,Lopez,David Lopez,gdiaz@example.com,+1-299-227-2981x58419,1985-04-16,F,Norway,Trondheim,"786 Christina Islands, Trondheim",KR 66299,___,Platinum,2024-04-13,False,BKG_000000085,2023-12-03,2026-06-09,2026-06-09,1,3,3,2,double,2,Web,Extra bed,True,2024-11-22  ,No Show,54.47,878.46,-1,1.46,0.68,FAILED,PayPal,Booking.com,,5.46,2024-02-29 23:47:49,2025-04-21 20:42:23  ,AGENT,Pending,REV_00000085,5,Read radio grow.,Meet positive high near represent. Hospital student support coach some be build. Citizen be board allow.,2025-03-24,2,True,Manila,2024-12-20,Business,suite,CloudBooking,2024-02-29 23:47:49,2025-04-21 20:42:23  
H00003,Bailey-Shepherd,Malaysia,Kuala Lumpur,Boutique,2,240,Free WiFi,My bank treatment war. Include yourself can while off office whom.,Shopping Mall,-26.783554,-161.431684,???,C0001822,Paige,keller,Paige keller,pjohnson@example.com,(955)797-8297x0743,1961-07-25,F,Slovakia,Kosice,"06695 Cox Keys Apt. 568, Kosice",XJ 34416,tr,Silver,2024-09-20,True,BKG_000000086,2024-09-23,2026-05-07,2026-05-16,9,-1,1,0,double,2,Phone,,True,2024-12-28,Payment Failed,900.65,99.45,262.94,38.47,642.92,Pending,Credit Card,Expedia,,96.01,2025-01-26 07:56:23,,USER,Cancelled,REV_00000086,2,Congress nice either town art change executive.,Movie artist sense be form my. Money thought film response once. Single analysis after newspaper writer sit.,2024-06-14,43,False,Funchal,2025-01-23,Family,suite,LegacySystem,2025-01-26 07:56:23,
H00257,"Snyder, Nichols and Jordan",Norway,Bergen,Boutique,3,351,Free WiFi,Left try strategy position win part.,Historic Site,35.255917,46.268541,https://cruz.com/,C0003574,Martha,Campbell,Martha Campbell,clarkmichelle@example.com,249.661.2138x675,,Other,Brazil,Brasília,"4277 Rhonda Ridge Apt. 009, Brasília",YE 60872,es,Platinum,2023-06-21,True,BKG_000000087,2024-11-27,2026-01-13,2026-01-23,10,1,1,0,double,1,AGENT,Extra bed,False,,,254.81,706.76,38.64,80.19,246.43,Paid,Credit Card,Airbnb,,29.66,2024-08-25 11:42:37,2025-06-22 20:37:48,AGENT,Pending,REV_00000087,5,West its protect difference one us.,"Policy week about. Model approach my town. Protect think white store position.
Address like grow western.",2025-08-31,83,False,Bratislava,2025-07-11,Solo,suite,APIGateway,2024-08-25 11:42:37,2025-06-22 20:37:48
H00390,Tate LLC,india,Hyderabad,Budget Hotel,3,169,Free WiFi,Adult get could throw avoid agreement. Reach firm address order week gun....,Historic Site,5.938356,55.541073,https://www.sanders.com/,C0000349,Amanda,Franklin,Amanda Franklin,lindajuarez@example.net,(541)750-5132,1992-10-15,Other,,Porto,"2345 Allison Gardens Suite 263, Porto",PF 87338,de,Platinum,2023-04-12, False ,BKG_000000088,2023-11-12,2025-11-27,2025-11-30,3,4,3,0,single,1,Phone,Extra bed,False,,,1331.83,517.14,88.04,77.13,1166.64,Refunded,Debit Card,Direct,PROMO378,6.98,2024-01-28 22:47:10,2025-02-05 14:51:29,USER,Pending,REV_00000088,1,The so know building easy per crime.,Voice own wide hear. Their special enter thought term. Less four board key whether degree.,2025-10-28,87,True,Liverpool,2025-05-18,Family,double,MobileApp,2024-01-28 22:47:10,2025-02-05 14:51:29
H00274,Davidson Group,Japan,   ,Budget Hotel,Ten,96,"Pool,Gym,Spa","Ask share ok nature.
Remember including technology. Day do from election offer direction current.",Shopping Mall,29.537923,-31.29237,https://www.ball.info/,C0003305,Heather,Ward,Heather Ward, shannonsalazar@example.com ,762-909-9421x643,02/30/2025,Other,Canada,Montreal,"9611 Lopez Squares, Montreal",ON 77106,de,,2025-06-09,True,BKG_000000089,2024-11-10,2025-05-08,2025-05-09,1,1,3,0,double,2,Agent,Extra bed,True,2025-08-18,Payment Failed,617.82,316.12,65.27,-1,491.73,Pending,Debit Card,Airbnb,PROMO189,4.63,2025-09-01 18:08:17,2025-05-15 03:24:36,API,Pending,REV_00000089,4,Decade official card success fight see budget.,Federal green current truth produce indeed myself campaign. All cause skill region simple finish. And this before hand station.,2024-05-29,62,False,Subotica,2025-08-15,Family,suite,APIGateway,2025-09-01 18:08:17,2025-05-15 03:24:36
H00203,"Olson, Mitchell and Morrison",!!Denmark,Aarhus,Business Hotel,,396,Free WiFi,Especially safe success none event. Onto away experience issue. Human point great put on.,Historic Site,-33.573168,-102.955743,https://www.smith-garcia.org/,C0000307,Dalton,Shaw...,Dalton Shaw...,xlambert@example.org,001-887-794-8949x715,1964-12-29,M,Australia,Brisbane,"749 Smith Road Apt. 632, Brisbane",VU 68708,fr,,2023-07-19,True,BKG_000000090,2024-03-29,2024-12-16,2024-12-22,6,1,2,1,single,2,Agent,No requests,False,,,1740.29,1472.64,210.58,63.68,,Failed,PayPal,Booking.com,PROMO657,155.2,2025-10-20 11:55:32,2024-12-01 20:36:12,API,Pending,REV_00000090,4,Move couple hospital expert popular note example.,Program answer peace account explain value. Free let any religious material soon.,2024-12-30,66,False,Cairo,2025-04-01,Family,double,,2025-10-20 11:55:32,2024-12-01 20:36:12
H00133,"Pena, Craig and Hernandez",Serbia,Belgrade,Business Hotel,2,32,Free WiFi,Art name civil a result five. Theory way statement. Even art break.,"Beach,Museum,Park",84.434256,146.969016,http://www.dunn.com/,C0001370,Jennifer,Williams,Jennifer Williams,gonzalezjason@example.com,001-244-297-0172,2004-02-26,F,Philippines,Davao,"03299 Wright Stravenue, Davao",UA 34589,de,Gold,2023-10-28,False,BKG_000000091,2025-07-23,2026-05-18,2026-05-20,2,2,1,0,suite,1,Phone,,False,,,1360.2,45.23,296.3,59.77,894.55,Paid,Credit Card,Direct,,20.39,2025-08-31 12:07:30,2025-04-08 23:57:20,SYSTEM,Pending,REV_00000091,2,Boy phone film during respond within.,Open ball your stage price message reach economic. Media election ready before listen could.,2023-12-26,14,False,Aalborg,2025-01-13,Couple,double,MobileApp,2025-08-31 12:07:30,2025-04-08 23:57:20
H00527,"Johns, Chan and Flores",Japan,Osaka,,4,48,Free WiFi,"Check want piece travel after. Federal thing perform condition.
Remember again fly leader.","Beach,Museum,Park",-24.15599,87.459329,https://www.carpenter-wells.biz/,C0001386,Jacob,Smith,Jacob Smith,dawn33@example.com,001-366-791-0682x8917,1990-09-11,F,Slovakia,Kosice,"0343 James Course, Kosice",KV 17680,de,Platinum,2023-12-16,True,BKG_000000092,2023-12-15,2026-03-25,2026-03-29,4,1,3,1,single,1,Web,No requests,True,2025-02-17,Payment Failed,571.03,36.14,235.0,90.17,482.6,FAILED,Credit Card,Expedia,NO_PROMO,96.06,2025-03-04 07:09:27,2025-07-08 00:13:44,API,Confirmed,REV_00000092,3,Seven knowledge wife teacher budget him quite.,Group community staff later. Measure in mother simply top now set.,2025-05-28,35,False,Beijing,2025-04-21,Couple,double,APIGateway,2025-03-04 07:09:27,2025-07-08 00:13:44
H00593,"King, English and Graves",Switzerland,Bern,Business Hotel,5,419,"Pool,Gym,Spa",Father professional film I. See chance wrong. Else opportunity oil.,Historic Site,-3.70139,-102.863333,___,C0001823,Aaron,Brown,Aaron Brown,hgray@example.com,243-277-0006,1972-10-18,Other,Egypt,Sharm El Sheikh,"0708 Jennifer Rest Apt. 374, Sharm El Sheikh",BT 98440,tr,Silver,2022-12-28,!!False,BKG_000000093,2024-10-18,2026-06-19,2026-06-25,6,4,1,2,suite,3,Web,Late check-in,False,,,1599.27,1371.51,66.24,87.26,929.69,Pending,Cash,TravelAgency,--,199.49,2025-01-30 22:48:44,2025-01-10 05:19:56,SYSTEM,Confirmed,REV_00000093,4,Go per piece note.,"Various possible child live peace school. Line early check hard concern.
Machine southern rise argue. Administration cause glass win doctor rich the.",2025-04-22,Ten,True,Shenzhen,2025-06-27,Couple,double,APIGateway,2025-01-30 22:48:44,2025-01-10 05:19:56
H00496,Miles-Best,Morocco,Casablanca,Resort,1,365,Restaurant,Story light item serious call relationship. Accept wait memory activity he those.,Shopping Mall,47.601048,-175.696039,http://www.vasquez.com/,C0000774,Matthew,Blake,Matthew Blake,nicholassmall@example.org,+1-544-984-0703,1983-10-13,M,Netherlands,Eindhoven,"5520 Jason Streets Apt. 482, Eindhoven",PJ 48356,de,Silver,2025-02-27,True,BKG_000000094,2023-12-05,2026-06-25,2026-06-29,4,3,1,1,double,3,Web,No requests,True,!!2025-09-08,,1936.29,Ten,168.99,13.52,,Pending,Cash,TravelAgency,PROMO109,Ten,2025-01-16 17:31:58,2024-12-04 11:04:46,SYSTEM,Cancelled,REV_00000094,1,Least kind teacher at instead.,Whom consumer least author poor star there. Tree physical but theory prevent speech have. Seem these campaign clearly.,2023-13-01,13,False,Toronto,2025-01-11,Couple,double,APIGateway,2025-01-16 17:31:58,2024-12-04 11:04:46
H00286,Ortega Inc,Austria,Salzburg,Business Hotel,3,123,Free WiFi,Again camera admit idea question call own build. Decade she right beat short.,,-84.500827,105.163824,https://www.good.com/,C0002866,Kimberly,Hodges,Kimberly Hodges, sabrinafranklin@example.net ,460-220-2887,1977-03-05,Other,Germany,Berlin,"17086 Lane Drive Suite 645, Berlin",OW 38262,tr,--,2023-02-13,True,BKG_000000095,2024-03-03,2024-11-10,2024-11-15,5,1,1,0,double,1,Mobile App,Late check-in,True,2025-05-29,,946.15,1288.9,209.54,14.12,570.84,Pending,PayPal,Expedia,NO_PROMO,11.14,2024-03-24 23:46:10,2025-09-06 10:26:11,AGENT,Pending,REV_00000095,1,White hundred where everything assume ground project.,"Nearly focus certainly sing kitchen draw.
Method strategy company begin space. Determine financial professional figure.",2025-03-27,77,False,Prague,2025-08-26,Couple,suite,LegacySystem,2024-03-24 23:46:10,2025-09-06 10:26:11
H00997,Phelps PLC,Germany,Berlin,Budget Hotel,3,30,Restaurant,Hit again people listen teacher admit easy.,Historic Site,59.027133,-58.475923,http://www.browning.org/,--,Sheena,Kelly,Sheena Kelly,christina77@example.com,(602)943-6897,1960-04-06,F,Romania,Timisoara,"978 Perez Mission Suite 663, Timisoara",BI 11030...,fr,Bronze,2023-01-16,True,BKG_000000096,2024-10-19,2026-08-28,0000-00-00,12,,0,2,single,3,Web,Late check-in,True,2024-11-27,No Show,969.34,569.04,218.8,50.07,694.2,Pending,Credit Card,Expedia,NO_PROMO,139.11,2024-05-30 06:50:41,2025-10-27 19:05:23,USER,Cancelled,REV_00000096,5,Bank debate onto as door night us.,"Yet weight imagine chance reach black. You entire bag voice source.
Board mouth true relate may develop. Late tonight find ready laugh.",2024-02-07,87,False,Vancouver,,Couple,double,CloudBooking,2024-05-30 06:50:41,2025-10-27 19:05:23
H00789,"Fuller, Gonzalez and Porter",Vietnam,Da Nang,Luxury Hotel,1,245,"Pool,Gym,Spa",Garden minute bad expect.,Shopping Mall,-59.866911,-140.642234,https://www.hernandez.net/,C0000517,Anne,Walker,Anne Walker,frances69@example.com,(579)993-5446x476,1983-11-02,M,Norway,Tromsø,"052 West Estates, Tromsø",TV 75020,tr,,2025-08-16,True,BKG_000000097,2025-04-28,2026-07-24,2026-08-03,10,1,2,2,single,2,Phone,No requests,False,,,857.6,879.0,275.94,55.73,170.18,Paid,PayPal,Expedia,NO_PROMO,128.46,2024-08-28 08:23:40,2024-12-08 05:39:08,USER,Pending,REV_00000097,1,Future surface best home prepare.,"Past note attorney time him deep your. Statement season toward exactly card my.
Maintain beyond international second degree. Relate sometimes lot.",2024-12-23,6,False,Split,2024-12-23,Couple,suite,CloudBooking,2024-08-28 08:23:40,2024-12-08 05:39:08
H00034,"Hill, Cameron and Butler",Chile,Concepción,Budget Hotel,1,275,Free WiFi,Avoid free per. Claim some treatment bring popular attention.,Historic Site,-49.410578,0,https://www.myers-brown.com/,C0000692,Ashley,MENDEZ,Ashley MENDEZ,!!amybrown@example.net,804-347-1246x89883,1985-10-05,Other,Brazil,   ,"11824 Zachary Via Suite 560, Belo Horizonte",AD 43796,es,Gold,2024-12-24,True,BKG_000000098,2024-11-09,2024-11-17,2024-11-30,13,4,3,2,single,1,Web,???,True,2025-06-08,Hotel Closed,1356.38,758.31,269.09,72.42,237.56,Refunded,Credit Card, TravelAgency ,PROMO214,13.19,2025-02-09 12:50:45,2025-03-21 23:28:16,USER,Cancelled,REV_00000098,3,Financial eye home bit daughter meet.,Learn process realize occur short. Might term democratic nearly group.,2024-06-28,81,True,Braga,2024-11-03,Couple,suite,MobileApp,2025-02-09 12:50:45,2025-03-21 23:28:16
H00743,Brown Ltd,Sweden,Gothenburg,Boutique,5,136,Restaurant,Enjoy site ground sing article society. Question college government clear read score.,"Beach,Museum,Park",-34.990576,-8.649929,http://marks-wade.net/,C0002301,David,Miller,David Miller,brownemily@example.net,+1-775-747-6192x256,1958-10-14,Other,Greece,Rhodes,"680 William Gateway, Rhodes",VJ 32156,En,Silver,2024-05-11,False,BKG_000000099,2025-02-04,2026-06-19,2026-06-29,10,2,3,1,double,2,Agent,Late check-in,True,2025-08-22,No Show,9999,1199.7,262.9,34.71,5639.61,Refunded,Credit Card,Direct,PROMO534,154.47,2024-09-29 15:02:13,2025-08-18 02:26:52,AGENT,Confirmed,REV_00000099,5,Court hour certain professional.,Also lawyer well statement market attack. Teach community do find travel its plant. Available month among leader question.,2025-06-09,22,True,Christchurch,2025-01-26,Business,suite,LegacySystem,2024-09-29 15:02:13,2025-08-18 02:26:52
H00797,Campbell PLC,Peru,Arequipa,Resort,5,172,Free WiFi,White wind man true. Worker north doctor glass approach blood. Simply first individual catch.,   ,34.52686,96.967547,HTTP://KANE.NET/,C0004888,Karen,Jenkins,Karen Jenkins,qreyes@example.org,(688)993-8547x064,1988-01-09,M,China,Shenzhen,"48873 Farley Stravenue Suite 807, Shenzhen",PA 72628,en,,2024-04-22,False,BKG_000000100,2024-01-19,2025-02-04,2025-02-05,1,2,1,2,suite,2,Phone,,True,2024-11-23,Hotel Closed,131.55,676.94,288.32,31.39,69.51,Failed,Debit Card,Expedia,NO_PROMO,23.54,2024-11-23 19:56:24,2025-05-18 01:35:20,AGENT,Pending,REV_00000100,2,Lose big agreement else sure property PM indeed.,Door talk difficult similar view treatment few believe.,2024-08-24,2,False,Port Elizabeth,2025-04-26,Leisure,suite,CloudBooking,2024-11-23 19:56:24,2025-05-18 01:35:20
H00216,"Adkins, Velez and Adams",Australia,Perth,   ,1,0,"Pool,Gym,Spa",We chance near form. Consider even own never unit way able. Especially range deep wall.,"Beach,Museum,Park",25.708015,75.228804,https://www.rasmussen-solomon.com/,C0001495,Charles,Robles,Charles Robles,tyler10@example.org,728-909-8818x7411,1986-02-23,M,Morocco,Marrakesh,"470 Paige View Suite 051, Marrakesh",RE 84035,de,Platinum,2024-07-19,False,BKG_000000101,2024-02-11  ,2025-03-26,2025-04-02,7,4,0,2,suite,1,Web,No requests,True,2025-02-18,Hotel Closed,1317.23,283.62,266.28,19.35,1313.96,Refunded,Credit Card,Expedia,,162.73,2024-08-07 22:13:37,2025-01-13 05:13:02, API ,Pending,REV_00000101,3,Eight report word alone interest college some.,"Community third onto beyond surface include exist.
Military point hard rest year. Bed bag dog ball create someone. Identify discuss produce.",2024-09-16,19,True,Trondheim,2025-08-31,Leisure,!!double,CloudBooking,2024-08-07 22:13:37,2025-01-13 05:13:02
H00847,Ramos-Ross,Philippines,Cebu,City Hotel,2,33,,Most local capital woman begin director. Stage determine save big almost.,Shopping Mall,21.013953,36.983269, https://www.carter-porter.org/ ,C0001286,Lucas,Smith,Lucas Smith,michellemccarthy@example.net,+1-683-385-3183x53283,1993-11-12,Other,Colombia,Cali,"64142 Myers Rest, Cali",YJ 87843,en,Silver,2024-08-01,False...,BKG_000000102,2025-02-22,2026-08-26,2026-08-27,1,1,2,0,suite,1,Phone,No requests,True,2025-06-14,Hotel Closed,1552.32,1341.72,100.55,91.74,1034.92,Pending,Debit Card,Expedia,Promo703,21.53,2025-07-08 04:11:21  ,2025-09-29 17:37:02,___,Pending,REV_00000102,5,Bed expert own happen war.,"Ago mouth report side over.
Piece size high. Before report all stand score know continue.",2025-09-28,8,False,Ostrava,2025-07-03,Solo,suite,APIGateway...,2025-07-08 04:11:21  ,2025-09-29 17:37:02
H00354,Brown Ltd,ROMANIA,Cluj-Napoca,Luxury Hotel,4,199,Free WiFi,Apply full maybe image to available. Good finally pay history half we.,Historic Site,60.237047,-124.256208,--,C0003266,Elizabeth,Wagner,Elizabeth Wagner,@gmail.com,8152620541,"Jan 32, 2025",F,Austria,Vienna,"7822 Wilcox Place Apt. 844, Vienna",II 70574,fr,Silver,2024-07-16,True,BKG_000000103,2023-12-21,2026-01-05,2026-01-11,6,2,3,0,suite,1,Agent,,False,,,1020.19,1083.26,31.52,59.2,137.45,Refunded,PayPal,Booking.com,PROMO141,8.87,2024-02-01 22:36:26,2023-13-01,SYSTEM,Cancelled,REV_00000103,2,Including central past raise audience.,"Attack behavior few.
Condition million actually mean seem. One our measure TV pull.",2025-08-15,69,True,New York,!!2024-12-31,Leisure,suite,APIGateway,2024-02-01 22:36:26,2023-13-01
H00754,"Smith, Cooke and Russell",Slovakia,Nitra,City Hotel,2,129,Free WiFi,Down choose successful pattern education nice. Green eat local memory.,Historic Site,Five,-18.505792,https://www.robinson.com/,C0002517,Tyler,Moore,Tyler Moore,lisa90@example.net,+1-396-925-1520x03845,1960-02-18,Other,South Africa,Cape Town,"987 Reginald Station, Cape Town",TL 10884,fr,Platinum,2023-04-01,True,BKG_000000104,2024-03-19,2025-10-13,2025-10-18,5,3,1,1,double,3,mobile app,Extra bed,False,,,749.66,854.21,251.1,69.6,220.24,Failed,Debit Card,Direct,PROMO112,37.5,!!2023-11-06 01:32:08,2025-09-23 12:19:55,API,Confirmed,REV_00000104,2,According part paper truth available section serve.,   ,2024-05-26,35,True,Singapore,2025-01-27,Family,single,APIGateway,!!2023-11-06 01:32:08,2025-09-23 12:19:55
H00002,Dickson Group,Colombia,Medellín,City Hotel,4,403,"Pool,Gym,Spa",Strong hold evening provide coach government same. Reveal follow better economic.,Historic Site,29.137461,70.164854,https://sullivan-glover.org/,C0000164,Stephanie,   ,Stephanie    ,denisemendez@example.net,621.323.3037,1987-07-09,M,India,Mumbai,"571 Gonzalez Cove Suite 491, Mumbai",OL 49540,En,Bronze,2023-04-06,False,BKG_000000105,02/30/2025,2025-08-21,2025-08-30,9,4,1,2,single,1,Phone,Late check-in,False,,,1941.63,1137.75,89.69,25.28,1758.05,Refunded,Cash,Booking.com,NO_PROMO,196.01,,2025-06-11 11:42:54,USER,Pending,REV_00000105,3,Receive economy floor effort key citizen.,"Argue cover from rise goal. Contain not let career lead.
Million play turn drive law enter hour. Fear trouble author take agree add.",2024-08-25,25,False,Da Nang,2025-08-08,Business,double,LegacySystem,,2025-06-11 11:42:54
H00133,,Slovakia,Nitra,Budget Hotel,1,413,Restaurant,Need event develop anything matter physical.,Historic Site,-10.417813,154.151927,https://strickland.com/,C0003201,Andre,Christensen,Andre Christensen,hbaker@example.com,675-539-9598x90430,1982-05-09,F,Thailand,Pattaya,"244 Ronald Key, Pattaya",BW 75685,tr,--,2023-04-20,False,BKG_000000106,2025-10-30,2026-08-25,2026-08-29,4,1,2,2,suite,2,Phone,No requests,False,,,1739.48,545.99,246.08,21.82,1061.21,Paid,Cash,Booking.com,NO_PROMO,-1,2024-09-09 21:54:00,2024-11-09 04:08:50,SYSTEM,Pending,REV_00000106,1,Network rather air free attorney.,Here computer store street. Maintain approach special size dream. Method left pay stage nature either.,2025-04-29,8,False,Bangkok,2024-12-14,Leisure,suite,MobileApp,2024-09-09 21:54:00,2024-11-09 04:08:50
H00272, Silva-Peterson ,Argentina,Rosario,resort,2,142,"Pool,Gym,Spa",Message fall how ability. Value garden base theory. If director tough.,Shopping Mall,81.932393,29.940582,https://www.berry.com/,C0004398,Zachary,Hayden,Zachary Hayden,smithjacob@example.net,874.587.1466x588,1964-08-09,Other,Switzerland,Geneva,"3945 Stein Landing, Geneva",LQ 65818,fr,,2025-05-01,True,BKG_000000107,2024-01-16,2026-10-16,2026-10-28,12,1,2,2,suite,1,Agent,Extra bed,False,,,411.16,177.2,173.09,55.43,205.85,Paid,Credit Card,TravelAgency,,154.64,2025-04-07 10:44:07,2025-08-15 23:30:51,AGENT,Cancelled,REV_00000107,4,Admit oil special put animal one.,Right fact employee. Unit pull meet stock. Build management fill its store would we.,2024-05-28,5,True,Arequipa,2025-03-24,Couple,suite,CloudBooking,2025-04-07 10:44:07,2025-08-15 23:30:51
H00778,Kennedy-Fuentes,Egypt,Luxor,Boutique,5,226,Restaurant,"President across business. According hold deep all ago.
Positive special consider energy film hold.","Beach,Museum,Park",28.369495,-2.49938,http://www.stephenson-mahoney.info/,,   ,Torres,    Torres,ojames@example.org,(538)816-7382x3143,1992-06-11,F,Chile,Concepción,"88474 Chase Fort, Concepción",HD 64870,fr,,2025-08-08,False,BKG_000000108,2024-03-10,2025-10-31,2025-11-04,4,4,2,0,suite,1,___,Late check-in,False,,,1450.08,820.33,151.76,87.64,1005.3,Refunded,PayPal,Direct,PROMO725,39.24,2025-05-29 01:39:55,2025-07-06 06:37:47,SYSTEM,Cancelled,REV_00000108,2,Language shoulder yard natural five decade.,Line first main learn. Prepare prevent assume chance.,2024-12-07,86,False,Malmö,2025-05-15,Family,single,LegacySystem,2025-05-29 01:39:55,2025-07-06 06:37:47
H00499,"Smith, Hammond and Cunningham",Finland,Turku,Boutique,2,169,Free WiFi,Of why long. Once tonight position. Road else whatever.,Shopping Mall,-55.707362,94.112648,https://www.nunez.com/,C0004578,Joshua,Johnson,Joshua Johnson,jchristensen@example.net,962-364-1359,1945-09-02,F,Japan,Osaka,"549 Garcia Drive Suite 233, Osaka",SE 77347,en,Bronze,2025-06-03,True,BKG_000000109,2024-09-13,2026-05-23,2026-05-26,3,0,2,2,double,3,Web,,False,,,1198.45,1031.38,293.14,37.89,566.79,Pending,Credit Card,Expedia,PROMO403,85.41,2025-05-07 23:36:16,2025-07-20 20:03:05,USER,Pending,REV_00000109,3,Personal perform citizen scene them cold about deal.,"Lay cold case involve determine share.
Find three deal hand sense. Reason car fill last rest hair culture. Difficult current community throw poor.",2025-10-05,32,True,Budapest,2025-01-30,Solo,double,CloudBooking,2025-05-07 23:36:16,2025-07-20 20:03:05
H00660,"Buckley, Hill and Turner",New Zealand,,Budget Hotel,5,220,"Pool,Gym,Spa",High institution manage go whatever claim event.,"Beach,Museum,Park",-25.707713,34.773747,http://www.mendoza.com/,   ,Megan,Best,Megan Best,goodmanshannon@example.net,733.333.0609,2003-02-12,Other,Brazil,Belo Horizonte,"216 Kelly Locks, Belo Horizonte",PA 96434,tr,Gold,2025-09-08,False,BKG_000000110,2024-04-17,2025-02-14,2025-02-21,7,2,2,0,suite,2,Phone,   ,True,2024-12-13,!!,1566.55,643.57,210.14,96.22,1347.17,Pending,Cash,Airbnb,PROMO483,198.12,2025-04-17 00:55:29,2025-05-25 11:55:04,SYSTEM,Confirmed,REV_00000110,4,Though until why apply certain even.,Probably school debate election scene. Many cup training high direction carry food soldier.,2024-08-26,12,True,Valencia,2025-05-25,Business,double,CloudBooking,2025-04-17 00:55:29,2025-05-25 11:55:04
H00746,,Indonesia,Surabaya,Resort,4,97,Restaurant,Government stage soldier. Sort help quality. Mission me say region then enter instead.,Historic Site,73.527512,35.292137,http://www.hobbs-wade.org/,C0004121,Kristen,Pope,Kristen Pope,tina32@example.com,8077042390,1981-08-27,M,Mexico,Cancún,"796 Johnson Extensions Apt. 608, Cancún",SS 86902,tr,Gold,2025-01-14,True...,BKG_000000111,2024-10-02,2024-11-02,2024-11-11,9,2,0,1,single,3,Web,Late check-in,True,2025-06-25,Hotel Closed,1208.91,97.8,171.57,28.05,292.3,Pending,Credit Card,Expedia,PROMO519,127.91,2024-09-21 20:59:24,2024-12-31 13:38:09,AGENT,Cancelled,REV_00000111,5,Bad really protect become enjoy....,Husband fund challenge. Direction open age one public. Maybe policy them would.,2025-05-11,70,True,Malacca,2025-06-11,Family,suite,APIGateway,2024-09-21 20:59:24,2024-12-31 13:38:09
H00666,"Gonzalez, Gutierrez and Morales",Netherlands,Eindhoven,Resort,1,217,Restaurant,American against drive. Issue benefit ability wonder billion appear miss.,Historic Site,-17.464552,171.070311,http://adams-davis.com/,C0004603,___,   ,___    ,angelahardy@example.com,(218)731-4846,,Other,Mexico,Monterrey,"88211 Pope Bridge Apt. 360, Monterrey",JQ 50815,en,Bronze,,False,BKG_000000112,2023-12-23,2025-10-07,2025-10-11,4,2,1,1,single,3,Web,Late check-in,False,,,516.47,1336.65,91.1,75.61,52.13,Paid,Debit Card,Direct,PROMO531,28.95,2024-02-14 20:04:11,2025-10-19 19:36:34,AGENT,Pending,REV_00000112,1,Rather age across.,Seven read field these military military note. Shoulder site want accept we. Home health central whole nice.,2024-03-17,46,False,Hamburg,2025-03-17,Business,suite,APIGateway,2024-02-14 20:04:11,2025-10-19 19:36:34
H00257,"Alvarado, Hughes and Reyes",Peru,Cusco,Business Hotel,,163,Restaurant,Glass pick drug state recent. Then point whose seat certainly.,Historic Site,56.433389,,https://farmer.net/,C0001158,Kaitlyn,White,Kaitlyn White,garciakathleen@example.com,(284)226-4346,1981-09-05,M,Malaysia,Malacca,--,UN 41123,de,Silver,2023-08-18,False,BKG_000000113,2023-11-02,2026-03-13,2026-03-16,3,3,2,2,single,3,Mobile App,,True,2025-01-24,,645.17,667.54,30.59,86.99,60.7,Pending,Credit Card,Expedia,,22.82,2024-05-09 07:09:59,2025-01-26 13:04:48,USER,Confirmed,REV_00000113,2,Agreement management share.,Have receive our method. Suggest world under certainly hard democratic use street. Night ability walk treatment money.,2024-03-17,30,False,Chicago,2025-03-12,Business,suite,APIGateway,2024-05-09 07:09:59,2025-01-26 13:04:48
H00428,Murphy-Crane,Spain,Bilbao,Business Hotel,2,150,Free WiFi,Effort plant itself protect budget American population newspaper.,,-61.041085,142.888255,https://kramer.com/,C0000833,Clifford,Shea,Clifford Shea,lewisbilly@example.com,806-475-9334x688,"Jan 32, 2025",Other,Ireland,Galway,"13519 Michael Corners Suite 413, Galway",OS 82767,fr,Bronze,2024-04-20,True,BKG_000000114,,2025-01-06,2025-01-08,2,3,2,0,single,2,Agent,No requests,True,2025-02-10,,899.29,597.4,95.67,10.84,873.35,,Debit Card,Direct,PROMO488,63.05,2024-10-06 10:04:04,2025-07-13 04:31:58,SYSTEM,Cancelled,REV_00000114,5,Star party move poor eye put girl hit.,Person worker matter within position property condition. All huge before spend other simply.,2024-04-03,69,True,Luxor,2024-12-08,Family,suite,LegacySystem,2024-10-06 10:04:04,2025-07-13 04:31:58
H00926,Kent-Ware,Bulgaria,Plovdiv,City Hotel,1,Ten,"Pool,Gym,Spa",Agreement minute summer. Just pretty federal.,Historic Site,85.060214,170.246157,http://www.snow.com/,C0000155,Megan,Villanueva,Megan Villanueva,robert13@example.com,287.547.6009x955,1956-04-19,F,Spain,Granada,"13673 Woods Manor Suite 524, Granada",LQ 21515,fr,Silver,2023-11-16,False,BKG_000000115,2023-11-27,2025-09-06,2025-09-18,12,4,3,0,double,3,Mobile App,No requests,True,2025-01-31,Payment Failed,877.23,261.65,186.23,69.98,157.15,!!Refunded,Debit Card,Direct,PROMO744,168.33,2024-08-30 11:13:02,2025-10-20 00:52:32,USER,Pending,REV_00000115,2,Floor firm music positive safe vote page.,Enter vote away. Art for opportunity run foot size watch. Sister discover carry pattern level break.,2024-04-26,86,False,Casablanca,2025-08-05,Solo,double,MobileApp,2024-08-30 11:13:02,2025-10-20 00:52:32
H00486,Valencia-Rodriguez,United Arab Emirates,,Luxury Hotel,4,136,"Pool,Gym,Spa",Admit inside cause try whom available. Little morning forward space final catch argue of.,Historic Site,-7.693594,35.461632,https://wilson.com/,C0004132,Sarah,Jackson,Sarah Jackson,tlynch@example.com,001-234-700-2594,1968-09-11,F,Bulgaria,Sofia,"644 Denise Port Apt. 047, Sofia",WD 34187,es,Platinum,2025-08-11,False,BKG_000000116,2025-10-04,2026-08-26,2026-08-29,3,2,3,1,single,2,Mobile App,No requests,True,2025-08-21,Payment Failed,681.49,1134.95,56.38,94.0,535.0,Failed,Credit Card,Expedia,,37.96,2025-08-31 09:36:17,2025-09-25 16:17:31,SYSTEM,Pending,REV_00000116,5,Probably very section strong concern.,Boy state occur man strategy culture in. Push agreement join character administration through.,2024-02-02,99,False,Bogotá,2025-03-26,Leisure,double,APIGateway,2025-08-31 09:36:17,2025-09-25 16:17:31
H00521,"Farmer, Quinn and Meyer",Sweden,Uppsala,Resort,4,485,Restaurant,Seem appear left rock whole human. Soldier strong yeah assume.,Shopping Mall,-3.193132,106.046747,--,C0000032,Heidi,Patrick,Heidi Patrick,sara28@example.com,943-955-4275x5723,1950-05-31,M,Turkey,Bursa,"8105 Garcia Flats, Bursa",VI 36650,en,Platinum,2025-08-30,True,BKG_000000117,2025-06-18,2026-06-21,2026-07-03,12,1,0,0,suite,1,Phone,No requests,False,,,720.7,558.17,161.55,99.49,289.48,Pending,PayPal,TravelAgency,,181.33,2025-06-14 15:28:04,2025-08-17 06:43:09,AGENT,Cancelled,REV_00000117,5,Rich young pay direction shake matter ball.,"Peace collection eight campaign pass then.
Around edge nation behind office. Pass source seek.",2025-05-30,59,True,Brno,2025-01-17,Business,suite...,LegacySystem,2025-06-14 15:28:04,2025-08-17 06:43:09
H00263,Smith LLC,!!Norway,Oslo,Budget Hotel,1,492,Free WiFi,Dog friend into top item west. Road instead final street heavy into beyond wall.,Historic Site,-69.50683,-71.138885,   ,C0003661,???,Coleman,??? Coleman...,davidbradford@example.org,545-888-3316x982,1996-04-26,F,New Zealand,Christchurch,"2369 Kaiser Crescent Apt. 423, Christchurch",SY 73425,tr,,2024-05-22,True,BKG_000000118,2025-05-02,2026-03-29,2026-04-08,10,4,2,2,single,1,Phone,--,False,,,855.32,164.3,168.9,2.9,232.61,Refunded,Credit Card,Airbnb,NO_PROMO,132.76,2025-10-11 06:04:37,2025-09-15 04:22:53,API,Confirmed,REV_00000118,4,Discover fly material table according.,Design fall mouth pay down total such. Week own structure others. Involve music reflect.,2024-11-27,11,False,Seoul,0000-00-00,Solo,suite,CloudBooking,2025-10-11 06:04:37,2025-09-15 04:22:53
H00766,"Pope, Thompson and Garcia",Egypt,Sharm El Sheikh,Boutique,3,314,Free WiFi,About window bar research enter. Loss sign sister eye. Occur meeting ready song.,Historic Site,23.503722,-165.312982,http://wallace-williams.com/,C0002400,Paul,Little,Paul Little,kelly01@example.net,001-809-231-7073x1770,1945-09-28,M,Nigeria,Kano,"446 Turner Branch Apt. 282, Kano",EI 82538,de,Platinum,2024-05-29,,BKG_000000119,2025-04-20,2025-10-06,2025-10-07,1,3,3,1,single,1,Mobile App,Late check-in,False,,,1306.44,894.07,257.84,96.43,798.65,Refunded,Paypal,Direct,NO_PROMO,38.17,"Jan 32, 2025",2025-01-07 00:31:21,AGENT,Pending,REV_00000119,5,Staff herself chair.,Politics entire year movie animal travel family body. Sign successful case receive tax enough book.,2024-11-27,1,True,Auckland,2025-07-17,Couple,single,APIGateway,"Jan 32, 2025",2025-01-07 00:31:21
H00798,Bonilla Inc,Philippines,Cebu,Budget Hotel,5,232,Restaurant,Cut test thousand.,"Beach,Museum,Park",13.207638,142.249453,https://www.petersen.net/,C0004480,Sharon,Bridges,Sharon Bridges,thomas42@example.org,(983)708-3513x481,1958-10-09,M,Peru,Cusco,"922 Davis Extension, Cusco",HD 51183,de,Bronze,2023-11-26,True,BKG_000000120,2023-11-30,2025-08-22,2025-08-27,5,2,3,2,double,1,--,No requests,True,2025-04-05,No Show,62.34,527.56,89.39,11.06,10.74,Paid,Debit Card,Direct,,60.01,2024-08-17 09:43:37,2025-10-09 09:27:40,USER,Confirmed,REV_00000120,3,Feel most state.,"Former tough available name Congress must. Measure remember sing information several civil rule.
Stop page nice floor hand world.",2025-02-10,43,False,Guadalajara,2025-09-20,Family,double,CloudBooking,2024-08-17 09:43:37,2025-10-09 09:27:40
H00854,"Williams, Hudson and Odonnell",Poland,Poznan,Luxury Hotel,4,278,Free WiFi,Six attention benefit hard. Trial particular purpose out such attorney generation.,Historic Site,-3.455963,-159.63092,https://www.pena.com/,C0004064,Willie,Anderson,Willie Anderson,vincentmiller@example.org,9467065859,1975-08-14,F,Italy,Turin,"5914 Miller Plains, Turin",BT 93492,tr,Gold,2025-07-25,True,BKG_000000121,2024-03-26,2025-12-26,2025-12-27,1,2,0,1,double,1,Web,Extra bed,False,,,774.18,879.52,154.05,Ten,373.52,Failed,PayPal,Expedia,,154.1,2023-11-16 01:58:32,2025-05-07 11:09:00,USER,Confirmed,REV_00000121,2,Direction everybody require simple.,Either glass police type. Class their attack wish.,2025-07-07,97,False,Hanoi,2025-05-18,Business,double,LegacySystem,2023-11-16 01:58:32,2025-05-07 11:09:00
H00870,Ellis Ltd,Serbia,Novi Sad,City Hotel,4,100,"Pool,Gym,Spa",House animal director type size no. Save meeting office spring understand worry.,Shopping Mall,51.057677,72.645045,http://andrade-munoz.com/,,Robert,Leon,Robert Leon,rebeccaspencer@example.net,+1-516-417-6722x80525,1990-02-01,Other,Egypt,Cairo,"1628 Dylan Corners, Cairo",VZ 92031,en,Platinum,2023-11-07,True,BKG_000000122,2024-11-24,2026-01-18  ,2026-08-02,9,4,3,0,suite,2,Phone,,True,2025-10-02,No Show,891.55,508.31,136.18,28.09,735.43,Refunded,Credit Card,Direct,PROMO363,192.24,2024-08-06 17:00:54,2025-07-10 20:46:39,USER,Confirmed,REV_00000122,5,Radio decade energy.,Audience type win mission always candidate somebody.,2025-05-19,56,True,Makati,"Jan 32, 2025",Couple,double,CloudBooking,2024-08-06 17:00:54,2025-07-10 20:46:39
H00861,Hunt-Johnson,United States,   ,Budget Hotel,3,114,Restaurant,Already artist either real upon choose.,   ,-9.078651,155.770493,https://wong.com/,C0000150,Michael,Castillo,Michael Castillo,mayereric@example.net,!!654.398.5233x61212,1981-07-03,F,Hungary,Budapest,"766 Joel Station Apt. 470, Budapest",QM 49831,de,Silver,2025-03-04,False,BKG_000000123,2025-06-17,2024-12-02,2024-12-13,11,3,1,0,double,3,Mobile App,Extra bed...,False,,,1644.62,850.64,149.3,93.58,1246.62,Failed,Debit Card,Airbnb,,87.49,2024-05-19 09:10:04,2025-04-27 19:57:01,SYSTEM,Pending,REV_00000123,3,Chance foreign sit lose.,"Decade medical pass model. Machine sense front bank human set.
Well dog need these available even wide. Bring have street present.",2024-03-16,42,True,Presov,2025-07-22,Leisure,!!single,MobileApp,2024-05-19 09:10:04,2025-04-27 19:57:01
H00592,Chapman-Harris,Hungary,Debrecen,Business Hotel,3,186,"Pool,Gym,Spa",Its per cultural loss. Worker argue rate drive international environmental face.,"Beach,Museum,Park",-49.45005,160.938913,http://wood.info/,C0002696,Justin,Jones,Justin Jones,kim80@example.com,000-000-0000,1993-04-09,Other,Croatia,Rijeka,"55111 Carol Mountains Apt. 275, Rijeka",IJ 12731,fr,Silver,2024-02-10,False,BKG_000000124,2024-11-18,2025-05-04,2025-05-12,8,2,0,2,double,3,Agent,,False,,,1356.65,963.66,250.99,77.66,0,Paid...,PayPal,Booking.com,,151.86,2024-08-17 08:01:30,2025-03-03 14:34:42,API,,REV_00000124,3,Me where history.,Let into feel tonight. Resource city force customer item film.,2024-09-15,39,True,Riyadh,!!2024-12-17,Business,single,CloudBooking,2024-08-17 08:01:30,2025-03-03 14:34:42
H00424,Dunn-Avila,Australia,Melbourne,Luxury Hotel,1,361,Free WiFi,Give authority society nature thought from. Sign cultural pressure mind lawyer pattern.,Historic Site,27.078605,-69.220856,http://lane.com/,C0000456,--,Henry,-- Henry,thomas98@example.org,(561)311-9816x43589,1999-10-14,Other,Singapore,Singapore,"657 Heidi Manor Suite 716, Singapore",RY 71360,en,,2022-12-16,True,BKG_000000125,2025-08-08,2026-06-18,,6,4,3,1,single,3,--,Extra bed,False,,,1328.04,132.2,Five,-1,550.35,Pending,Debit Card,Booking.com,,20.91,2024-12-13 07:55:23,2025-04-01 00:45:25,AGENT,Confirmed,REV_00000125,4,EVERY HAPPY CUT FIGURE.,Expert his financial once. Stay much little involve.,2025-01-14,43,FALSE,Kisumu,2025-07-12,Family,single,CloudBooking,2024-12-13 07:55:23,2025-04-01 00:45:25
H00448,"Obrien, Burns and Ferguson",China,Guangzhou,City Hotel,3,320,"Pool,Gym,Spa",Force able low lose anything. Movie usually save single. Cause site structure stand.,Historic Site,28.699341,Five,http://www.rangel.com/,C0001046,Maria,???,Maria ???,valeriecunningham@example.org,(223)262-8808x3530,1968-02-08,F,South Africa,Port Elizabeth,"7980 David Lock, Port Elizabeth",SX 70487,de,,2025-01-03,False,BKG_000000126,2024-08-24,2026-02-04,2026-02-13,9,1,3,1,single,1,Web,Late check-in,True,2025-03-28,Payment Failed,1563.05,1322.97,247.97,7.35,1302.75,Refunded,Debit Card,Booking.com,NO_PROMO,Five,2025-04-24 11:55:10,2024-12-01 02:53:13,USER,Cancelled,REV_00000126,2,Lay leader share wear owner meet record long.,Campaign how when front hope. More blue ability most benefit relationship.,2023-12-12,25,False,Dubrovnik,2025-07-11,Leisure,single,LegacySystem,2025-04-24 11:55:10,2024-12-01 02:53:13
H00565,Anderson-Figueroa,Japan,Hiroshima,Business Hotel,4,275,"Pool,Gym,Spa",Pattern reason then per. Save plan that recently different spring them strong.,Shopping Mall,-84.80719,132.407891,http://shelton.com/,C0004637,Collin,Stephens,Collin Stephens,howellmark@example.net,,1993-12-12,M,Singapore,Singapore,"651 Cole Rapids, Singapore...",GC 38630,fr,Platinum,0000-00-00,True,BKG_000000127,2025-01-21,2026-07-18,2026-07-24,6,2,1,1,suite,1,Agent,,True,,No Show,967.84,389.08,254.01,12.06,510.03,Refunded,PayPal,Airbnb,NO_PROMO,158.56,2024-12-30 02:42:38,2025-05-30 17:14:50,AGENT,Pending,REV_00000127,1,Step despite she.,"Day message great second.
Value well bad value. Former increase pretty crime.
Song to medical. So benefit anyone rest. Type upon natural left.",2025-07-24,84,True,Chicago,02/30/2025,Family,single,cloudbooking,2024-12-30 02:42:38,2025-05-30 17:14:50
H00096,Kim-Yates,South Korea,Busan,Boutique,1,341,Restaurant,Past whether including fire law him remain. Wear until no total likely.,Historic Site,85.487048,90.055231,Https://www.wilson.biz/,C0002194,Michael,Blankenship,Michael Blankenship,christieruiz@example.org,001-910-818-9002x97956,2004-01-12,Other,Nigeria,Abuja,"573 Haas Trace Suite 946, Abuja",RG 75394,en,Gold,2023-06-22,True,BKG_000000128,2024-12-06,,2024-11-24,2,3,2,0,single,2,Web,Late check-in,True,2025-05-21,Hotel Closed,,833.47,70.81,41.35,0,Pending,Cash,Booking.com,,0,2024-08-05 21:37:13,2025-02-13 23:22:54,SYSTEM,Confirmed,REV_00000128,1,Small movie current television easy drop.,Front movement significant determine the no. One peace many. Attorney home hospital bed though majority together.,2023-11-11,94,True,The Hague,2025-07-17,Family,single,CloudBooking,2024-08-05 21:37:13,2025-02-13 23:22:54
H00816,Doyle and Sons, Belgium ,Ghent,Business Hotel,5,463,"Pool,Gym,Spa",Product they top anything step call. Value discuss necessary behavior worker.,Historic Site,67.280368,85.631018,https://hines-fields.com/,C0000169,Beth,Martinez,Beth Martinez,stewartnicole@example.com,001-303-490-3945x1553,1997-06-22,Other,Nigeria,Abuja,"36747 Gail Oval, Abuja",WF 87911,Tr,Bronze,2024-05-02,False,BKG_000000129,2025-08-27,2025-02-18,2025-02-23,5,3,1,2,double,3,Mobile App,No requests,True,2025-03-16,Hotel Closed,888.67,42.38,186.08,10.03,34.33,Failed,Debit Card,Direct,NO_PROMO,75.31,2025-10-15 00:09:00,2025-10-25 01:52:29,???,Cancelled,REV_00000129,5,Theory article cut usually both as approach catch.,"Watch watch field manage. For house always management. State mind maybe reach billion rate.
Down up natural. Wind top medical create three I debate.",2024-10-09,53,False,Phuket,2025-07-30,Solo,double,LegacySystem,2025-10-15 00:09:00,2025-10-25 01:52:29
H00945,Taylor PLC,United Arab Emirates...,Sharjah,City Hotel,5,272,"Pool,Gym,Spa",Air option western bit loss safe. Bar until consumer down of social beyond finish.,"Beach,Museum,Park",-61.204669,-21.188929,http://www.stevens.com/,C0004234,Angel,Lynch,Angel Lynch,test@,(244)871-8247x751,1991-11-23,F,South Korea,daegu,"97255 Richard Greens, Daegu",HY 99369,de,___,2025-08-05,False,BKG_000000130,2025-09-02,2025-07-29,2025-08-06,8,2,2,1,double,3,Phone,,False,,,181.57,1298.0,86.95,65.9,25.16,Pending,Debit Card, TravelAgency ,,75.57,2025-06-27 20:16:09,,USER,Confirmed,REV_00000130,1,See magazine big responsibility summer.,Into responsibility entire fear if into. Establish ball present run those Congress left.,2025-08-23,75,False,Vancouver,2025-01-13,Leisure,double,MobileApp,2025-06-27 20:16:09,
H00567,Byrd Inc,South Africa,DURBAN,Luxury Hotel,,382,Restaurant,Building watch miss interest. Course their travel hundred.,"Beach,Museum,Park",15.006897,-67.232771,   ,C0002666,Andrew,--,Andrew --,mhansen@example.com,696-213-1874x209,1972-11-17,F,France,Toulouse,"775 Nicole Lock Suite 790, Toulouse",RJ 21470,es,Silver,2023-12-20,True,BKG_000000131,2025-06-04,2025-04-11,2025-04-23,12,1,0,1,double,3,Web,No requests,False,,,1882.01,567.47,55.16,53.66,557.45,Paid,Credit Card,TravelAgency,PROMO372,64.23,2025-03-21 05:28:19,2024-11-20 13:52:44,API,Confirmed,REV_00000131,2,Arm now style tax.,"Girl could life mouth. Last energy exactly manage hit. Us role project sister.
Often represent wall military make. I government blue explain star.",2024-06-28,59,False,Tampere,2025-10-07,___,double,LegacySystem,2025-03-21 05:28:19,2024-11-20 13:52:44
H00746," Morrison, Roberts and Gonzalez ",New Zealand,Queenstown,Budget Hotel,5,100,"Pool,Gym,Spa",Class ten hope. Just reduce hear history stuff group. True paper less market.,Historic Site,56.515816,,http://www.bowers-ayala.com/,C0002509,Carl,Wells,Carl Wells,xestes@example.org,7837793501,1947-08-06,Other,New Zealand,Auckland,"66281 Mary Creek, Auckland",OQ 89552,fr,Bronze,2024-10-07,False,BKG_000000132,2025-01-17,2025-05-17,2025-05-17,1,3,0,2,suite,3,Web,No requests,True,2024-11-27,Hotel Closed,781.21,213.0,113.82,88.42,541.28,Refunded,PayPal,Booking.com,PROMO163,34.7,2025-10-09 02:32:49,2024-12-21 16:39:51,AGENT,Pending,REV_00000132,1,Last southern these let indeed.,Play course time. Actually even stock financial. Theory imagine open dark. Particularly actually small dog price.,2024-04-01,41,False,Christchurch,2024-11-22,Leisure,double,APIGateway,2025-10-09 02:32:49,2024-12-21 16:39:51
H00755,Savage-Reilly,Croatia,Zagreb,business hotel,2,59,Restaurant,Nation bring authority condition place shoulder leave. Give executive because himself.,Shopping Mall,19.754141,,https://barrett-lynch.com/...,C0001673,Patricia,Smith,Patricia Smith,ralphcopeland@example.net,!!+1-792-511-6709x1447,1945-10-12,M,Finland,Helsinki,"040 Andrea Ranch Apt. 805, Helsinki",--,de,,2023-10-22,False,BKG_000000133,2025-09-29,2026-08-23,2026-08-24,9999,3,1,0,double,1,Web,Late check-in,False,,,1996.87,154.08,199.3,9.1,1798.06,Pending,Cash,TravelAgency,PROMO492,147.32,2025-05-15 12:34:39,2025-06-23 17:37:52,USER,Confirmed,REV_00000133,4,Value teacher third environment detail pull.,"Early want worker cell off. Manage range to specific. Drug event trial.
Common city final within everyone sit bag. His safe he hand Mrs push season.",2024-06-29,56,True,Zagreb,2024-11-12,Business,???,LegacySystem,2025-05-15 12:34:39,2025-06-23 17:37:52
H00151,Newman Ltd,Sweden,Stockholm,Business Hotel,4,273,Restaurant,Carry service seven administration letter. Month itself still boy.,"Beach,Museum,Park",89.108409,-170.150898,http://cummings.com/,???,Natasha,Marquez,Natasha Marquez,jenkinsjessica@example.com,265-286-4751x018,1958-11-06,F,Indonesia,Bali,--,TQ 56949,fr...,Platinum,2024-07-27,False,BKG_000000134,2023-12-12,2025-12-13,2025-12-14,1,4,1,1,double,3,Mobile App, No requests ,True,2025-06-17,Payment Failed,1875.8,592.6,53.98,57.15,1364.46,Refunded,Credit Card,Direct,PROMO934,136.57,2025-07-11 07:06:50,2025-01-15 01:03:53,AGENT,Confirmed,REV_00000134,1,Serve item message director toward.,Check bill wind my quickly be tend. Career direction discuss use enough protect change.,2024-10-17,100,False,Bergen,2025-05-08,Family,single,CloudBooking,2025-07-11 07:06:50,2025-01-15 01:03:53
H00046,"Thompson, Washington and King",SLOVAKIA,bratislava,Resort,5,171,Free WiFi,Your year first home matter. After great game dream north and. Everyone term build career.,Shopping Mall,-45.030439,0,https://www.long.info/,C0004743,Ryan,Hawkins,Ryan Hawkins, claudiadunn@example.net ,(445)428-6451x826,1971-09-12,M,Indonesia,Bandung,"01274 Jefferson Groves Suite 020, Bandung",JH 20072,de,,2024-04-29,True,BKG_000000135,2025-06-03,2026-01-18,2026-01-20,2,1,0,2,double,3,Mobile App,Late check-in,False,,,1677.39,875.39,252.95,70.92,442.62,Refunded,Cash,Expedia,,104.85,2024-07-16 08:15:47,2025-07-25 12:08:30,USER,Cancelled,REV_00000135,2,Fight consider debate plan woman.,Should couple just within both former American. Capital compare street long.,2024-02-22,58,False,Burgas,2024-11-30,Leisure,double,APIGateway,2024-07-16 08:15:47,2025-07-25 12:08:30
H00369,--,Netherlands,Rotterdam,Business Hotel,2,283,"Pool,Gym,Spa",Get along cut. Focus even property discuss leader. Nation evidence according claim spend eye.,Historic Site,-14.97241,86.2182,http://www.holloway.com/,C0002071,Linda,Williams,Linda Williams,walkermartha@example.org,001-330-457-0574x34239,1986-08-10,M,Saudi Arabia,Jeddah,"72080 Wood Gateway Apt. 958, Jeddah",BN 63307,es,,2024-08-08,False,BKG_000000136,2024-05-04,2025-09-18,2025-09-21,3,3,2,1,double,3,Phone,No requests,False,,,1624.13,575.27,115.41,77.18,892.82,Failed,PayPal,Airbnb,NO_PROMO,33.54,2023-11-26 05:20:45,2025-06-19 04:58:52,USER,Confirmed,REV_00000136,2,Program rate region half theory.,Option development stand page. Nearly foreign yard play beautiful change.,2025-03-30,27,False,Tel Aviv,2025-01-31,Solo,suite,MobileApp,2023-11-26 05:20:45,2025-06-19 04:58:52
H00204,"Carson, Benjamin and Nelson",France,Marseille,Budget Hotel,1,178,Restaurant,Despite news cause focus collection. Effort east on him he trouble.,Historic Site,-24.672228,,http://www.smith.net/,C0004808,Michael,Garcia,Michael Garcia,patrick03@example.org,+1-333-538-4089,1974-03-28,F,India,Chennai,"072 John Locks, Chennai",UI 38559,tr,Silver,2025-10-16,True,BKG_000000137,2024-09-14,2024-11-06,2024-11-07,1,3,3,1,double,3,Agent,Extra bed,False,,,9999,164.88,235.48,71.96,2192.29,Paid,PayPal,Booking.com,,162.41,2023-11-03 16:32:02,2025-03-15 15:14:19,SYSTEM,Cancelled,REV_00000137,3,Occur authority necessary bit traditional into this send.,"Concern art space parent we side. Someone summer nature.
Special impact hope walk base. Ago day probably likely back wind.",02/30/2025,-1,True,Singapore,2025-03-29,Family,suite,APIGateway,2023-11-03 16:32:02,2025-03-15 15:14:19
H00456,"Romero, Willis and Estrada",Turkey,Istanbul,Business Hotel,4,68,Restaurant,Administration important majority name rock dream. Piece appear effort deal.,Historic Site,36.539041,53.508561,http://frazier-cole.com/,C0003568, Jeremiah ,Williams, Jeremiah  Williams,,2676749686,1984-06-15,F,Malaysia,Malacca,"76169 Angela Run Apt. 963, Malacca",XV 35110,en,Platinum,2025-10-15,False,BKG_000000138,2024-10-25,2026-07-23,2026-07-26,3,3,2,1,double,3,Agent,No requests,True,2025-08-22,Customer Request,1637.8,966.12,35.63,65.93,787.18,Refunded,CREDIT CARD,Expedia,PROMO454,43.37,2023-11-07 13:59:46,2025-07-21 12:51:31,SYSTEM,Confirmed,REV_00000138,3,White suffer factor add.,Point final perform beyond of best benefit. Newspaper as police history during economy early. Of artist today voice difference fall.,2025-10-18,6,False,Linköping,2025-05-16,Leisure,single,APIGateway,2023-11-07 13:59:46,2025-07-21 12:51:31
H00183,Kelly-Lowe,Canada,Quebec City,Luxury Hotel,4,201,Restaurant,Forget in establish free. Heart partner or.,"Beach,Museum,Park",-52.382586,151.375647,http://www.wang-harper.org/,C0000936,Sabrina,,Sabrina ,stacydurham@example.net,(396)780-0905x804,1970-12-30,F,Nigeria,Ibadan,"5286 Stanton Lakes, Ibadan",IK 37982,es,Gold,2024-02-04,False,BKG_000000139,2024-05-22,2024-11-04,2024-11-12,8,4,0,2,single,3,Web,,True,2025-06-26,No Show,486.32,9999,114.9,4.32,150.85,Refunded,Credit Card,Booking.com,NO_PROMO,-1,2025-02-24 03:45:38,2025-01-20 06:39:46,USER,Confirmed,REV_00000139,,From provide animal common similar form final art.,"Radio stage language we. Against mind something likely final manager that.
Seem ready population. Movie where contain glass difference cup.",2025-01-01,14,False,Prague,!!2025-08-11,Couple,single,MobileApp,2025-02-24 03:45:38,2025-01-20 06:39:46
H00774,Shelton PLC,--,Eindhoven,Resort,1,139,Free WiFi,--,"Beach,Museum,Park",-38.502621,-66.011575,https://barrett.biz/,c0000480,Willie,Foster,Willie Foster,fherrera@example.org,123-456-7890,1951-03-21,Other,Romania,Bucharest,"367 Erik Greens, Bucharest",NN 33890,fr,Silver,2025-07-21,False,BKG_000000140,2024-03-26,2026-06-24,2026-07-06,Five,3,3,2,suite,1,Mobile App,,False,,,1313.32,1059.39,177.84,87.79,126.4,Paid,Credit Card,Airbnb,,61.81,2025-04-30 11:26:38,2024-11-08 13:04:17,SYSTEM,Cancelled,REV_00000140,3,Coach size herself cause.,Fund improve of course ago image coach. Return eight teach story return western good anyone.,2025-03-30,64,False,Rosario,2025-07-11,Couple,!!double,APIGateway,2025-04-30 11:26:38,2024-11-08 13:04:17
H00846,Mccoy LLC,Bulgaria,Varna,Budget Hotel,4,208,Restaurant,Conference power training above at. Firm white parent specific analysis lay pattern.,Historic Site,-19.455628,65.154918,http://nicholson-jordan.com/,C0004536,Alexander,!!Flynn,Alexander !!Flynn,watsonrebecca@example.net,,1960-05-10,M,Belgium,Bruges,"147 Sydney Crossroad, Bruges",WL 49046,de, Gold ,2023-06-30,True,BKG_000000141,2024-05-19,2024-12-12,2024-12-17,5,1,3,1,suite,2,Mobile App,No requests,True,2025-04-06,No Show,968.32,313.33,104.13,99.72,385.0,???,PayPal,Airbnb,PROMO981,172.13,2025-02-13 08:23:33,2025-02-14 03:21:00,API,Pending,REV_00000141,1,Usually rule cell maybe collection.,"Every brother message physical wish item back century.
A everything also learn ok western glass. Stop beat well range make front sing.",2024-04-09,93,True,Nis,2025-10-08,Business,suite,MobileApp,2025-02-13 08:23:33,2025-02-14 03:21:00
H00927,"Wallace, Adams and Pope",South Africa,Durban,???,Five,307,Restaurant,I stock try management yes billion. Eight test couple space amount much meeting total.,Historic Site,18.695951,141.562531,Https://diaz-gomez.info/,C0002368,Charles,Phillips,Charles Phillips,bobbryant@example.com,398.832.0912,1983-03-24,Other,Israel,Tel Aviv,"9449 Cook Land Apt. 023, Tel Aviv",MB 55767,es,Platinum,2024-07-07,True,BKG_000000142,2025-09-21,2024-12-04,2024-12-14,10,1,0,0,double,3,Web,,False,,,1554.64,405.11,227.12,74.82,787.34,Refunded,Credit Card,TravelAgency,PROMO787,130.12,2024-03-14 11:02:35,2025-02-13 02:29:57,USER,Confirmed,REV_00000142,1,Weight kid sure blood.,His page or effort fear language set hot. Land fact spend statement back specific. Back operation Congress enough run rule without.,2024-10-10,80,True,Limerick,2025-06-07,Family,single,LegacySystem,2024-03-14 11:02:35,2025-02-13 02:29:57
H00336,"Fisher, Arroyo and Williams",,Cairo,Resort,4,276,"Pool,Gym,Spa",Baby affect if poor mean teacher too. Huge method today check total.,Shopping Mall,-30.809825,67.31642,http://www.ayala.com/,C0004972,   ,Scott,    scott,david44@example.com,778.399.6570,1964-02-02,Other,South Africa,Port Elizabeth,"49440 Murphy Heights, Port Elizabeth",KE 66982,tr,,2024-02-15,False,BKG_000000143,2025-04-18,2025-10-04,2025-10-13,9,4,1,1,suite,1,mobile app,,True,2025-06-26,Hotel Closed,296.27,425.0,175.45,50.33,226.77,Failed,PayPal,TravelAgency,,105.79,2023-11-19 20:54:31,2025-05-25 04:56:51,API,Cancelled,REV_00000143,Ten,Lead these team me writer.,Contain growth thing management quality worker beautiful. Factor away also as window Mr toward.,2025-03-15,13,False,Surabaya,2025-08-16,Solo,double,APIGateway,2023-11-19 20:54:31,2025-05-25 04:56:51
H00910,"Carter, Barrett and Gallagher",Belgium,Leuven,Budget Hotel,2,60,Free WiFi,World picture different what it carry high. Consumer box country skill use head official.,"Beach,Museum,Park",-89.35086,,https://www.hoover.biz/,C0003398,Eric,Dougherty,Eric Dougherty,mblack@example.org,836-541-2729x0100,1952-02-16,F,Kenya,Nakuru,"1399 Lawson Pass, Nakuru",RE 50758,fr,Bronze,2023-05-07,True,BKG_000000144,2024-07-28,2026-05-16,2026-05-26,10,3,3,9999,single,2,Mobile App,No requests,False,,,1415.4,651.96,254.89,12.21,91.17,Failed,Debit Card,TravelAgency,PROMO481,187.58,2024-04-07 17:14:08,2025-10-20 05:18:16,SYSTEM,Pending,REV_00000144,1,Attorney rock character mind.,Tv thank fly left. Daughter direction building push on.,2024-05-13,48,True,Athens,2025-07-17,Business,double,___,2024-04-07 17:14:08,2025-10-20 05:18:16
H00895,Flores PLC,Brazil,Belo Horizonte,Budget Hotel,5,231,Restaurant,Pick method player agent test yard maybe. Thing beyond speech although any prove.,Shopping Mall,-31.453046,-44.285006,http://www.bernard.com/,C0003059,Rose,Cunningham,Rose Cunningham,deannagilbert@example.com,+1-837-228-2165x25230,1946-10-09,M,Poland,Warsaw,"54401 Johnston Mountain Apt. 023, Warsaw",YT 25562,en,Bronze,2022-11-15,False,BKG_000000145,2023-12-18,2025-11-26,2025-12-07,11,4,0,0,double...,1,Phone,No requests,True,2025-03-28,No Show,1900.43,819.77,193.49,4.78,1814.7,Pending,Debit Card,TravelAgency,NO_PROMO,140.11,2025-10-03 21:32:05,2025-01-28 12:22:28,AGENT,Confirmed,REV_00000145,3,Herself born on old natural because minute win.,Practice city data something near.,2025-01-31,51,False,Antalya,2025-07-08,,double,APIGateway,2025-10-03 21:32:05,2025-01-28 12:22:28
H00633,Boyd-Newton,Mexico,Guadalajara,Resort,4,348,Restaurant,With law spring affect kid. Support billion plant difficult.,"Beach,Museum,Park",59.269792,-108.252772,https://baker.com/,C0004890,Sherry,   ,Sherry    ,hernandezbrandon@example.com,838.708.1099x34611,2004-05-25,M,Morocco,Rabat,"6202 Kristina Valleys Apt. 621, Rabat",BD 19957,fr,Silver,2024-12-30,False,BKG_000000146,2025-05-09,2026-02-10,2026-02-22,12,2,0,1,double,2,Agent,Late check-in,True,2025-01-25,Hotel Closed,264.05,918.42,123.7,41.72,115.46,Refunded,Cash,TravelAgency,NO_PROMO,33.71,2024-06-05 13:16:56,2024-11-21 03:02:15,API,Cancelled,REV_00000146,5,Almost knowledge hospital very none less size.,Character if feel view them gas authority. Southern perhaps with mother hand take yeah town.,2024-10-15,81,True,Los Angeles,2025-02-04,Business,single,APIGateway,2024-06-05 13:16:56,2024-11-21 03:02:15
H00119,"Bell, Mendoza and Johnson",Saudi Arabia,Medina,Budget Hotel,3,180,"Pool,Gym,Spa",Interview do industry election. Be than all season simply.,"Beach,Museum,Park",64.750282,-75.208024,https://hernandez.com/,C0004667,--,Brown,-- Brown,,(632)292-3216,1993-03-15,F,Singapore,Singapore,"3263 Eric Parkways, Singapore",EW 25323,es,Bronze,!!2024-01-22,True,BKG_000000147,2024-11-05,,2026-10-03,14,1,2,1,single,3,Mobile App,No requests,True,2025-02-12,Hotel Closed,231.59,319.9,5.08,73.47,4.3,Refunded,Cash,Expedia,,109.06,2024-04-29 14:03:16,2025-02-14 07:07:48,AGENT,Pending,REV_00000147,5,First present attention edge realize.,Present soldier mind rest.,2025-09-06,47,False,Makati,2025-09-20,Couple,single,MobileApp,2024-04-29 14:03:16,2025-02-14 07:07:48
H00900,___,Germany,Berlin,Boutique,2,268,Free WiFi,Choice culture fast head say.,Historic Site,75.178549,-116.026157,https://www.bryant-brooks.com/,C0002234,EMILY,Jones,EMILY Jones,hector93@example.net,,1970-12-18,M,Saudi Arabia,Jeddah,"342 Allen Route, Jeddah",WC 59997,de,,2024-04-27,True,BKG_000000148,2025-08-10,2025-02-17,2025-03-02,13,1,2,0,suite,2,,No requests,True,0000-00-00,,1931.36,70.84,64.65,36.87,730.51,Pending,Credit Card,Expedia,NO_PROMO,46.64,2025-08-26 00:46:48,2025-08-04 00:04:27,SYSTEM,Confirmed,REV_00000148,5,Claim fire business race but share all surface.,Resource painting coach. Public would defense culture nearly. Side mean nothing.,,40,True,Turin,2025-07-15,Solo,suite,APIGateway,2025-08-26 00:46:48,2025-08-04 00:04:27
H00134,"Valenzuela, patton and cortez",Australia,Melbourne,Resort,0,Ten,"Pool,Gym,Spa",Specific town table conference trade company. Peace theory debate.,Historic Site,-40.330798,122.415304,https://glenn.org/,C0004756,Adam,Luna,Adam Luna,@gmail.com,001-737-835-2525,1970-12-20,Other,Brazil,Salvador,"699 Daniels Spurs, Salvador",IX 58839,es,Gold,2023-10-10,True,BKG_000000149,2025-09-20,2026-09-18,2026-09-27,9,4,1,2,suite,3,Phone,,False,,,954.83,744.55,175.8,25.58,940.71,Failed,PayPal,Booking.com,PROMO228,78.65,2024-03-02 15:54:49,2024-12-31 02:12:06  ,USER,Confirmed,REV_00000149,2,Land carry who rise industry these.,Behavior role especially compare. Little likely series whose. Discuss property animal cause perhaps past wonder.,2024-10-28,71,False,Riyadh,2025-02-12,Business,single,CloudBooking,2024-03-02 15:54:49,2024-12-31 02:12:06  
H00580,"Rivera, Wu and Kirk",United States,New York,Boutique,1,87,Free WiFi,Wish factor safe politics about. Lot election relate study.,"Beach,Museum,Park",4.961412,88.001064,http://webster.org/,C0004124,???,Taylor,??? Taylor,omarsimmons@example.org,001-890-274-7033,1986-11-26,M,Norway,Trondheim,"88556 Peters Plaza, Trondheim",YH 43132,en,Silver,2023-09-13,True,BKG_000000150,2025-07-25,2025-10-08,2025-10-14,6,3,0,2,suite,2,Phone,Extra bed,True,2025-07-21,Customer Request,735.45,614.89,35.4,32.77,107.16,--,Debit Card,Direct,,21.47,2025-06-24 22:14:35,2025-04-07 01:07:46,SYSTEM,Confirmed,REV_00000150,4,___,Now agent eat each player play president. Continue wife relate card road organization hot. Discuss system and debate maintain.,2024-09-25,99,True,Berlin,2025-04-03,Couple,double,LegacySystem,2025-06-24 22:14:35,2025-04-07 01:07:46
H00044,"Spencer, White and Brown",Kenya,Nakuru,Luxury Hotel,1,108,Free WiFi,Already industry window task again. Serve white themselves enough scene consumer American.,"Beach,Museum,Park...",0,-46.520491,http://martin.com/,C0000159,Benjamin,   ,Benjamin    ,lloydmary@example.org,2714170428,1972-10-20,M,Japan,Osaka,"9765 David Ridge, Osaka",EI 20223,tr,Bronze,2023-06-19,False,BKG_000000151,2024-12-19,2026-10-21,2026-10-31,10,Ten,2,1,suite,2,Mobile App,No requests,True,2025-02-15,No Show,1468.7,333.75,33.8,58.16,441.82,Refunded,Credit Card,Expedia,PROMO820,105.17,2025-06-07 13:02:47,2025-01-24 00:18:47,API,Cancelled,REV_00000151,1,Put thing it behind people their color.,Usually song image minute story information red. Though realize week short increase wall resource option. Identify nation there.,2025-06-25,43,True,Lausanne,2025-02-03,Family,suite,APIGateway,2025-06-07 13:02:47,2025-01-24 00:18:47
H00138,Grimes-Gonzalez,Poland,   ,Luxury Hotel,3,66,Free WiFi,Song tell pass some any take kid. Purpose quality society heart.,"Beach,Museum,Park",13.225082,-59.89924,http://harper.com/,C0000723,Thomas,Miller,Thomas Miller,larry47@example.net,(436)559-9331x1487,1976-01-25,Other,New Zealand,Auckland,"1074 Hernandez Forge Suite 860, Auckland",HB 20062,   ,Gold,2022-11-09,False,BKG_000000152,2024-09-29,2025-01-22,2025-01-28,6,2,1,2,single,3,Mobile App,Late check-in,False,,,347.23,39.68,193.05,30.81,307.63,Pending,Debit Card,Direct,PROMO420,190.28,2023-11-16 07:37:10,2025-06-22 06:47:49,SYSTEM,Confirmed,REV_00000152,3,Soon through never test.,Long up others decide. Lose page better through attack. Few break turn camera early care kid.,2024-07-05,39,False,Fortaleza,,Leisure,SINGLE,CloudBooking,2023-11-16 07:37:10,2025-06-22 06:47:49
H00605,"Benson, Benitez and Reed",Saudi Arabia,Riyadh,Luxury Hotel,5,237,"Pool,Gym,Spa",Enter expert friend. Until alone nor hand. Call way student woman put.,Historic Site,-0.824904,-176.526027,http://howell.com/,C0004941,Sara,Wilson,Sara Wilson,paullee@example.net,001-678-504-3483,1977-05-23,M,Romania,Cluj-Napoca,,TY 19244,en,Bronze,2024-03-25,True,BKG_000000153,2025-03-24,2026-04-03,2026-04-16,13,-1,0,1,double,1,Phone,,False,,,329.31,627.1,268.28,73.59,60.97,Pending,Credit Card,Direct,NO_PROMO,123.87,0000-00-00,2025-02-05 21:41:58,SYSTEM,Cancelled,REV_00000153,3,Skill individual challenge senior everything.,Financial visit full interview. Air low apply environment. Bring structure new coach debate first Democrat financial.,2024-09-08,53,True,BIRMINGHAM,2025-09-15,Couple,double,APIGateway,0000-00-00,2025-02-05 21:41:58
H00209,Velazquez-Jacobs,Indonesia,Surabaya,Boutique,,253,Restaurant,yes direction vote here choice single daughter. benefit company company speak.,"Beach,Museum,Park",78.550343,-31.901756,http://hall.com/,C0000417,Michele,,Michele ,jamesvincent@example.com,(734)552-7610,2002-08-15,F,Sweden,Malmö,___,LK 49459,es,,2023-09-05,False,BKG_000000154,2024-01-11,2024-11-24,2024-11-27,3,4,,1,double,3,Phone,No requests,True,2025-09-04,Customer Request,508.33,1073.96,161.83,7.27,267.95,Pending,Credit Card,TravelAgency,NO_PROMO,81.27,2023-11-25 02:25:07,2025-09-17 14:58:13,USER,Confirmed,REV_00000154,4,Once big create instead shake natural.,Remain evening certainly cost defense. Scientist miss decide me.,2024-03-07,50,False,Rio de Janeiro,2024-11-07,Couple,double, CloudBooking ,2023-11-25 02:25:07,2025-09-17 14:58:13
,Conway-Murray,Turkey,Izmir,City Hotel,4,445,Restaurant,"Not image decide.
Vote trouble draw. Collection stay politics kid exactly response.","Beach,Museum,Park",20.823777,-47.156445,http://wright.org/,C0000285,Vickie,Moses,Vickie Moses,brandonmorrow@example.org,+1-224-246-7795x90854,1951-12-28,F,Serbia,Subotica,"837 MARSHALL ESTATE SUITE 178, SUBOTICA",EE 69640,de,,,True,BKG_000000155,2024-10-19,2025-09-18,2025-09-24,6,3,1,0,suite,2,Mobile App,Extra bed,False,,,820.59,1061.89,57.89,11.73,433.59,Failed,Cash,TravelAgency,,Ten,0000-00-00,2024-12-26 09:57:32,API,Pending,REV_00000155,4,Produce send fly than.,President design might something anyone. Question to dinner sure end common. Spend black party kitchen various.,2024-11-10,73,False,Debrecen,2025-07-12,Couple,single,MobileApp,0000-00-00,2024-12-26 09:57:32
H00676,Huerta PLC,Colombia,Bogotá,Resort,3,260,Free WiFi,Discussion political campaign ever if share sign. Control staff wide team ask.,Historic Site,66.866159,31.432893,http://www.lawrence.info/,C0004401,Kenneth,Winters,Kenneth Winters,lsanchez@example.com,830.251.9388x4227,1987-09-04,Other,Colombia,Cali,"55182 Bethany Trail, Cali",AG 23726,de,Bronze,2023-03-30,False,BKG_000000156,2024-10-31,2026-05-26,2026-06-03,8,4,0,2,suite,3,Web,Extra bed,False,,,1563.62,1194.05,209.66,Ten,1217.68,Refunded,PayPal,Direct,PROMO751,138.88,2025-01-29 00:45:55,2025-07-27 13:33:54,AGENT,Confirmed,REV_00000156,4,Color discussion including add.,Trip program represent career college daughter security. Which defense three wind hundred. Only power resource degree coach program.,2025-07-23,-1,False,Alexandria,2024-12-11,Solo,double,CloudBooking,2025-01-29 00:45:55,2025-07-27 13:33:54
H00351,"Wilson, Watts and Johnson",Morocco,Casablanca,Budget Hotel,2,295,"Pool,Gym,Spa",Visit single toward our region sound. Commercial building able on.,Historic Site,-3.804244,2.928175,http://hernandez.com/,C0003877,Abigail,Porter,Abigail Porter,nealjordan@example.com,001-533-997-1513x8506,1984-04-23,Other,Nigeria,Kano,"8230 Moore Grove Apt. 660, Kano",QJ 68584,de,Silver,2024-12-28,False,BKG_000000157,2025-08-18,2026-10-17,2026-10-22,5,2,0,2,suite,2,Web,,True,2025-08-18,No Show,266.46,624.99,76.28,22.04,70.64,Failed,Cash,Booking.com,PROMO175,128.64,2023-12-12 11:55:14,2025-02-17 21:59:44,AGENT,Cancelled,REV_00000157,3,Near individual improve land.,There church sound how think entire interesting. Drug discuss science ten discuss determine. Magazine authority where final.,2024-09-19,88,False,Brno,2025-04-19,Business,double,MobileApp,2023-12-12 11:55:14,2025-02-17 21:59:44
H00488,   ,Indonesia,Bandung,Budget Hotel,5,408,"Pool,Gym,Spa",Interesting Congress read lay.,Shopping Mall,-53.937035,-6.277445,https://brown-smith.net/,C0003702,Jo,Carr,Jo Carr,kristen58@example.com,(412)367-0223x9744,1962-12-22,Other,Netherlands,Amsterdam,"1965 Walters Terrace, Amsterdam",IF 68675,tr,Bronze,2023-02-11,True,BKG_000000158,2024-04-21,2024-11-01,2024-11-05,4,2,2,1,double,1,Mobile App,Extra bed,False,,,1309.18,382.66,294.4,14.11,851.24,Paid,Credit Card,Expedia,NO_PROMO,65.55,2024-03-13 07:44:54,2025-07-11 01:18:46,USER,,REV_00000158,3,Need with audience toward over.,Ten tree system figure involve just. Surface former describe meet thus.,2024-07-13,40,True,Giza,2025-03-02,Business,single,LegacySystem,2024-03-13 07:44:54,2025-07-11 01:18:46
H00965,Jackson Ltd,Austria,Graz,City Hotel,2,353,Restaurant,Rather rather whole them. Of edge page fact list watch eight.,Historic Site,-44.688251,-104.419457,https://www.lopez.com/,C0003216,Brian,Wright,Brian Wright,rosalesmelanie@example.com,790-840-4309x663,1986-06-24,M,Switzerland,Geneva,"041 Myers Well, Geneva",CY 61085,fr,Bronze,2023-07-19,True,BKG_000000159,2024-07-05,2025-05-04,2025-05-06,2,3,1,2,suite,,Phone,,   ,2025-05-09,Hotel Closed,1612.11,1497.24,167.9,84.33,658.34,Paid,Cash,Direct,,103.64,2024-03-02 04:40:51,02/30/2025,AGENT,Cancelled,REV_00000159,2,Which from dog letter bill relationship.,Ago nice something race present easy. Responsibility democratic still customer.,2024-05-17,9999,,Bern,2025-02-27,Solo,suite,MobileApp,2024-03-02 04:40:51,02/30/2025
H00266,Wright LLC,Sweden,Stockholm,Business Hotel,4,247,"Pool,Gym,Spa",Major truth market answer at. Inside allow sit. Skill author idea cost bar Mr nearly.,"Beach,Museum,Park",-40.165592,134.327793,???,C0003417,Derrick,Garcia,Derrick Garcia,qcross@example.com,(621)998-7572,1979-04-28,M,Singapore,Singapore,"8871 Le Underpass, Singapore",AH 65684,tr,Bronze,2025-07-24,False,BKG_000000160,2025-08-02,2025-01-03,2025-01-11,8,4,2,1,suite,1,Mobile App,Late check-in,False,,,404.27,350.73,40.24,75.52,372.27,Failed,Cash,TravelAgency,PROMO473,47.88,2024-01-05 08:54:14,2024-12-23 04:58:28,USER,Confirmed,REV_00000160,2,Join effect movement when cultural you fish.,Company night family fact page bed adult. Idea husband let political especially century though become. Fast site natural material.,2024-01-02,98,False,Aalborg,2025-02-17,Family,double,MobileApp,2024-01-05 08:54:14,2024-12-23 04:58:28
H00210,   ,United Kingdom,Edinburgh,Budget Hotel,1,261,Restaurant,Year spring money interview line production road wide. Sign military all.,"Beach,Museum,Park",-44.329287,72.532637,https://www.stevenson.org/,C0004410,David,Moore,David Moore,tannerwilliams@example.net,!!001-732-910-1579x32509,1984-11-03,F,Mexico,Mexico City,"026 Jillian Common, Mexico City",OS 73715,en,Gold,2023-09-29,True,BKG_000000161,2025-02-21,2025-10-27,2025-11-03,7,1,0,0,suite,2,Agent,Late check-in,True,2025-09-19,Payment Failed,160.41,55.88,145.84,46.69,100.81,Pending,,Direct,PROMO520,97.2,2024-06-06 04:52:07,2025-06-25 17:12:23,API,Confirmed,REV_00000161,3,Century program court available program.,Bit your amount Mr. It hour site will hold. Program movie party floor level.,2025-10-15,23,True,Zagreb,2025-08-29,Family,single,LegacySystem,2024-06-06 04:52:07,2025-06-25 17:12:23
H00049,"White, Johnson and Howard",Germany,Cologne,Budget Hotel,5,368,"Pool,Gym,Spa",Past cell everybody later stage organization. Available base place huge lot sister.,Historic Site,-18.003634,82.113137,http://www.padilla.com/,C0004563,Tiffany,Nolan, Tiffany Nolan ,kelly89@example.net,+1-316-946-3578x430,1976-09-16,F,Austria,Graz,"7207 Ronnie Garden Suite 700, Graz",OP 72966,en,Bronze,2023-08-22,True,BKG_000000162,2025-03-22,2026-08-14,2026-08-19,5,2,3,0,single,3,Agent,,False,,,1081.96,623.46,279.11,43.3,424.94,Refunded,Cash,Expedia,NO_PROMO,104.9,2024-09-12 11:20:17,2025-01-28 07:31:04,API,Confirmed,REV_00000162,4,Vote truth report allow surface language type.,Do money matter system. History maybe in quickly way outside. Story prevent stuff hand already.,2024-09-22,24,False, Bursa ,2024-12-30,Solo,suite,CloudBooking,2024-09-12 11:20:17,2025-01-28 07:31:04
H00910,"Carter, Davis and Mcbride",--,Bali,Resort,,349,Free WiFi,Student billion culture black modern. Cell executive ask security get individual tree.,Historic Site,-83.141689,148.333253,https://www.romero.info/,C0000112,Linda,Kerr,Linda Kerr,collinsdavid@example.com,(264)717-3172x90865,1998-01-09,M,Argentina,Mendoza,"624 Garcia Meadow Apt. 360, Mendoza",XO 78990,tr,Silver,2025-08-24,False,BKG_000000163,2024-05-10,2026-04-29,2026-05-09,10,4,3,1,suite,1,Web,Extra bed,True,2025-03-16,No Show,1978.66,444.45,193.48,25.36,1966.91,Pending,Cash,Booking.com,,144.86,2025-10-31 07:10:43,2025-01-06 17:02:58,USER,Pending,REV_00000163,3,--,"Part many smile wall seven. Consumer your factor hundred old.
Top see father occur religious door.
Evening find school but.",2025-08-07,13,False...,Vancouver,2025-07-30,Solo,double,APIGateway,2025-10-31 07:10:43,2025-01-06 17:02:58
H00062,White-Wilson,Brazil,Brasília,Luxury Hotel,5,159,Restaurant,Technology one increase alone term strategy. Stay side determine. Television use face you left.,Historic Site,66.783541,-9.458403,http://www.dominguez.org/,C0003354,Lisa,Johnson,Lisa Johnson,test@,001-373-603-2884,1996-09-20,F,Singapore,Singapore,"23097 Jose Fall Suite 715, Singapore",JF 89236,fr,,2023-01-09,False,BKG_000000164,2025-08-04,2026-06-11,2026-06-21,10,1,2,2,___,3,Agent,No requests,False,,,945.32,735.6,291.61,48.07,710.67,Paid,Cash,Direct,,117.28,2024-01-22 22:58:43,2025-06-24 13:37:14,API,Cancelled,REV_00000164,5,Discuss positive specific.,Imagine clear best wide since. Together ten drug physical chance.,2024-09-02,76,True,Los Angeles,2025-05-02,Leisure,double,LegacySystem,2024-01-22 22:58:43,2025-06-24 13:37:14
H00789,Adams PLC,Kenya,Nairobi,Business Hotel,3,85,Restaurant,War boy statement product would agreement finish though.,Shopping Mall,-22.205741,30.26053,http://www.williams-george.com/,C0004418,Tracey,Powell,Tracey Powell,brucemartinez@example.com,501.381.0768,1969-01-05,Other,Czech Republic,Plzen,"81658 Perkins Circles, Plzen",___,es,Bronze,2024-08-20,True,BKG_000000165,2024-01-17,2025-10-12,2025-10-18,6,3,3,1,suite,1,Agent,,True,2025-01-24,No Show,1705.21,1474.08,52.3,84.85,1011.91,Failed,Debit Card,Direct,PROMO782,-1,2024-05-02 09:42:30,2025-04-28 21:51:38,USER,Pending,REV_00000165,1,Issue organization child ask receive remember market face.,Political at these century finish there. Until green rest attorney.,2024-08-17,91,True,Oslo,2025-04-10,Leisure,double,APIGateway,2024-05-02 09:42:30,2025-04-28 21:51:38
H00228,Spence Group,Netherlands,Eindhoven,Boutique,2,341,Restaurant,Toward computer yet present. Because father free.,Historic Site,77.881412,,http://www.gardner-wang.com/,C0004043,Kevin,Black,Kevin Black,brownsheila@example.com,(351)258-6809x4469,1999-09-25,F,United States,San Francisco,"1002 Gina Forks, San Francisco",AP 70039,de,,2023-02-03,True,BKG_000000166,2024-12-06,2025-03-12,2025-03-24,12,1,2,1,single,1,Mobile App,No requests,False,,,1187.33,1390.49,0,21.04,421.9,Pending,Debit Card,Booking.com,PROMO567,10.64,2023-11-09 00:28:14,2025-09-12 00:26:46,SYSTEM,Confirmed,REV_00000166,4,Car across travel thing huge up fly.,"Recognize through Mrs off turn word. Poor system consider candidate.
Difference many need strategy study.",2024-08-10,78,True,Dubai,2025-09-01,Leisure,???,APIGateway,2023-11-09 00:28:14,2025-09-12 00:26:46
   ,Hopkins-Tanner,Hungary,Pecs,Resort,2,28,Restaurant,Day gun Republican religious test professor. Individual sport simple other be phone.,"Beach,Museum,Park",7.978901,-99.776614,https://www.stein.org/,   ,Charles,Ford,Charles Ford,ydavis@example.net,!!+1-611-973-6812x119,1972-04-27,M,Chile,Santiago,"317 Spence Flat, Santiago",DL 64466,tr,,2024-06-18,False,BKG_000000167,2025-10-25,2025-01-06,2025-01-15,9,2,2,2,double,1,Phone,Late check-in,False,,,470.67,626.22,88.18,48.33,,Failed,Credit Card,Airbnb,,84.95,2024-06-20 16:35:42,2025-01-18 09:41:59,AGENT,Pending,REV_00000167,-1,Do least issue.,Total material television success generation oil. Then rule particularly into area. Fire marriage last possible write little.,2025-09-18,79,False,Graz,2025-03-07,Family,suite,,2024-06-20 16:35:42,2025-01-18 09:41:59
H00351,"Valdez, Hines and Cole",Denmark,Aarhus,Resort,4,342,Restaurant,Reality Congress stage remain. Rest account his pass change particular. Property street child hand.,Shopping Mall,75.487222,166.152026,https://garcia-bruce.net/,C0002812,Darin,Oneal,Darin Oneal,marco02@example.org,(698)986-3701x4756,1951-07-28,F,Indonesia,???,"966 Wilson Mission, Surabaya",BR 92589,tr,___,2025-05-14,True,BKG_000000168,2024-12-30,2024-11-05,2024-11-11,6,1,0,0,double,1,Web,No requests,False,2024-12-15,,0,1084.88,41.0,94.5,0,Refunded,Cash,Booking.com,PROMO364,0.0,2025-10-30 22:48:46,2025-03-21 12:39:55,SYSTEM,Cancelled,REV_00000168,2,American fill blue upon relate.,Hold real stay figure market similar owner. Expert whatever only speak economy cut chair reveal.,2024-11-24,59,False,Pattaya,2025-02-10,Couple,suite,MobileApp,2025-10-30 22:48:46,2025-03-21 12:39:55
 H00079 ,"Berry, Robinson and Shelton",Norway,Stavanger...,Budget Hotel,2,476,Free WiFi,World adult challenge along. Involve marriage same.,Shopping Mall,-14.594264,-7.663961,http://rice-garner.com/,C0003229,Todd,Kim,Todd Kim,erika34@example.org,001-437-684-5576x770,1972-04-29,Other,India,Kolkata,"456 Brown Square, Kolkata",OL 42740,de,Gold,2025-03-09,True,BKG_000000169,2024-04-12,2025-04-19,2025-04-27,8,,0,0,suite,2,Mobile App,!!No requests,True,2025-02-22,No Show,431.18,1150.22,283.77,88.28,430.21,Failed,Debit Card,Expedia,PROMO230,188.59,2024-06-01 19:55:15,2025-10-18 06:59:35,SYSTEM,Pending,REV_00000169,4,Approach indeed usually final a vote lot toward.,Movie politics sport everyone win. Lose book collection white.,2025-06-05,43,True,Rhodes,2025-01-14,Family,single,APIGateway,2024-06-01 19:55:15,2025-10-18 06:59:35
H00487,Hughes-Savage,Poland,Krakow,City Hotel,4,58,Free WiFi,Technology green machine debate civil. Land go other hundred maintain involve.,"Beach,Museum,Park",-16.27931,-19.90789,https://www.bennett.biz/,C0001494,Austin,Johnson,Austin Johnson,thomas08@example.com,615-245-6813x8105,1955-12-20,F,Philippines,Manila,--,KZ 51384,en,Platinum,2023-07-29,False,BKG_000000170,2024-10-09,2025-08-05,2025-08-11,6,4,0,1,double,3,Mobile App,Extra bed,False,,,1214.26,847.27,88.35,87.06,796.12,Pending,Debit Card,TravelAgency,NO_PROMO,9999,2025-02-05 18:25:58,2024-11-03 02:57:11,SYSTEM,Confirmed,REV_00000170,4,Group really black need tonight word.,"Seat food season show wall why executive. Home write charge.
Bar box coach easy serious nor. Service well plan able.",2025-07-16,89,True,Turin,!!2024-12-22,Solo,double,MobileApp,2025-02-05 18:25:58,2024-11-03 02:57:11
H00055,Willis and Sons,United States,Washington D.C.,City Hotel,5,315,Restaurant,Return direction yeah election yard. Break reflect kitchen seat board.,Historic Site,-68.024212,27.034969,https://bryant.com/,C0000107,Matthew,Scott,Matthew Scott,villarrealrussell@example.net,001-518-382-3842x9769,1996-05-14,M,Denmark,!!Copenhagen,"181 Murphy Garden, Copenhagen",LP 56143,es,Platinum,2024-10-17,True,BKG_000000171,2024-12-16,2025-09-07,2025-09-19,12,3,0,1,double,3,Mobile App,Late check-in,True,2025-05-25,,738.28,873.97,69.83,68.93,40.17,Paid,Cash,TravelAgency,NO_PROMO,42.75,2025-02-10 12:54:29,2025-01-14 20:59:49,api,Cancelled,REV_00000171,1,Film national go single none positive.,"Approach sense join night figure. Total site area near shoulder strategy.
Current without born with add. Else citizen public none company.",2024-03-14,82,True,Geneva,2025-03-10,Family,double,CloudBooking,2025-02-10 12:54:29,2025-01-14 20:59:49
H00046,Castro-Duffy,Netherlands,Utrecht,Resort,5,350,"Pool,Gym,Spa",Treat type five chance. Yourself gun ground professor security few. Tree decision use.,Shopping Mall,31.51603,9999,http://www.sanders.org/,C0003258,Patricia,Ellis,Patricia Ellis,frances90@example.com,+1-461-617-9902x399,1986-11-05,Other,Slovakia,Kosice,"373 Abigail Street, Kosice",,de,Gold,2025-09-25,False,BKG_000000172,2025-06-18,2025-10-22,2025-10-31,9,3,1,2,suite,3,Phone,No requests,False,,,0,344.8,180.51,36.2,0,Refunded,Credit Card,Direct,   ,0.0,2024-03-31 14:51:24,2025-08-18 10:48:16,AGENT,Confirmed,REV_00000172,1,Window society difference control free.,Trial region glass whether quickly. Sort development positive toward.,2024-09-01,44,False,Fes,2024-12-17,Solo,suite,APIGateway,2024-03-31 14:51:24,2025-08-18 10:48:16
H00177,Burns-Hale,   ,Marrakesh,Resort,5,217,Free WiFi,Campaign nice work act able economic federal. Win television yourself stop.,"Beach,Museum,Park",7.557761,-157.411213,http://www.washington-bishop.com/,C0003382,Stephanie,Duke,Stephanie Duke,kayla98@example.com,,1972-01-31,F,Portugal,Porto,"4834 Pierce Tunnel, Porto",IX 17222,en,Platinum,2025-04-30,True,BKG_000000173,2025-01-06,2025-04-10,2025-04-16,6,2,0,0,suite,1,Agent,Extra bed,False,,,406.76,1164.98,227.0,98.53,145.9,Refunded,Debit Card,Airbnb,,147.63,2023-11-26 20:50:32,2025-09-03 15:52:19,API,Confirmed,REV_00000173,4,!!Civil leave win practice.,Particular toward person future. After unit relationship nothing site culture. Me test against behavior.,2024-04-20,15,False,Guangzhou,2025-04-22,Leisure,single,MobileApp,2023-11-26 20:50:32,2025-09-03 15:52:19
H00764,Baker and Sons,United Kingdom,Glasgow,City Hotel,3,413,Restaurant,Fight individual along between world community market. Technology many place administration enough.,Historic Site,-68.963443,78.367354,https://www.carter-bailey.biz/,C0000013,Kelsey,Davis,Kelsey Davis,osbornkara@example.org,431-687-2052x37895,1998-01-31,Other,Belgium,Ghent,"944 Emily Fords Apt. 644, Ghent",YQ 67346,es,Gold,2023-04-27,True,BKG_000000174,2025-08-12,2025-05-19,2025-05-28,9,2,2,Five,single,1,Phone,No requests,True,2024-12-18,Payment Failed,1914.2,1325.88,11.06,31.84,1673.54,Pending,Credit Card,Airbnb,NO_PROMO,123.61,2024-02-21 04:48:47,2025-09-05 12:44:39,SYSTEM,Cancelled,REV_00000174,9999,Determine book artist relate worker last.,Dark beat professor leave church fill in. Clearly you oil ready bit house.,2024-05-01,74,True,Cork,2025-02-05,Solo,single,APIGateway,2024-02-21 04:48:47,2025-09-05 12:44:39
H00121,--,Canada,Vancouver,Budget Hotel,1,247,"Pool,Gym,Spa",Loss yet crime seem. Understand fill group people officer.,   ,-76.257786,163.869673,http://www.best.com/,C0002504,Misty,!!Cherry,Misty !!Cherry,chelsearoman@example.com,392-718-8217,1978-12-18,M,Hungary,Debrecen,"438 Lauren Highway, Debrecen",QJ 57757,en,Platinum,2023-10-13,False,BKG_000000175,2025-10-19,2026-09-07,2026-09-07,1,2,2,1,suite,3,Agent,,True,2024-11-24,Customer Request,617.78,1383.69,51.66,4.04,601.05,Refunded,Debit Card,Direct,PROMO341,78.39,2025-02-24 04:58:47,2024-12-22 23:22:31,API,Pending,REV_00000175,4,Public miss west bill whom this.,"Conference crime grow care hour. Tax trial eight week.
Push sound wall project economy nice each.",2024-08-27,43,False,La Plata,2025-08-17,Business,single,LegacySystem,2025-02-24 04:58:47,2024-12-22 23:22:31
H00362,Abbott-Nguyen,Kenya,Mombasa,Budget Hotel,3,379,"Pool,Gym,Spa",Figure culture expert international beautiful. Lay central everyone go whose this dinner.,"Beach,Museum,Park",23.822811,51.959747,http://roberson-preston.com/,C0001801,Brittney,Nash,Brittney Nash,melanie08@example.net,968.718.3884x1481,1946-10-06,M,Norway,Tromsø,"580 Kelley Springs, Tromsø",LE 40795,de,,2024-06-20,True,BKG_000000176,2023-13-01,2024-11-25,2024-12-01,6,4,3,0,single...,1,Agent,,True,2025-04-05,Hotel Closed,511.4,1172.26,197.48,75.79,453.84,Pending,Debit Card,Airbnb,PROMO966,31.4,2024-03-11 09:43:55,2025-05-22 06:14:01,AGENT,Pending,REV_00000176,5,Cup rate remain account control instead.,"Seat enough large dinner gun talk. Factor center eye.
Office real job lose market himself him. Pick cost present both professor call according.",2025-02-28,98,False,Hiroshima,2025-03-12,Business,single,APIGateway,2024-03-11 09:43:55,2025-05-22 06:14:01
H00606,WIGGINS-CAMACHO,Serbia,Nis,Budget Hotel,2,147,"Pool,Gym,Spa",Line base ground pattern blue group admit. Peace animal firm lead leg young. Firm save common bank.,Historic Site,61.89022,-116.404965,https://www.martin.org/,C0003558,John,Jackson,John Jackson,richardthompson@example.com,,1970-09-19,F,Colombia,Medellín,"61864 Neal Ports, Medellín",SQ 24457,fr,Silver,2024-01-09,False,BKG_000000177,2025-07-27,2025-06-30,2025-07-11,11,1,3,0,single,2,Phone,No requests,False,,,1438.5,-1,71.0,,1215.23,Pending,PayPal,Booking.com,NO_PROMO,46.2,2024-01-11 14:46:42,2024-12-25 17:08:56,USER,Pending,REV_00000177,3,As listen with become wait community spring.,Mouth talk consider call. Wall every financial dog successful cultural. Agency sure fly fast such author force.,2024-06-27,4,True,Jakarta,2025-04-19,Couple,suite,CloudBooking,2024-01-11 14:46:42,2024-12-25 17:08:56
H00382,___,Portugal,Coimbra,City Hotel,3,29,Restaurant,Fish next somebody might easy financial local. Nearly only camera law ability.,"Beach,Museum,Park",-1,-120.737679,,C0001760,Melissa,Hicks,Melissa Hicks,ospence@example.com,486-274-1353x80631,1976-12-26,M,Norway,Oslo,"7443 Kirk Flat Apt. 716, Oslo",LV 30634,fr,Silver,2024-12-06,True,BKG_000000178,2025-08-27,2025-12-14,2025-12-19,5,,0,2,suite,3,Web,Late check-in,True,2025-04-30,Hotel Closed,1462.85,1424.08,299.34,53.65,,Pending,Credit Card,Expedia,PROMO265,122.39,0000-00-00,2025-07-18 23:47:54,AGENT,Confirmed,REV_00000178,1,Ask age someone party.,Head medical floor. Design thought and debate.,,3,False,Makati,2024-12-18,Solo,single,CloudBooking,0000-00-00,2025-07-18 23:47:54
H00471,Jones LLC,Slovakia,Kosice,Resort,5,9999,Free WiFi,Church clear concern glass soldier. Scientist citizen safe thing eight day commercial.,Shopping Mall,-65.380847,78.590645,https://www.andrews.net/,C0002510,Kristen,Banks,Kristen Banks,danielgould@example.org,+1-934-864-8807x275,1947-09-03,M,Czech Republic,Prague,"0703 Jones Forge Apt. 767, Prague",FV 88805,tr,Gold,2025-03-19,False,BKG_000000179,2025-02-22,2024-12-11,2024-12-19,8,4,0,0,double,3,Agent,,False,,,-1,624.08,212.7,99.36,0,Failed,Cash,Booking.com,PROMO924,-0.27,2025-05-26 12:02:27,!!2025-01-06 05:58:13,SYSTEM,Cancelled,REV_00000179,3,   ,Read director thing animal majority dark least. Week successful compare go left behavior president.,2024-02-06,100,False,Cusco,2025-06-23,Business,single,--,2025-05-26 12:02:27,!!2025-01-06 05:58:13
H00398,"Vasquez, Lopez and Wilson",France,Nice,Boutique,2,70,Free WiFi,Challenge group amount mission his kid. Instead father remember. Might Congress course.,"Beach,Museum,Park",-49.102798,-54.637597,--,C0004554,,Sandoval,None Sandoval,fmanning@example.net,430.990.1319x7935,1986-05-13,Other,Croatia,Dubrovnik,"023 Torres Plains, Dubrovnik",YO 10493,es,,2025-06-09,True,BKG_000000180,2024-07-29,02/30/2025,2025-11-18,11,1,3,1,double,1,Mobile App,Extra bed,False,,,737.01,1276.54,174.37,97.71,579.44,Pending,PayPal,Airbnb,NO_PROMO,83.41,,2025-07-24 18:42:30,API,Cancelled,REV_00000180,2,Money audience decade enough father land.,Under watch pretty off without hair. Popular color relate interesting generation task.,2025-01-13,72,!!False,Arequipa,2025-03-11,Solo,single,___,,2025-07-24 18:42:30
H00679,Salinas LLC,Serbia,novi sad,City Hotel,4,125,Restaurant,Conference deep avoid happen. Program community find Mrs.,Historic Site,44.447114,82.68713,https://www.whitehead.com/,C0000013,James,Beard,James Beard,jenniferedwards@example.net, 673.699.7568x42431 ,1985-12-11,Other,Switzerland,Zurich,"482 James Course Apt. 017, Zurich",SQ 32517,es,,2025-05-03,False,BKG_000000181,2025-07-21,2026-06-05,2026-06-12,7,1,2,2,Double,3,Phone,,True,2025-03-27,No Show,1374.41,1087.44,152.9,70.58,586.04,Pending,Paypal,Expedia,NO_PROMO,111.94,2025-07-31 09:10:57,2024-11-16 00:44:31,API,Cancelled,REV_00000181,5,Job issue suffer beat process from partner.,Election green reveal them. Prove wait director suddenly relationship affect and than. Morning step such place agent already.,2024-02-12,75,True,Copenhagen,2024-11-29,Business,double,MobileApp,2025-07-31 09:10:57,2024-11-16 00:44:31
H00370,Garcia-Adams,Philippines,Cebu,Business Hotel,5,71,"Pool,Gym,Spa",Best couple success purpose organization none concern. Wonder outside throw and.,"Beach,Museum,Park",71.495662,77.462342,https://fields.biz/,C0002839,Janice,Wallace,Janice Wallace,wrightjohn@example.net,654-959-3070x758,1991-10-16,Other,Vietnam,Hue,"9095 Booth Ridge, Hue",ZA 48142,fr,Bronze,2025-10-02,False,BKG_000000182,2025-03-19,2026-01-29,2026-02-03,5,3,2,1,suite,3,Phone,Extra bed,False,,,1397.46,136.05,65.74,2.67,,Refunded,--,Expedia,PROMO304,44.72,2024-08-19 03:54:16,2025-04-13 17:17:39,API,Cancelled,REV_00000182,2,Ok organization discuss ground assume far exactly.,True environment religious six change example way. Practice few always threat. Building when see.,2024-03-22,39,True,Aalborg,2024-12-02,Solo,,APIGateway,2024-08-19 03:54:16,2025-04-13 17:17:39
H00850,"Mercado, Russell and Perry",!!Thailand,Chiang Mai,Resort,-1,277,Restaurant,???,Shopping Mall,-32.084173,142.026033,!!https://reyes-johnson.com/,C0000791,Abigail,Matthews,Abigail Matthews,andersoncindy@example.net,(722)723-8184,1965-11-08,F,France,Marseille,"1435 Marvin Station Suite 612, Marseille",YN 27397,en,Platinum,2025-02-16,True,BKG_000000183,2024-05-08,2026-02-25,2026-03-03,6,4,1,1,double,2,Phone,Extra bed,False,,,1151.77,762.17,290.9,97.26,132.01,Paid,   ,TravelAgency,,59.4,2024-01-12 00:34:26,2025-01-18 06:16:29,AGENT,Cancelled,REV_00000183,5,So teach number cultural save modern.,"military hear pass work. old seat it rock.
through education accept. leg same serve fish cup question. spring easy page sort when.",2023-13-01,72,True,Ankara,2025-09-12,Couple,single,MobileApp,2024-01-12 00:34:26,2025-01-18 06:16:29
H00822,Lopez and Sons,Morocco,Marrakesh,Luxury Hotel,4,305,Free WiFi, Notice low price. ,Historic Site,88.297425,-142.630647,http://flynn.info/,C0001998,Gregory,James,Gregory James,frobbins@example.com,(874)610-9665x996,1990-10-07,Other,China,Beijing,"90317 Rebecca Mill, Beijing",OM 73195,de,   ,2023-05-20,True,BKG_000000184,2024-08-23,2025-06-07  ,2026-02-27,13,2,1,1,single,1,Mobile App,Extra bed,False,,,-1,1167.26,66.93,80.92,0,Paid,PayPal,TravelAgency,PROMO588,-1,2025-04-18 03:37:50,2025-07-01 13:56:37,USER,Confirmed,REV_00000184,5,Process agent culture describe more side.,"Kid similar sort white. Want method impact surface.
On understand consumer. Common late rich sell item. Half ready power arrive study special three.",2025-08-18,,True,Antwerp,2025-10-09,Family,double,CloudBooking,2025-04-18 03:37:50,2025-07-01 13:56:37
H00035,"Jennings, Welch and Garza",Finland,Espoo,City Hotel,3,387,Free WiFi,Sit among book law political. Ago last bed design model.,"Beach,Museum,Park",-31.115019,-46.58897,http://allen.com/,C0000871,Sonya,Davis,Sonya Davis,rebecca12@example.org,(662)768-0174,1950-04-11,,India,New Delhi,"2701 Robin Shoals Apt. 602, New Delhi",EM 76292,de,___,2024-01-08,True,BKG_000000185,2025-10-08,2025-10-12,2025-10-21,9,1,3,0,single,3,Phone,No requests,False,,,1320.6,1376.68,288.11,83.26,1273.27,Paid,Credit Card,Expedia,___,9.78,2024-01-03 15:59:52,2025-07-10 15:19:16,___,Cancelled,REV_00000185,2,Couple right apply yes account.,"Return similar upon practice. Stand audience bad.
Majority agree interesting require where part husband. Successful quickly dinner probably note.",2024-11-28,48,False,Florence,!!2025-05-24,Solo,double,CloudBooking,2024-01-03 15:59:52,2025-07-10 15:19:16
H00127,Gonzales-Ramirez,Israel,Haifa,Business Hotel,5,376,Free WiFi, Hard side indeed democratic. And couple floor. Old class cell morning. ,Historic Site,86.63777,97.804374,https://clark.com/,C0001503,Patricia,!!Williams,Patricia !!Williams,,955-494-2882x545,1997-03-13,Other,United States,Chicago,"!!932 Gallegos Locks, Chicago",PO 56526,en,Platinum,2025-03-04  ,True,BKG_000000186,2024-07-07,2025-10-19,2025-10-29,10,0,3,1,suite,1,Web,,True,2025-07-04,No Show,1041.19,1480.75,33.58,13.93,468.12,Paid,PayPal,Booking.com,NO_PROMO,154.49,2025-06-10 16:05:23,2025-02-24 13:32:49,USER,Cancelled,REV_00000186,3,Traditional card yes paper responsibility thought far prepare.,Half many clear movement argue behind. And forget behavior source sister cover. Baby especially suddenly commercial.,2025-02-07,43,True,Belo Horizonte,2025-07-07,Couple,suite,MobileApp,2025-06-10 16:05:23,2025-02-24 13:32:49
H00687,Harmon-Singh,India,Chennai,Luxury Hotel,3,370,Free WiFi,Black include product. Produce speech very administration some administration.,"Beach,Museum,Park",-22.223432,136.926598,https://www.james.com/,C0000679,Shawn,Green,Shawn Green,christopher18@example.net,815.230.8658,1992-12-07,Other,Finland,Espoo,"06841 Yvonne Corner Apt. 563, Espoo",KS 67834,tr,,2023-12-15,TRUE,BKG_000000187,!!2025-03-17,2023-13-01,2026-01-17,,4,3,1,suite,1,Web,,False,,,1097.8,535.61,222.68,83.26,537.62,Paid,Debit Card,Airbnb,,196.35,2024-07-24 03:41:08,2024-12-11 13:37:55,SYSTEM,Pending,REV_00000187,4,One sometimes month first.,   ,2025-06-20,45,True,Budapest,2024-11-23,Couple,suite,APIGateway,2024-07-24 03:41:08,2024-12-11 13:37:55
H00960,Lara-Nelson,Romania,Brasov,Business Hotel,4,229,"Pool,Gym,Spa",Onto address improve require after eat. Feeling result no team seat.,"Beach,Museum,Park",-44.673968,-131.84575, http://www.brown.net/ ,C0000488,Robin,Williams,Robin Williams,englishmegan@example.org,629.400.4009,1971-10-04,Other,Germany,Frankfurt,"42396 Alison Tunnel, Frankfurt",JE 38715,es,Gold,2023-04-08,False,BKG_000000188,2024-10-13,2025-02-17,02/30/2025,4,1,,1,suite,3,Phone,Extra bed,False,,,9999,366.49,,,8232.23,Refunded,,Direct,NO_PROMO,167.08,2024-03-01 13:16:24,2025-05-03 02:46:14,SYSTEM,Pending,REV_00000188,1,Size side quickly imagine bank possible.,Station home most available listen. Too decision eat his affect radio task social.,"Jan 32, 2025",99,False,Gdansk,2024-12-23,Leisure,single,APIGateway,2024-03-01 13:16:24,2025-05-03 02:46:14
H00968,Baker-House...,Belgium,Brussels,!!Business Hotel,2,385,Restaurant,"Rise though because keep mind main.
Base cut education move. Put beat seem leave.","Beach,Museum,Park",-58.531601,,https://jimenez.info/,C0001186,Brian,--,Brian --,uwang@example.org,828-936-9554x52371,1983-05-21,Other,Switzerland,Zurich,"434 Eric Mount Suite 371, Zurich",HB 35940,es,Silver,2025-09-11,True,BKG_000000189,2025-05-09,2025-08-08,2025-08-18,10,1,1,2,single,9999,Agent,Late check-in,False,,,1457.81,895.25,166.48,14.06,471.06,Pending,Debit Card,???,NO_PROMO,166.11,2025-08-18 21:47:10,2025-02-03 21:41:52,AGENT,Confirmed,REV_00000189,1,Between shake detail others.,"Analysis speak community here win hit child.
Put claim sure probably order heavy. Try officer live determine shoulder rate.",2024-09-06,12,True,Venice,2025-04-26,Leisure,suite,CloudBooking,2025-08-18 21:47:10,2025-02-03 21:41:52
H00490,Brown-Hernandez,Sweden,???,Resort,1,298,"Pool,Gym,Spa",Put project range beyond past with sister. Hair face machine both determine onto personal apply.,Shopping Mall,50.901817,Ten,http://www.harrison-bailey.com/,C0003321,Daniel,Wright,Daniel Wright,danielle37@example.net,864.440.6994,1961-01-15,F,Singapore,Singapore," 922 Ramos Stravenue, Singapore ",HK 98188,tr,Silver,2023-08-13,False,BKG_000000190,2025-01-21,2026-01-04,2026-01-15,11,2,1,,suite,3,Mobile App,Extra bed,False,,,918.01,467.0,212.0,69.41,382.94,Refunded,???,Airbnb,NO_PROMO,123.11,2024-06-24 00:05:34,"Jan 32, 2025",API,Pending,REV_00000190,4,Seat final step side develop.,Pm once shake use course team. Campaign air get everyone company. New stop official page land.,2024-03-28,,False,Zurich,2025-08-24,Leisure,single,CloudBooking,2024-06-24 00:05:34,"Jan 32, 2025"
H00730,Gonzalez-Palmer,Vietnam,Hanoi,City Hotel,5,49,"Pool,Gym,Spa",Fear general check once. Wonder hotel sport. Candidate sport nor or different increase.,Shopping Mall,82.688868,89.164691,   ,C0004572,Christopher,Martinez,Christopher Martinez,lwilliams@example.org,(362)904-5611,1973-06-12,F,United States,Los Angeles,"13541 Gerald Corner, Los Angeles",ZA 53864,tr,,2024-02-06,False,BKG_000000191,2025-02-22,2026-08-14,2026-08-15,1,2,3,0,single,1,Agent,No requests,False,,,260.7,774.67,254.08,84.16,238.63,Failed,Cash,Airbnb,,51.69,2024-03-27 09:14:15,2025-09-02 03:19:44,API,Cancelled,REV_00000191,4,Close floor very other.,"Keep explain minute. Impact staff exist lawyer blue team method.
Where baby wrong future trouble standard. Out per mouth moment impact.",2024-08-18,15,False,Nitra,2025-03-02,___,   ,CloudBooking,2024-03-27 09:14:15,2025-09-02 03:19:44
H00207,"Blanchard, Reed and Shaffer",Netherlands,The Hague,City Hotel,3,38,Free WiFi,Product oil above behavior. Grow five left how.,Historic Site,-41.678601,-101.788794,http://www.giles-riddle.com/,C0001974,Elizabeth,Rodriguez,Elizabeth Rodriguez,rmcdonald@example.com,583.292.0614,1994-12-29,M,China,Hangzhou,"39521 Hernandez Valley Apt. 787, Hangzhou",LM 51236,de,,2023-06-02,False,BKG_000000192,2025-06-05,2026-02-18,2026-02-21,9999,2,2,2,suite,2,Phone,No requests,True,2025-06-09,,613.61,824.61,78.39,12.35,396.06,Refunded,PayPal,Booking.com,NO_PROMO,134.86,2025-09-21 02:17:57,2025-03-22 20:10:46,API,Pending,REV_00000192,5,Her local take fight ever ball wear.,"Message offer player shoulder. Friend mind item local interview trip.
Protect note push perform learn fight. Through yet describe per send notice.",2025-09-15,70,True,Warsaw,2025-10-08,Business,double,APIGateway,2025-09-21 02:17:57,2025-03-22 20:10:46
H00749,"Roberson, Davidson and Lara",Poland,Krakow,Resort,3,385,Free WiFi,Whose would become citizen international require. Hope word citizen first Mrs get.,Shopping Mall,55.708622,120.106532,http://robinson.com/,C0004000,Nicole,Lee,Nicole Lee,stodd@example.net,408.787.1059,1966-04-30,F,Turkey,Bursa,"4733 Moss Via, Bursa",GO 27103,tr,Platinum,2022-11-22,False,BKG_000000193,2024-11-21,2025-05-15,2025-05-22,7,2,1,1,single,2,Web,No requests,False,,,549.54,1052.29,216.25,69.13,309.04,Paid,Debit Card,Direct,,164.3,2025-02-06 17:29:29,2025-10-25 09:27:16,API,Cancelled,REV_00000193,4,Cold sense still both media.,"Back size skin onto true.
Hair owner allow summer. Hand structure quality until.
Or along prove information. Campaign crime learn lawyer place oil.",2024-07-08,39,True,Barranquilla,2025-03-07,Family,suite,!!APIGateway,2025-02-06 17:29:29,2025-10-25 09:27:16
H00797,Gibson-Johnson,Croatia,Split,Resort,1,84,Restaurant,Charge wish second argue.,Shopping Mall,-61.380426,65.355703,--,C0000206,Katie,Peterson,Katie Peterson,jwise@example.net,4242955887,1982-08-16,M,Canada,Ottawa,"04267 Mary Turnpike Apt. 500, Ottawa",II 65834,fr,Silver,2024-06-16,True,BKG_000000194,2025-08-09,2026-09-09,2026-09-17,8,3,3,0,single,3,Mobile App,No requests,False,,,1395.45,1229.9,167.62,9999,1163.37,Paid,Cash,Airbnb,NO_PROMO,161.02,2025-04-08 08:45:03,2025-07-04 06:42:51,API,Pending,REV_00000194,4,Action under happen show assume enough.,Until officer night quality us during institution. Control season chance husband represent. Grow better ok point weight impact fly sort.,2024-03-18,19,False,Rijeka,2025-02-05,Solo,single,CloudBooking,2025-04-08 08:45:03,2025-07-04 06:42:51
H00226,Jones-Hall,___,Istanbul,Business Hotel,2,317,"Pool,Gym,Spa",Same section energy participant us who enter. He fly question meet. Main heart sound increase.,Historic Site,46.01568,-120.859624,http://www.perez.net/,C0003271,--,Thompson,-- Thompson,sbooker@example.org,642.450.8894x2182,1980-09-16,F,Turkey,Bursa,"70581 Parker Mission Suite 645, Bursa",HI 22120,de,Bronze,2024-11-10,False,BKG_000000195,2023-12-07,2025-02-04,2025-02-09,5,1,1,0,single,3,Phone,No requests,False,,,620.23,773.66,84.38,20.7,409.64,PENDING,Credit Card,Direct,Promo961,44.01,2024-08-05 09:25:48,2025-05-18 01:54:59,API,Pending...,REV_00000195,3,Possible skin themselves trouble under public minute.,Behind daughter study service newspaper religious under. Brother artist reach watch you. Else able blood conference magazine which.,2025-07-06,52,False,Perth,2025-10-16,   ,double,MobileApp,2024-08-05 09:25:48,2025-05-18 01:54:59
H00313,Petty-Pena,Hungary,Szeged,Boutique,3,184,Free WiFi,Project environment language news second. Affect across something everyone subject town far sell.,Historic site,36.740226,Five,http://lee-moreno.net/,C0004296,Rebecca,stewart,Rebecca stewart,andersonjacob@example.com,767.577.9027,2003-05-22,Other,Slovakia,Kosice,"3611 Matthew Knoll, Kosice",AS 92966,fr,,2025-01-09,True,BKG_000000196,2024-01-08,2025-01-02,2025-01-12,10,Ten,0,0,single,3,Agent,No requests,False,,,1159.23,1250.28,190.84,2.14,275.71,Pending,Debit Card,Airbnb,,162.3,2025-06-16 10:46:51,2025-02-24 06:06:29,SYSTEM,Confirmed,REV_00000196,3,Others throw kid however boy political mission read.,___,2025-07-22,50,True,antalya,2025-01-05,Couple,single,MobileApp,2025-06-16 10:46:51,2025-02-24 06:06:29
H00062,Cline LLC,ITALY,Rome,Business Hotel,,366,Restaurant,Under appear kind pretty give character piece. Learn officer up off.,Shopping Mall,84.934211,164.187345,https://www.gutierrez.info/,C0000553,Thomas,Golden,Thomas Golden,johnsondesiree@example.org,+1-628-267-7407x09020,1979-03-31,F,Portugal,Lisbon,"59152 Farmer Greens, Lisbon",OE 72939,de,Silver,2024-03-03,False,BKG_000000197,2024-03-11,2025-07-20,2025-08-02,13,2,2,2,double,3,Phone,  ,False,,,780.22,204.96,227.57,16.6,0.18,Paid,Cash,TravelAgency,!!PROMO837,146.29,2025-02-08 23:53:35,2024-11-06 04:20:44,API,Cancelled,REV_00000197,2,Action light stop real pay with.,And item international give reach course. Eat subject southern continue trade season yet operation.,2025-05-31,96,True,Johannesburg,2025-02-28,Family,suite,LegacySystem,2025-02-08 23:53:35,2024-11-06 04:20:44
H00742,Ward-Lara,Canada,quebec city,City Hotel,-1,430,Restaurant,Play discussion place discussion in perform. Process the candidate spend.,"Beach,Museum,Park",44.229981,Ten,https://schwartz.com/,C0003032,Daniel,Leblanc,Daniel Leblanc,lawrencetimothy@example.com,320-218-4871,2007-06-15,M,Hungary,Budapest,"41494 Joe Pine Apt. 029, Budapest",CV 57331,es,Bronze,2022-12-07,True,BKG_000000198,2024-08-22,2025-01-07,2025-01-09  ,2,1,0,1,double,3,Web,,True,2025-10-25,Payment Failed,940.87,1479.06,264.11,41.61,469.58,Refunded,PayPal,Airbnb,PROMO416,95.88,2025-08-29 00:42:17,2025-06-28 16:43:04,SYSTEM,Cancelled,REV_00000198,4,Player experience skill pick contain sport.,"Trade western consumer. Likely through decade movie great will tax.
Seem group kitchen send past name. Since hotel smile name. Very put plant rate.",2025-04-03,24,True,Cebu,2025-08-20,Couple,double,MobileApp,2025-08-29 00:42:17,2025-06-28 16:43:04
H00822,"Lewis, Rodriguez and Wolf",United Kingdom,Birmingham,Resort,3,372,"Pool,Gym,Spa",Section over along work rich probably realize. Value budget director find.,Shopping Mall,-51.722186,134.682728,http://hughes.info/,C0003762,Barbara,Weaver,Barbara Weaver,duffymichael@example.com, 842.332.8329 ,02/30/2025,M,South Korea,Daegu,"51439 Miller Club, Daegu",DR 49779,es,Bronze,2023-06-27,False,BKG_000000199,2024-07-16,2026-03-25,2026-04-02,8,2,3,1,double,1,Web,Extra bed,True,2024-11-24,,374.87,484.12,268.84,29.89,179.56,Pending,Credit Card,Expedia,,60.37,2024-01-06 12:33:11,2025-05-17 14:54:17,USER,Confirmed,REV_00000199,3,There project color stage magazine build play.,Generation owner human board. Face southern who term good meeting grow. Someone serious who character.,2024-07-06,28,False,ROTTERDAM,2025-10-14,Couple,double,APIGateway,2024-01-06 12:33:11,2025-05-17 14:54:17
,Chapman PLC,!!France,Bordeaux,Budget Hotel,1,402,"Pool,Gym,Spa",Free term dark. Class most woman on agreement once yard.,Historic Site,53.718436,-45.137456,http://higgins.com/,C0001592,Jessica,Yang,Jessica Yang,hgreen@example.org,+1-485-371-2646x316,1953-04-22,Other,Bulgaria,Sofia,"748 Swanson Estate Apt. 966, Sofia",OG 87000,de,Platinum,2025-01-27,False,BKG_000000200,2024-12-30,2026-08-21,2026-08-27,6,1,2,0,suite,2,Web,,True,2025-06-16,No Show,1272.09,1342.44,31.38,76.76,113.3,___,PayPal,Airbnb,,199.31,2024-08-03 08:05:23,2025-08-21 08:05:37,AGENT,Pending,REV_00000200,5,Hear just positive senior stuff edge.,Include sit treat source everybody color nice. Almost approach strong.,2025-02-07,47,True,Espoo,2025-08-01,Business,single,APIGateway,2024-08-03 08:05:23,2025-08-21 08:05:37
H00970,Haney and Sons,Kenya,Mombasa,Resort,2,94,Restaurant,Word really talk.,Historic Site,-34.473463,-170.792494,https://green.com/,C0001607,Wayne,Edwards,Wayne Edwards,thompsonsara@example.com,359.429.3819x4365,1974-05-09,Other,Greece,," 43143 Kenneth Station Apt. 685, Rhodes ",HU 84947,fr,Bronze,2024-12-21,False,BKG_000000201,2024-07-11,2025-11-23,2025-11-29,6,4,3,0,double,2,Web,Extra bed,True,2025-05-26,Customer Request,1797.0,1241.65,42.01,51.06,1577.97,Paid,Cash,Booking.com,PROMO149,61.48,2024-06-13 17:28:34,2025-05-12 08:13:26,USER,Confirmed,REV_00000201,1,Food right ability financial necessary information form.,"Draw part brother coach. Democrat prevent town.
Wear campaign decade how culture war. Strategy two that both Congress board.",2024-12-26,54,True,Seoul,2025-10-25,Solo,single,MobileApp,2024-06-13 17:28:34,2025-05-12 08:13:26
H00316,Sanchez Inc,Egypt,Alexandria,Luxury Hotel,5,81,Free WiFi,Available whether food reason down. Whatever somebody base sound young chance.,???,29.526306,-4.743486,Http://wilkinson.com/,C0000946,Joel,Smith,Joel Smith,eileenwhite@example.net,+1-968-891-2833x8343,1953-03-11,Other,Poland,Wroclaw,"3357 Christine Freeway Suite 558, Wroclaw",CO 52556,de,Bronze,2024-12-31,True,BKG_000000202,2024-07-10,2026-09-24,2026-10-01,7,3,2,2,suite,1,Phone,Extra bed,False,,,419.86,1100.06,261.43,1.85,197.0,Pending,PayPal,Booking.com,NO_PROMO,160.86,2024-12-17 18:55:17,2025-01-18 02:07:21,SYSTEM,Pending,REV_00000202,2,He push ability one.,Material suffer rest deep probably. Meet approach physical animal. Receive factor worry use. Shake arrive figure check standard word film.,2024-11-27,57,True,Gothenburg,2025-04-19,???,double,CloudBooking,2024-12-17 18:55:17,2025-01-18 02:07:21
,"Hart, Zamora and Martinez",???,Trujillo,Business Hotel,1,241,Restaurant,Future success capital identify father. Author military term push four leg.,Historic Site,53.058952,-156.07042,https://edwards.net/,C0001028,Robert,Bowen,Robert Bowen,pedrogriffin@example.net,879.369.1247x0444,1974-06-19,M,Poland,Gdansk,"09891 Barton Mall, Gdansk",VN 62655,fr,,2024-10-14,True,BKG_000000203,2024-09-28,2025-04-03,2025-04-10,7,-1,0,0,,3,Agent,No requests,False,,,1535.04,,175.28,29.02,1244.33,Failed,Credit Card,Direct,,183.46,2024-06-12 16:14:30,2025-09-22 22:02:30,SYSTEM,Confirmed,REV_00000203,1,Necessary sell hundred of follow.,Control artist bring now notice character land actually. Reduce teach section take body. Far everyone conference.,2024-11-18,55,False,Tokyo,2024-12-24,Solo,???,MobileApp,2024-06-12 16:14:30,2025-09-22 22:02:30
H00778,Patterson-Brewer,Germany,Hamburg,City Hotel,4,282,Free WiFi,Want candidate manage step mention. You soldier last remain determine.,Historic Site,-31.504762,9.721076,http://www.crawford-suarez.com/,C0004996,Ashley,Foster,Ashley Foster,trivers@example.org,629-817-4273x786,2006-04-07,M,Turkey,Ankara,"34277 Juan Well Apt. 478, Ankara",WZ 66725,de,___,2024-10-29,   ,BKG_000000204,2024-04-13,2025-08-06,2025-08-17,11,3,1,0,suite,3,Phone,No requests,False,,,1907.06,,244.06,80.7,439.82,Failed,Cash,Airbnb,,70.82,2025-01-08 07:35:16,2025-09-27 14:13:23,API,Cancelled,REV_00000204,1,Woman after choose million save matter position.,Feel until respond morning. Decide really thus though security mean. Baby arrive difficult personal police. Their amount find feeling.,2024-12-05,46,   ,Singapore,2025-10-16,Business,double,LegacySystem,2025-01-08 07:35:16,2025-09-27 14:13:23
H00409,Bates-Morgan,Switzerland,Basel,--,3,286,!!Restaurant,Investment hit nothing my our. These move type nearly civil program.,Historic Site,,0,https://young-mendoza.org/,C0004830,Amy,Frederick,Amy Frederick,wsmith@example.net,221-398-1295x90860,1990-04-30,F,Indonesia,Bali,"6188 Smith Springs Apt. 624, Bali",OY 35664,fr,Gold,2023-09-25,True,BKG_000000205,2025-07-20,2025-12-20,2025-12-23,3,3,3,1,suite,Ten,Web,No requests,False,,,1292.03,157.56,21.48,62.73,640.8,Refunded,Credit Card,TravelAgency,NO_PROMO,181.54,2025-03-03 07:22:51,2025-08-18 08:01:14,SYSTEM,Pending,REV_00000205,2,Reduce debate marriage land measure scientist.,"Feel brother but computer save church almost.
Right worker four take east weight church. Affect blue up break painting often else central.",2025-09-13,77,True,Makati,2025-08-13,Leisure,single, LegacySystem ,2025-03-03 07:22:51,2025-08-18 08:01:14
H00759,"Welch, Rodriguez and Little",singapore,Singapore,City Hotel,5,119,Restaurant,Amount dog whatever onto than middle. Popular anything born production how.,Shopping Mall,43.15471,-73.104729,!!https://www.lee.com/,C0002588,Bethany,Wright,Bethany Wright,richard21@example.org,(470)614-9045x507,1952-10-10,F,Hungary,Debrecen,"725 Sherman Club, Debrecen",KZ 69416,en,Platinum,2024-09-15,False,BKG_000000206,2024-05-22,2025-12-30,2025-12-31,1,2,0,Five,double,1,Web,,True,2025-05-06,Payment Failed,1829.62,1331.55,183.92,9.62,268.71,Failed,Cash,Booking.com,PROMO389...,23.56,2024-09-05 10:06:47,2025-04-27 18:40:58,SYSTEM,Cancelled,REV_00000206,1,Else computer visit pick artist.,"Edge start family staff candidate like. Real I by strategy civil bar change.
Remain total but my. Health at someone he. They live Republican popular.",2023-11-25,12,False,Antwerp,2025-01-24,Solo,suite,CloudBooking,2024-09-05 10:06:47,2025-04-27 18:40:58
H00025,"Santos, Burns and Kennedy",Serbia,Novi Sad,Boutique,5,445,"Pool,Gym,Spa",Easy grow song business. Else society message onto investment. Across may rather power nothing.,Historic Site,45.054112,158.692148,http://turner.com/,C0003747,Laura,Walker,Laura Walker,ellismichelle@example.org,001-888-930-6316,1954-01-06,Other,Saudi Arabia,Medina,"4406 Schultz Pass, Medina",OF 60453,tr,Silver,2024-02-17,True,BKG_000000207,2024-11-03,2026-06-01,2026-06-03,2,4,2,2,,1,Phone,Late check-in,False,,,1159.48,59.52,141.42,21.34,317.07,Failed,???,Direct,NO_PROMO,9999,"Jan 32, 2025",2025-10-17 13:34:01,AGENT,Confirmed,REV_00000207,2,Reach write forward together technology.,Meeting do his with fall east. Without bank serious Republican.,2024-06-09,66,False,Plovdiv,2025-05-25,Leisure,double,APIGateway,"Jan 32, 2025",2025-10-17 13:34:01
H00500,Gonzalez Inc,Mexico,Cancún,Luxury Hotel,5,227,Restaurant,Dream ahead final treatment cut.,"Beach,Museum,Park",60.339783,171.681057,http://davidson.com/,C0002343,Alyssa,Clark,Alyssa Clark,josephevans@example.net,505.720.5033x289,1958-02-04,M,Brazil,Fortaleza,"796 daniel court, fortaleza",DJ 51993,en,Platinum,2024-10-26,True,BKG_000000208,2024-08-15,2024-12-30,2025-01-02,3,3,3,2,single,1,Phone,Late check-in,False,,,826.91,1001.05,156.75,91.11,734.65,FAILED,Credit Card...,Direct,,46.68,2024-01-07 10:43:06,2025-06-28 11:38:35,USER,Pending...,REV_00000208,5,Significant reflect pattern administration compare down live work.,Inside final smile whether. Store employee nature his do pick.,2024-04-14,62,False,Kosice,2025-09-21,Business,double,MobileApp,2024-01-07 10:43:06,2025-06-28 11:38:35
H00351,Dunn-Hamilton,Malaysia,George Town,Luxury Hotel,2,170,"Pool,Gym,Spa",Close put professional tend yourself now. Itself process imagine why on. Easy firm officer than.,"Beach,Museum,Park",88.991428,-103.835246,http://www.thomas.com/,C0003349,Brian...,Nelson,Brian... Nelson,robert83@example.net,(946)384-7488,1984-04-05,F,Slovakia,Presov,"047 Joanna Square, Presov",KI 48581,fr,Gold,2023-06-23,True,BKG_000000209,2024-04-13,2024-12-04,2024-12-05,1,1,3,1,single,1,Phone,Late check-in,True,2024-11-10,Payment Failed,1350.47,1411.86,271.25,45.37,655.6,Pending,Debit Card,Airbnb,PROMO614,77.84,2024-09-17 08:26:22,2025-09-22 06:02:02,AGENT,Cancelled,REV_00000209,1,Across how art stuff middle.,Check yet strategy force talk model. Also within model arrive experience approach. About training meet court response.,2023-12-08,87,False,Hyderabad,2024-12-15,Couple,suite,LegacySystem,2024-09-17 08:26:22,2025-09-22 06:02:02
H00729,Wilson LLC,Denmark,Aarhus,Budget Hotel,4,431,"Pool,Gym,Spa",How close catch rich mother. Box before finally hair.,Historic Site,-27.726456,5.779936,https://www.mitchell-jones.com/,C0003545,Joshua,Olson,Joshua Olson,ltorres@example.net,(987)758-2829x940,2007-02-04,M,United Kingdom,London,"2304 Gregory Valley, London",HI 99084,fr,Platinum,2025-10-25,True,BKG_000000210,2025-06-02,2025-07-24,2025-07-29,5,3,3,2,single,1,Web,Late check-in,False,,,685.8,-1,268.0,87.79,364.43,Paid,!!Credit Card,Airbnb,,Ten,2025-03-19 14:21:06,2025-10-08 08:55:57,API,Cancelled,REV_00000210,1,Executive care teach you stuff.,Home strong investment husband. Player rise hand ball themselves determine south.,2024-01-16,76,True,Linköping,2025-05-31,Couple,suite,LegacySystem,2025-03-19 14:21:06,2025-10-08 08:55:57
H00517,"Lloyd, Williams and Abbott",Spain,Barcelona,Boutique,4,499,Restaurant,Yeah religious respond less whole. Significant low garden how. Message road part we.,"Beach,Museum,Park",-0.634735,69.605691,https://www.bowers.net/,C0004270,Ashley,Lewis,Ashley Lewis,brianmarquez@example.com,(903)687-3515,1978-06-24,M,Philippines,Davao,"565 Ryan Lights Apt. 644, Davao",ZO 92243,de,--,2023-08-10,False,BKG_000000211,2024-12-22,2026-10-27,2026-10-29,2,1,0,2,suite,0,Phone,No requests,True,2025-05-31,No Show,1524.48,53.54,296.13,34.23,522.74,Pending,Cash,Airbnb,,167.62,2024-04-29 15:36:18,2025-08-18 20:24:47,API,Cancelled,REV_00000211,4,Information official late wonder.,"Provide born training.
Hear admit ok education relationship.",2025-03-12,37,False,Venice,2024-11-28,Couple,double,APIGateway,2024-04-29 15:36:18,2025-08-18 20:24:47
H00122,--,Greece,Athens,City Hotel,2,242,"Pool,Gym,Spa","Rather security she hot.
Window way population. Get against key senior.",Shopping Mall,9999,-119.834295,http://huff.com/,C0000369,jonathon,Bates,jonathon Bates,cooperluis@example.org,001-279-720-7566x302,1996-03-12,Other,Sweden,Linköping,"9337 Sean Crossing, Linköping",IC 23649,fr,,2025-08-17,TRUE,BKG_000000212,2025-02-07,2025-07-05,2025-07-08,3,4,1,1,double,2,Mobile App,,False,,,689.37,672.89,259.59,1.83,475.38,Failed,Credit Card,Airbnb,PROMO420,148.32,2024-11-20 15:42:34,2025-08-19 05:40:37,USER,Cancelled,REV_00000212,5,Prepare opportunity about.,Wait perform most effect fly draw. Yard difference drive those.,2025-04-17,90,True,Barranquilla,2025-10-05,Couple,double,APIGateway,2024-11-20 15:42:34,2025-08-19 05:40:37
H00957,"Smith, Castillo and Bailey",???,___,Budget Hotel,5,123,Restaurant,Republican identify record agent everything last any.,Shopping Mall,17.363648,-11.642636,Https://murphy-johnson.org/,C0003169,William,Gonzales,William Gonzales,kayla05@example.net,7872935450,1997-10-26,F,Switzerland,Geneva,"1297 Michele Ranch Suite 572, Geneva",EO 81717,es,Bronze,2022-12-06,True,BKG_000000213,2025-04-20,2025-09-15,2025-09-24,9,4,0,2,double,1,Phone,No requests,False,,,1514.3,140.69,80.89,1.52,1419.45,Refunded,Cash,travelagency,NO_PROMO,132.46,2024-01-04 20:16:56,2024-12-05 13:51:48,API,Confirmed,REV_00000213,2,Reality pretty whom task.,Show pass join rate less include system. Brother purpose character during amount exist raise.,"Jan 32, 2025",28,False,___,2025-07-14,Leisure,double,LegacySystem,2024-01-04 20:16:56,2024-12-05 13:51:48
H00508,"Smith, Ramsey and Flynn",Australia,Sydney,Luxury Hotel,2,353,"Pool,Gym,Spa",Behavior everyone new soldier answer edge.,"Beach,Museum,Park",-73.163485,-39.284419,http://benson.com/,C0004885,Jonathan,Davis,Jonathan Davis,dennis14@example.com,001-309-951-2301x4683,1996-12-06,Other,South Africa,Durban,"40259 Lori Fords Apt. 199, Durban",MU 48563,es,Platinum,2025-07-07,True,BKG_000000214,2024-11-25,2026-06-08,2026-06-10,2,4,0,1,suite,2,Phone,Late check-in,False,,,1203.99,291.07,252.8,5.09,1120.17,Paid,___,Direct,PROMO538,43.58,2024-05-28 15:57:48,2025-10-23 03:11:27,USER,Confirmed,REV_00000214,2,Prevent likely parent probably data.,Country star race people good book condition. Rock begin happy public ahead establish. President investment admit quickly.,2024-02-09,56,False,Funchal,2025-04-22,Business,double,CloudBooking,2024-05-28 15:57:48,2025-10-23 03:11:27
H00249,"Jarvis, Palmer and Torres",India,New Delhi,Resort,2,247,"Pool,Gym,Spa",Surface I itself official seven ready. We for or camera whom share move.,Shopping Mall,-55.253991,-52.003797,https://www.taylor.com/,C0001336,rebecca,Rice,rebecca Rice,simsdavid@example.net,(651)605-7009x3212,2023-13-01,M,Austria,Innsbruck,"0970 Holland Plaza Apt. 369, Innsbruck",ER 64846,fr,BRONZE,2025-10-14,True,BKG_000000215,2024-12-21,2026-06-03,2026-06-06,3,2,3,1,suite,3,Web,Extra bed,True,2025-06-07,No Show,682.8,1185.94,196.21,17.91,93.96,Pending,Debit Card,travelagency,,61.19,2024-11-28 05:08:16,2025-02-04 00:30:50,USER,Pending,REV_00000215,3,Run figure me find team mother financial spend.,Bank alone avoid opportunity practice. Prevent five test cause government loss member. Finish difficult something she way perhaps conference.,2025-07-02,90,False,Coimbra,2025-07-23,Business,suite,CloudBooking,2024-11-28 05:08:16,2025-02-04 00:30:50
H00447,"Martinez, Mcfarland and Lopez",Hungary,Pecs, Resort ,1,454,Restaurant,Family play be usually. Onto then none stop brother. Catch painting east special.,Historic Site...,52.511938,-101.643518,https://garcia-wallace.com/,C0000432,Carla,Dennis,Carla Dennis,wumary@example.com,321.802.0910x7401,1963-08-14, F ,Thailand,Bangkok,"28492 Mercado Wall Suite 639, Bangkok",EA 80819,en,Gold,2025-04-17,True,BKG_000000216,2025-10-02,2026-01-10,2026-01-16,6,3,0,1,--,3,Mobile App,No requests,False,,,468.23,970.4,232.89,29.8,223.37,Pending,Cash,Airbnb,NO_PROMO,29.28,2024-05-26 23:43:27,2025-06-24 20:01:43,USER,Pending,REV_00000216,5,Compare rate positive again born them.,Star painting others environment. Performance ever full late form budget debate. Leg thought present for few.,2024-02-11,0,True,Lisbon,2025-07-27,Couple,double,LegacySystem,2024-05-26 23:43:27,2025-06-24 20:01:43
H00164,"Price, Hawkins and Crane",Kenya,Nairobi,Business Hotel,4,359,Restaurant,Hot eat peace. Still least building last series well.,"Beach,Museum,Park",,-136.256395,HTTP://HARRISON.COM/,C0003657,   ,Walker,    Walker,boyerelizabeth@example.com,(746)851-1416,1980-07-12,F,South Africa,Cape Town,"82360 Davies Springs Apt. 892, Cape Town",OY 57844,tr,Bronze,2023-07-30,???,BKG_000000217,2025-08-09,2025-02-15,2025-02-20  ,11,2,1,0,suite,2,Mobile App,Late check-in,False,,,1511.73,32.18,169.31,51.68,801.49,Paid,PayPal,Direct,NO_PROMO,9.82,2025-07-13 01:33:22,2024-12-26 04:52:13,AGENT,Pending,REV_00000217,1,Treat you already watch good ever.,Chance series teach wonder your. She reveal market approach eye reach left. Easy tax easy professor factor actually official.,2025-04-18,31,False,Barcelona,2024-11-03,Business,double,MobileApp,2025-07-13 01:33:22,2024-12-26 04:52:13
H00799,"Wilson, Wilson and Atkinson",Malaysia,--,Resort,3,363,"Pool,Gym,Spa",Left current rate.,"Beach,Museum,Park",38.430563,-100.493382,https://www.carroll.net/,C0002390,Stacy,Sanford,Stacy Sanford,gavin05@example.net,(922)786-4812x80323,1972-04-24,Other,Italy,Venice,"59314 Anderson Estates Apt. 114, Venice",JS 18704,en,Gold,2023-09-11,False,BKG_000000218,2025-09-12,2025-09-01,2025-09-09,8,1,3,2,single,2,Mobile App,No requests,True,2025-01-21,,425.56,596.96,139.79,85.82,4.42,Refunded,Debit Card,Direct,NO_PROMO,186.06,2024-02-03 06:37:01,2024-12-19 00:06:32,AGENT,Pending,REV_00000218,1,Of for a member.,Four would despite lay quite perhaps hand. Free seem process social blood.,2023-11-02,15,True,Trondheim,2024-11-27,Solo,suite,APIGateway,2024-02-03 06:37:01,2024-12-19 00:06:32
H00910,Patterson and Sons,Italy,Florence,City Hotel,1,126,Restaurant,Customer bed teacher hard player. Chair appear thus point outside my article.,"Beach,Museum,Park",72.625508,-143.585132,https://bowman.com/,C0003086,Angela,Garrison,Angela Garrison,myerssusan@example.net,854.281.0499,1984-11-17,F,Germany,Frankfurt,"2498 Lee Squares, Frankfurt",BX 13227,fr,Bronze,,False,BKG_000000219,2024-05-01,2025-01-03,2025-01-05,2,3,2,2,single,2,Mobile App,,False,,,1946.82,808.0,0,60.51,1751.9,Pending,PayPal,Booking.com,NO_PROMO,50.82,2025-07-08 08:28:56,2024-12-06 23:35:48,AGENT,Confirmed,REV_00000219,1,Main nor explain page explain church.,Friend themselves skin. Although series though last his toward follow where. Dinner hear serve she energy number middle.,2025-10-02,2,False,Ajman,2025-06-07,Solo,single,MobileApp,2025-07-08 08:28:56,2024-12-06 23:35:48
H00466,Williams and Sons,Norway,Oslo,Business Hotel,2,251,Free WiFi,Prevent surface kitchen. Administration not own option.,Historic Site,-54.042414,-9.241979,https://www.wood-frey.info/,C0002350,,Peck,None Peck,acochran@example.org,(777)977-9812x198,1982-12-08,F,Australia,Adelaide,"26928 Jordan Square Suite 170, Adelaide",FR 87401,de,Platinum,2024-01-14,False,BKG_000000220,2024-03-16,2026-05-11,2026-05-23,12,4,3,2,suite,3,Phone,No requests,True,2025-01-11,Customer Request,1448.02,747.1,110.09,,319.81,Failed,Debit Card,TravelAgency,,110.44,2024-11-18 03:20:47,2025-09-23 23:26:46,SYSTEM,Cancelled,REV_00000220,2,Country the area spring focus degree.,Reveal business when accept apply success. Herself treatment hair worry. Couple east only top thus civil.,2024-09-22,18,False,Tokyo,2025-03-29,Couple,suite,MobileApp,2024-11-18 03:20:47,2025-09-23 23:26:46
H00250,Patel Ltd,United States,Washington D.C.,Luxury Hotel,3,367,Free WiFi,Challenge discuss national hold poor. Box give rest try agency keep.,Shopping Mall,-38.899055,,http://www.hale.com/,C0002808,Bill,Morrow,Bill Morrow,sarahgibbs@example.org,+1-592-941-4406,2004-06-25,Other,New Zealand,Queenstown,"4776 Ryan Plains, Queenstown",RX 35322,es,,2023-09-28,False,BKG_000000221,2025-02-04,2024-11-01,2024-11-04,3,4,Ten,2,single,3,Phone,,False,,,526.77,1362.89,83.63,32.5,93.43,Paid,PayPal,Booking.com,,48.42,2024-10-02 23:13:32,2025-02-05 14:58:08,USER,Cancelled,REV_00000221,5,Operation budget travel for.,"Power choose yeah black admit.
Actually democratic street spring dinner benefit. Control Democrat others team again identify across.",2024-12-04,6,True,Puebla,2025-09-05,Leisure,suite,MobileApp,2024-10-02 23:13:32,2025-02-05 14:58:08
H00767,Williams-Williams,Hungary,Pecs,Boutique,5,464,"Pool,Gym,Spa",Tonight important run never. Look agent standard notice player team.,Historic Site,16.899777,-37.518371,https://alvarez.biz/,C0002188,Jennifer,Jackson,Jennifer Jackson,gomezdavid@example.org,884-406-5468,1989-03-27,M,Norway,Oslo,"940 Elliott Lock, Oslo",IB 31046,fr,Platinum,2025-06-12,True,BKG_000000222,2025-03-09,2025-03-11,2025-03-16,5,2,3,2,single,3,Phone,Late check-in,True,2025-08-15  ,,1021.17,484.86,293.22,59.25,,Paid,Credit Card,Airbnb,,110.28,2023-12-09 08:19:46,2025-08-26 22:58:16,SYSTEM,Confirmed,REV_00000222,4,What page create one some.,"Agency heart without majority. Skin both seven reason.
Support better nor past catch his down. Stock able page anything lead understand.",2025-01-09,94,True,Beijing,2025-01-07,Business,double,LegacySystem,2023-12-09 08:19:46,2025-08-26 22:58:16
H00356,Johnson and Sons,Germany,COLOGNE,Resort,,46,Free WiFi,Age you woman rate front off win. Ground town current money determine term.,"Beach,Museum,Park",-6.332749,54.824095,http://www.scott.net/,C0004515,Emily,Harmon,Emily Harmon,danielrodgers@example.com,797.588.8375x6009,2023-13-01,Other,United Arab Emirates,Sharjah,"8254 Mcconnell Plaza Apt. 099, Sharjah",FH 91637,es,Gold,2023-11-13,True,BKG_000000223,2025-03-31,2025-03-26,2025-04-08,13,3,0,0,single,3,Phone,,True...,2024-11-14,Hotel Closed,1455.8,143.66,256.17,30.74,146.02,Failed,Debit Card,Booking.com,,94.76,2024-03-01 03:34:55,2025-05-21 05:58:45,SYSTEM,Cancelled,REV_00000223,3,Ability laugh admit trip building somebody.,"Why anyone continue defense. Experience back bag half form forward. Sing candidate feeling discuss.
Computer him level plant could year.",2024-12-05,-1,False,Seville,2025-09-15,Leisure,suite,CloudBooking,2024-03-01 03:34:55,2025-05-21 05:58:45
--,Livingston PLC,Hungary,Debrecen,Luxury Hotel,2,53,Restaurant,Set hotel among level. Draw lead station middle act couple occur. Section close own clearly least.,Historic Site,-46.129151,163.031029,https://kelly.biz/,C0003508,Todd, Vasquez ,   , maddoxbrandon@example.org ,(672)983-9032x09682,1952-03-30,Other,Bulgaria,Sofia,"24472 Ortiz Loop, Sofia",FD 21680,de,,2024-05-05,False,BKG_000000224,2023-11-29,2026-10-12,2026-10-18,6,1,0,Ten,suite,3,Mobile App,No requests,True,2025-04-16,Customer Request,1713.27,269.69,35.85,28.03,1012.38,Pending,Credit Card,Direct,PROMO470,47.46,2024-11-24 15:44:31,2025-01-04 21:26:43,API,Pending,REV_00000224,2,Along full be stock make picture perform.,"Road according happen likely. Whether course voice sign debate.
American range develop really ball. Together system why meeting dinner.",2024-04-29,59,True,Daegu,2025-03-11,Business,suite,LegacySystem,2024-11-24 15:44:31,2025-01-04 21:26:43
H00273,Evans-Hoffman,Argentina,Mendoza,City Hotel,-1,93,Restaurant,Fine lot foot sport peace. Stuff create including what yet move south check.,Shopping Mall,3.178412,-118.060257,https://malone-schneider.info/,C0003471,Sarah,Williams,Sarah williams,oprice@example.net,7722589711,1965-03-29,M,United Kingdom,Edinburgh,"254 Thomas Station Suite 192, Edinburgh",EZ 40688,en,Bronze,2024-04-16,False,BKG_000000225,2024-11-18,2025-05-03,2025-05-14,11,1,2,Five,double,1,Agent,,False,,,1664.03,711.51,9.29,59.52,699.98,Refunded,Credit Card,Expedia,NO_PROMO,187.83,2025-06-18 21:42:41,2025-06-01 22:58:41,,Pending,REV_00000225,3,Trouble too both discover however.,"Various sit magazine hot. Data morning and still voice.
Buy eight traditional sell. Night ahead floor defense.",2023-12-28,6,False,Nice,2025-01-02,Family,double,CloudBooking,2025-06-18 21:42:41,2025-06-01 22:58:41
H00283,???,Austria,Salzburg,Luxury Hotel,2,443,"Pool,Gym,Spa",Peace property western special chair maybe. Hit message not public same half large.,Historic Site,0,139.661578,http://www.brown-maxwell.com/,C0004286,Drew,Little,Drew Little,mathew38@example.net,+1-252-922-1864,1980-10-15,F,Nigeria,Lagos,--,IS 98740,en,Platinum,2022-11-15,True,BKG_000000226,2025-08-23,2025-06-10,2025-06-16,6,3,1,1,double,1,Mobile App,No requests,True,2025-05-14,,1238.15,1449.03,44.31,19.12,422.4,Pending,PayPal,TravelAgency,PROMO930,41.44,2024-11-18 12:33:48,2025-05-03 23:22:31,AGENT,Confirmed,REV_00000226,2,Toward check pass good second other.,Choose quality international from however produce to. Political weight check send.,2024-05-21,85,True,Valparaíso,2025-08-04,Leisure,single,!!APIGateway,2024-11-18 12:33:48,2025-05-03 23:22:31
H00399,Flowers Inc,Finland,Turku,Luxury Hotel,2,344,Free WiFi,Head goal population full. Study sea live forward.,Shopping Mall,80.510458,-102.360934,http://www.savage.com/,C0001319,Jessica,Hernandez,Jessica Hernandez,andersonheather@example.com,310.367.8520,1964-03-25,F,Peru, Lima ,"09482 Andrew Keys Apt. 201, Lima",TY 90964,tr,,2024-12-13,False,BKG_000000227,2024-08-04,2026-04-15,2026-04-27,12,4,0,1,double,3,Agent,No requests...,True,2024-12-03,Hotel Closed,1496.65,696.53,37.29,52.09,580.75,Failed,Debit Card,Booking.com,PROMO901,76.56,2025-08-10 20:05:09,0000-00-00,SYSTEM,Cancelled,REV_00000227,2,Woman both out property.,Position trouble affect month me though senior peace. Window today production four page direction quite.,2024-06-03,83,True,Linköping,2025-04-08,Leisure,suite,LegacySystem,2025-08-10 20:05:09,0000-00-00
H00573,Clark-Burgess,Japan,nagoya,City Hotel,1,140,Restaurant,"Street oil and.
Surface adult bar time. Watch eat ok coach no girl. Source however serious move.","Beach,Museum,Park",-81.236392,-99.925034,https://klein.com/,C0000845,Denise, Williams ,Denise  Williams ,gutierrezjustin@example.com,001-255-400-5268x255,1970-01-21,F,Greece,Rhodes,"91784 Clark Burgs, Rhodes",RP 94242,de,Silver,2025-10-26,False,BKG_000000228,2024-11-30,2025-09-30,2025-10-05,5,1,1,1,double,2,Phone,Late check-in,False,,,1980.21,1007.11,296.8,65.32,1530.44,Paid,Debit Card,Airbnb,NO_PROMO,96.63,2025-04-27 11:59:23,2025-07-14 05:55:03,USER,Cancelled,REV_00000228,5,Hotel form admit now fine enough.,House future boy alone officer night also. Sort skin strong land free door so. Raise condition national.,2025-07-27,0,False,Limerick,"Jan 32, 2025",Business,single,APIGateway,2025-04-27 11:59:23,2025-07-14 05:55:03
H00968,Alexander-Gallagher,Denmark,Aalborg,Business Hotel,4,40,"Pool,Gym,Spa",Bad three think example food. When politics father part most government.,,76.634156,179.356972,http://huang-baker.com/,C0001823,Sabrina,Garcia,sabrina garcia,edwincox@example.net,(939)474-7571,1984-07-27,M,Nigeria,Kano,"90318 Brandt Mount, Kano",WT 58853,tr,Gold,2023-06-20,False,BKG_000000229,2024-08-17,2025-10-08,2025-10-11,3,2,3,1,suite,2,Agent,Extra bed,False,,,777.74,-1,261.21,79.5,356.09,Refunded,PayPal,Booking.com,NO_PROMO,18.93,2023-12-04 12:29:04,2025-09-04 18:33:09,AGENT,Cancelled,REV_00000229,4,Country husband success serious something nearly.,"Draw big early minute term ok mission have.
Worry century commercial view. Every while public light administration perhaps. Certain same forget foot.",2025-04-12,77,True,Eilat,2025-08-24,Leisure,suite,mobileapp,2023-12-04 12:29:04,2025-09-04 18:33:09
H00201,Landry-Reeves,Romania,Brasov,Business Hotel,3,9999,Restaurant,Speak four upon color us throw program your. Guess reduce name civil edge reflect born.,Shopping Mall,-4.96607,-178.557645,http://www.powell.org/,C0002259,Mary,Cantrell,Mary Cantrell,eddie86@example.org,000-000-0000,1976-05-06,Other,Brazil,Belo Horizonte,"158 Lori Spur, Belo Horizonte",MY 97288,tr,Bronze,2023-01-24,True,BKG_000000230,2024-12-03,2025-09-10,2025-09-18,8,Five,3,0,single,1,Mobile App,Extra bed,True,2024-11-12,No Show,1863.81,1317.01,288.92,40.16,,Paid,???,Direct,PROMO409,90.52,2025-09-15 01:19:44,2025-06-24 09:11:02,API,Pending,REV_00000230,5,Performance wife her serve along.,"Buy size turn. Claim away detail present guy power.
Push hold mouth price teacher.",2024-02-20,53,False,Rome,2025-08-14,Leisure,double,APIGateway,2025-09-15 01:19:44,2025-06-24 09:11:02
H00636,Hernandez PLC,France,Bordeaux,City Hotel,1,347,"Pool,Gym,Spa",Ago present general. Material impact art partner suddenly like fight.,Shopping Mall,-86.071754,62.437378,http://www.jacobson-fisher.com/,C0001233,William,Mccullough,William Mccullough,zlozano@example.com,001-357-293-8094,1982-02-14,F,United Arab Emirates,Dubai,"466 Nicholas Walks, Dubai",WR 42740,tr,Bronze,2023-12-09,True,BKG_000000231,2024-10-24,2025-05-19,2025-05-26,7,2,3,2,single,2,Phone,,True,2025-10-27,No Show,864.13,467.45,134.86,5.78,490.95,Paid,Cash,Expedia,,108.21,2024-04-17 10:53:05,2025-07-17 17:48:23,USER,Confirmed,REV_00000231,5,Close company collection.,Surface relate miss again. Range stand through. Human shoulder again others follow.,2024-08-28,28,True,Nakuru,2025-06-19,Solo,single,MobileApp,2024-04-17 10:53:05,2025-07-17 17:48:23
H00688,Morton LLC,Nigeria,Lagos,Luxury Hotel,2,58,"Pool,Gym,Spa",Right radio over tree month. Career eat mother sport who.,"Beach,Museum,Park",71.217708,16.790447,https://www.pearson.com/,C0001749,Lisa,Howell,Lisa Howell,heathersloan@example.org,(890)444-9125x514,1966-08-22,M,Brazil,Fortaleza,"73224 Morgan Greens, Fortaleza",MX 77746,tr,Platinum,2025-01-13,False,BKG_000000232,2024-01-22,2025-03-13,!!2025-03-15,6,3,1,0,suite,2,Phone,Late check-in,False,,,796.18,866.06,Five,,241.39,Paid,Cash,Expedia,PROMO855,76.82,2024-07-22 14:22:11,2025-07-18 13:36:20,USER,Pending,REV_00000232,5,Book represent note especially....,"While believe chair traditional talk wear past picture. Instead sea something.
Nearly trial television. Thus unit remain suggest food theory.",2025-02-26,83,True,Bordeaux,2024-12-10,   ,double...,APIGateway,2024-07-22 14:22:11,2025-07-18 13:36:20
H00140,Graham-Smith,Denmark,Aalborg,City Hotel,1,247,Restaurant,Leader item appear anyone black. Compare nation vote even. Collection newspaper whatever.,"Beach,Museum,Park",-5.398763,-22.802673,http://morris.com/,C0000436,Kevin,Hicks,Kevin Hicks,jblake@example.org,(573)919-9371,1961-03-24,M,Netherlands,Eindhoven,"771 Dunn Hills, Eindhoven",ZU 59803,es,Silver,2023-11-08,True,BKG_000000233,2024-02-10,2025-08-15,2025-08-21,6,1,0,1,suite,2,Web,Extra bed,True,2025-05-28,Customer Request,775.49,1422.59,98.61,42.1,700.74,Failed,Debit Card,Airbnb,--,172.65,2024-03-31 12:46:34,2025-06-14 12:16:48,API,Pending,REV_00000233,5,Hand worker home your seven high attorney.,Grow natural different available. Whose voice building social TV wish. Network family write food close others.,2024-06-12,52,True,Trondheim,2025-10-25,Family,double,CloudBooking,2024-03-31 12:46:34,2025-06-14 12:16:48
H00343,Tran PLC,Norway,Trondheim,???,5,109,"Pool,Gym,Spa",Garden only simple live he. Family build enjoy half. Born break guess able.,Shopping Mall,-43.320761,-117.931461,https://www.allison.org/,C0002631,Taylor,Hill,Taylor Hill,johnsonbrian@example.net,629.901.3094x5109,1999-03-06,F,United Arab Emirates,Abu Dhabi,"673 Ryan Mission, Abu Dhabi",ZG 74599,fr,Platinum,2024-07-09,True,BKG_000000234,2025-06-20,2024-12-31,2025-01-13,13,3,9999,1,double,2,Agent,Extra bed,False,2025-09-09,Hotel Closed,274.19,698.26,100.22,70.33,261.4,Paid,Debit Card,Booking.com,NO_PROMO,111.71,2024-05-12 19:17:46,2025-04-24 16:43:21,USER,Cancelled,REV_00000234,4,Nature region between model rich between.,"Different especially dog put matter reveal. Control provide how technology scientist wrong investment.
Character clear floor suggest.",2025-01-14,42,False,Sofia,2025-04-12,Couple,single,MobileApp,2024-05-12 19:17:46,2025-04-24 16:43:21
H00679,"Davis, Edwards and Phillips",Philippines,Makati,Business Hotel,3,221,Free WiFi,Conference minute seek stay key program party. Rock sign beyond.,Shopping Mall,,-57.14216,http://jones.com/,C0002989,Brittany,???,Brittany ???,test@,545.949.5742,1951-12-26,M,Denmark,Aalborg,"08163 Stephanie Underpass Suite 666, Aalborg",AH 56976,es,Silver,2023-06-29,False,BKG_000000235,2024-02-12,2025-04-16,2025-04-18,2,3,1,2,double,2,Phone,,False,,,1591.56,972.94,7.16,58.02,22.64,Pending,Debit Card,TravelAgency,,181.16,2024-03-18 15:19:54,2024-11-30 06:58:50,SYSTEM,Confirmed,REV_00000235,5,Test staff young girl have.,What town kind book then important bill. Out fund performance part this. Score culture reveal necessary toward power.,2025-07-07,57,False,Burgas,2025-05-02,Leisure,double,MobileApp,2024-03-18 15:19:54,2024-11-30 06:58:50
H00658,Stark LLC,Switzerland,Zurich,City Hotel,5,413,Free WiFi,Each few because. Employee finally they good final. Yet power require not watch across.,Historic Site,11.569901,108.551239,https://www.jordan.com/,C0000841,Justin,Day,Justin Day,jbrady@example.com,(233)280-4676x246,1999-03-16,___,Hungary,Szeged,???,KS 66804,de,,2025-06-26,False,BKG_000000236,2025-07-22,2025-01-11,2025-01-24,13,1,0,0,single,2,Phone,No requests,,,,162.54,328.29,173.22,28.32,65.38,Refunded,   ,Expedia,,57.66,2025-06-13 19:52:41,2025-04-23 01:05:53,SYSTEM,Pending,REV_00000236,4,Social information bring require.,Available lead long type. Security talk site likely fight. Administration response too same star rate unit.,2025-08-16,28,False,Munich,2025-03-24,Family,single,APIGateway,2025-06-13 19:52:41,2025-04-23 01:05:53
H00616,"Lee, Pena and Hall",Italy,,Boutique,2,-1,"Pool,Gym,Spa",Book analysis share significant. Note position authority occur hard election.,"Beach,Museum,Park",44.887376,93.3807,,C0001951,Zachary,Atkinson,Zachary Atkinson,iellis@example.com,9233259457,1977-01-20,Other,Sweden,Gothenburg,"4077 Jack Cliffs Apt. 282, Gothenburg",UI 34074,de,Silver,2023-02-25,True,BKG_000000237,2024-01-05,2025-05-22,2025-05-24,2,1,3,1,double,-1,Agent,No requests,True,2025-02-05,Customer Request,1895.5,199.77,172.22,50.42,1471.21,Paid,Debit Card,Expedia,NO_PROMO,144.42,2025-08-16 14:44:31,2025-03-24 17:04:20,AGENT,Pending,REV_00000237,2,Argue rock Congress.,"Early push it wide officer middle. Who forget financial worker data tree agree.
Still quality among method democratic.",2025-02-12,15,True,Shanghai,2025-01-28,Business,double,LegacySystem,2025-08-16 14:44:31,2025-03-24 17:04:20
H00188,Neal-Colon,Peru,Cusco,Boutique,4,296,"Pool,Gym,Spa",Federal agency laugh teacher military image green in.,SHOPPING MALL,Ten,-134.054141,https://www.mccoy-bush.com/,C0002241,Dominic,Schmidt,Dominic Schmidt,rubioalexis@example.org,+1-965-488-6459,1945-07-16,F,Norway,Tromsø,"3211 Nunez Shoal, Tromsø",YV 82879,en,Platinum,2025-06-25,True,BKG_000000238,2024-04-13,2026-07-12,2026-07-18,6,3,0,0,single,3,Web,Late check-in,True,2025-04-12,Customer Request,716.25,1190.88,5.65,90.26,44.89,Pending,Cash,TravelAgency,NO_PROMO,126.26,2024-02-15 07:26:58,2025-06-04 02:51:30,API,Confirmed,REV_00000238,5,Community evidence painting pull each scientist.,Hit choose follow election indicate. Throughout notice body market particularly authority.,2025-03-27,47,True,Da Nang,2025-01-07,Solo,single,APIGateway,2024-02-15 07:26:58,2025-06-04 02:51:30
H00621,Rodriguez-Long,Slovakia,Kosice,   ,5,193,Restaurant,Tough character many speech couple. Skill wonder minute seem phone cell.,"Beach,Museum,Park",-28.50971,25.481336,https://rios.com/,C0002557,Heather,Bennett,Heather Bennett,andrewberry@example.com,(304)456-5164,1969-07-08,F,Indonesia,Bandung,"563 Ball Port Suite 903, Bandung",CG 75473,en,Gold,2023-05-08,False,BKG_000000239,2025-09-06,2026-06-07,2026-06-11,4,3,1,2,double,3,Phone,No requests,False,,,1749.21,571.94,289.63,69.45,827.22,Paid,Cash,Direct,PROMO739,174.67,2024-08-29 20:50:50,2025-04-01 02:23:11,AGENT,Cancelled,REV_00000239,4,Car generation evening human campaign sign.,Project tonight conference medical certainly. Than wife information. Green all soon join phone certain idea.,2025-01-30,29,False,Chennai,2025-07-05,Couple,suite,LegacySystem,2024-08-29 20:50:50,2025-04-01 02:23:11
H00089,Gonzales-Miller,Peru,Arequipa,Boutique,,352,Restaurant,She book realize. Total well player computer amount system. Crime bad fear these pull.,Shopping Mall,-48.120826,-126.861921,https://kane.com/,C0001379,Steven,Phillips,,laneanne@example.net,+1-896-766-2008x1561,1947-01-17,M,Philippines,Makati,"384 Lisa Cape Suite 691, Makati",RQ 62988,fr,--,2024-12-29,True,BKG_000000240,2025-07-28,2026-05-15,"Jan 32, 2025",3,4,0,1,double,2,Mobile App,Extra bed,True,2024-11-14,Hotel Closed,1401.07,1215.24,215.59,7.86,80.26,Pending,Cash,Direct,,91.62,2025-03-14 14:01:43,2025-05-08 19:44:45,SYSTEM,Pending,REV_00000240,1,Half form might knowledge what.,"remain face threat technology note dark line.
easy system expert day become although dream. discuss interest perhaps tend almost almost.",2023-12-04,82,False,George Town,2025-03-16,Family,!!double,APIGateway,2025-03-14 14:01:43,2025-05-08 19:44:45
H00847,Bowen Inc,Slovakia,,Boutique,1,305,"Pool,Gym,Spa",Tv also into yet arrive avoid man south. Else third open letter.,Shopping Mall,82.944677,-153.731451,https://www.gonzalez-white.net/,C0003028,Joseph,Clark,   ,nbrowning@example.com,(823)897-7939x5250,1997-09-15,M,Germany,Berlin,"824 Aaron Fork, Berlin",FT 44203,de,Platinum,2024-05-25,False,BKG_000000241,2025-06-23,2024-11-25,2024-12-01,6,2,1,2,single,2,Web,Extra bed,False,,,1057.86,199.99,211.92,41.02,551.68,Paid,PayPal,Airbnb,NO_PROMO,171.21,2024-06-04 14:38:52,2025-08-07 17:34:46,SYSTEM,Pending,REV_00000241,3,Each scientist three but third turn.,Want and prevent decade. Partner security ball benefit onto.,2025-01-17,11,True,Nagoya,2025-05-06,Family,single,MobileApp,2024-06-04 14:38:52,2025-08-07 17:34:46
H00544,"Bean, Taylor and Fletcher",Sweden,Stockholm,City Hotel,4,223,"Pool,Gym,Spa",Local figure economy wall natural ahead. Ok safe term analysis.,"Beach,Museum,Park",-8.262564,88.86099,http://sanchez.com/,C0004462,Katherine,Hull...,Katherine Hull...,hjohnson@example.org,274.588.6661,1945-03-19,Other,Singapore,Singapore,"83939 Lisa Fork Apt. 599, Singapore",QB 56084,en,,2025-01-14,True,BKG_000000242,2024-06-30,2025-07-10,2025-07-10,1,1,3,2,single,3,Web,No requests,False,,,1431.81,799.1,274.95,17.41,915.01,Paid,Debit Card,TravelAgency,,196.82,2025-10-27 15:37:34,2025-02-21 11:30:30,AGENT,Confirmed,REV_00000242,2,New window support nothing arm term team red.,Eat office discussion hard condition condition north. Wait raise should I general spend anyone her.,2024-12-09,44,False,Porto,2025-06-22,Leisure,single,CloudBooking,2025-10-27 15:37:34,2025-02-21 11:30:30
H00190,Ford Inc,Spain,???,City Hotel,2,293,Restaurant,Various good itself some election become happy. Arm him produce before institution expert herself.,"Beach,Museum,Park",24.101702,132.532443,https://rice.com/,C0003292,Latoya,Taylor,Latoya Taylor,williampetty@example.net,001-488-246-8384x3603,2004-09-10,,Argentina,Rosario,"4467 Jones Plains, Rosario",DO 84055,en, Platinum ,2025-07-07,False,BKG_000000243,2024-10-10,2025-12-31,2026-01-13,13,1,0,1,suite,1,Phone,___,True,2025-05-30,Payment Failed,1887.61,363.19,254.56,42.5,1142.47,Failed,Cash,Booking.com,,49.38,2025-01-14 00:29:43,2025-04-12 05:44:13,AGENT,Confirmed,REV_00000243,3,Measure various purpose throughout year way.,Too however soldier out hit bed someone. Newspaper determine trouble answer right make PM.,2025-02-24,26,!!True,Brasília,2025-10-24,Leisure,double,CloudBooking,2025-01-14 00:29:43,2025-04-12 05:44:13
___,"Doyle, Bennett and Monroe",Denmark,Aalborg,Luxury Hotel,4,454,Restaurant,Company point total run third. Decision become interesting mouth sing story event.,Historic Site,72.912811,-173.450515,http://www.soto.com/,C0002196,Andrea,Miles,Andrea Miles, floreskaren@example.org ,(977)546-7510x62895,1951-09-22,Other,--,Valparaíso,"455 Christopher Stream, Valparaíso",SQ 90701,en,,2023-08-10,True,BKG_000000244,2024-03-23,2025-09-04,2025-09-15,,Ten,1,-1,suite,3,Phone,No requests,True,2025-07-17,Hotel Closed,1673.7,1367.74,246.88,-1,75.06,Refunded,Debit Card,Booking.com,PROMO208,159.94,2025-04-17 02:51:12,2025-03-21 01:55:52,AGENT,Confirmed,REV_00000244,5,Work sort suddenly write still possible.,Wrong sense total fly. Charge indeed site feeling in. Serious lawyer positive crime enough analysis.,2025-09-16,,True,Hamilton,2024-12-05,Solo,suite,LegacySystem,2025-04-17 02:51:12,2025-03-21 01:55:52
H00102,Martinez-Harrington, Turkey ,Ankara,--,3,390,Free WiFi,To he the politics so word design.,"Beach,Museum,Park",-4.264777,-109.245145,http://www.beck.com/,C0004322,Kevin,Baker,Kevin Baker,julie62@example.net,000-000-0000,"Jan 32, 2025",F,Morocco,Casablanca,"7537 John Branch, Casablanca",NP 75981,en,Platinum,2025-08-15,False,BKG_000000245,2024-05-19,2025-10-15,2025-10-20,5,1,2,2,double,2,Phone,,True,2025-01-25,,1918.91,1182.37,7.16,86.48,1250.02,Refunded,Debit Card,TravelAgency,NO_PROMO,139.06,2025-05-14 01:42:12,2025-06-04 12:01:10,SYSTEM,Pending,REV_00000245,5,Ahead speech state live couple finish enter.,Land much drug picture always prepare result. Which sure accept prove. More author center international.,2025-06-07,-1,True,Salvador,2025-09-26,BUSINESS,double,LegacySystem,2025-05-14 01:42:12,2025-06-04 12:01:10
H00080,Sanchez Inc,Belgium,Leuven,Boutique,Five,221,Restaurant,Image concern national early. Small before us.,"Beach,Museum,Park",37.673854,59.666397,https://hunt.net/,C0002943,,Trevino,None Trevino,millerscott@example.net,001-757-671-6240,2002-08-08,Other,Kenya,Kisumu,"37672 Thompson Stravenue, Kisumu",OW 32685,en,???,2024-04-07,True,BKG_000000246,2024-09-13,2024-12-31,2025-01-03,3,3,2,0,single,3,Phone,No requests,True,2024-12-27,Customer Request,974.46,1080.65,140.01,25.4,616.06,Paid,Debit Card,Airbnb,,187.67,2024-01-24 09:13:00,2024-11-22 12:07:34,SYSTEM,Confirmed,REV_00000246,3,Realize during never statement modern.,Wear several professional father. Eye old drive need economy. Usually on score full use.,2024-06-27,19,False,Szeged,2025-04-23,___,suite,LegacySystem,2024-01-24 09:13:00,2024-11-22 12:07:34
H00571,Solis-Gordon,South Africa,Port Elizabeth,Resort,1,429,"Pool,Gym,Spa",Somebody method west likely. About sign serve give various chair. Price per return out.,"Beach,Museum,Park",49.910178,-112.744246,http://www.simmons.biz/,C0004154,Daniel,Cummings,Daniel Cummings,john80@example.com,721.265.6591x55810,"Jan 32, 2025",Other,Argentina,Rosario,"6723 Conway Groves, Rosario",OF 47604,de,Silver,2024-08-01,True,BKG_000000247,02/30/2025,2026-09-15,2026-09-20,5,3,3,2,single,2,Agent,Late check-in,False,,,405.49,1192.35,243.56,16.43,403.22,Refunded,Debit Card,___,PROMO962,68.54,2024-04-18 15:00:38,2024-11-05 14:18:35,API,Cancelled,REV_00000247,3,Avoid foreign traditional society Republican.,Always late style. State current now owner change issue marriage. Teach film thank wide standard.,2023-12-05,1,True,___,2025-10-30,Family,single,CloudBooking,2024-04-18 15:00:38,2024-11-05 14:18:35
H00019,Jones-Graves,Hungary,Debrecen,Luxury Hotel,1,Five,Free WiFi,Either hotel itself reach. Story figure mention song present rate tough.,Shopping Mall,49.183825,-66.768048,https://wilkins.info/,C0000357,Scott,Martinez,Scott Martinez,molly79@example.org,(945)374-1741x40658,1989-07-02,F,China,Shenzhen,"343 Wilson Harbor, Shenzhen",XW 71857,fr,,2025-07-18,False,BKG_000000248,2024-09-17,2025-05-30,2025-06-10,11,2,3,0,double,2,Agent,,False,,,1298.37,986.2,29.98,59.28,381.28,Pending,Cash,Airbnb,NO_PROMO,137.89,2023-11-06 03:47:28,2024-12-22 13:21:31,API,Cancelled,REV_00000248,5,Describe walk whether half message.,Without police issue heart. Provide account left laugh book. Process along ball size form when away.,2024-02-20,22,True,Heraklion,2024-12-16,Solo,single,CloudBooking,2023-11-06 03:47:28,2024-12-22 13:21:31
H00374,Smith LLC,Australia,Sydney,Boutique,1,83,Free WiFi,Study rate it two. Series little argue know vote I.,Shopping Mall,10.724032,-100.371609,http://hamilton.net/,C0003643,Deborah,Hanson,Deborah Hanson,owalker@example.org,001-767-499-4770x9471,1963-04-25,F,Malaysia,Malacca,"74653 Michael Hill Suite 332, Malacca",JF 38200,fr,Silver,2023-12-17,False,BKG_000000249,2025-02-21,2025-07-26,2025-07-28,2,1,3,2,single,1,Agent,No requests,False,,,1020.27,1467.71,9999,75.75,925.73,Paid,PayPal,Expedia,PROMO249,48.82,2025-06-21 19:25:29,2025-05-03 17:45:39,API,Cancelled,REV_00000249,2,Red present upon sit system standard yet modern.,Particular try hot call leg. It police laugh interest tell agency.,2024-11-23,51,True,Medina,2024-11-15,Business,double,LegacySystem,2025-06-21 19:25:29,2025-05-03 17:45:39
H00368,Coleman-Black,Indonesia,Jakarta,City Hotel,3,500,Restaurant,Right word experience sell. Movie rather hand stage keep.,Historic Site,-39.262618,17.2011,https://www.dunn-perez.biz/,C0004133,Dana,Moreno,Dana Moreno,erika95@example.net,847.888.3960x417,1968-12-27,Other,Romania,Brasov,"146 Tanya Squares, Brasov",OE 70922,de,Bronze,2024-01-16,False,BKG_000000250,2025-09-03,2026-09-28,2026-09-28,1,1,2,2,double,3,Phone,Extra bed,True,2025-06-30,Hotel Closed,646.21,1221.49,85.32,22.98,29.24,Pending,___,Direct,NO_PROMO,54.24,2025-01-24 08:28:10,2025-03-03 09:16:54,API,Confirmed,REV_00000250,1,Specific right night.,Receive buy factor lawyer. White agreement manager bring water. Offer military month pass my certain suddenly.,2024-04-25,94,True,Cork,2025-10-05,--,suite,LegacySystem,2025-01-24 08:28:10,2025-03-03 09:16:54
H00362,George Ltd,,Singapore,Business Hotel,3,0,Restaurant,Month while star land every billion. Leg beautiful challenge prepare phone fear since.,Historic Site,53.913955,-21.908375,http://schultz.com/,C0002854,Melissa,   ,___,jensenjuan@example.com,211.283.0495,2000-12-10,F,Romania,Cluj-Napoca,"08476 King Walk, Cluj-Napoca",NY 59459,de,Platinum,2023-08-21,True,BKG_000000251,2024-11-01,2025-04-22,2025-04-23,1,1,0,0,suite,1,Agent,Late check-in,True,2025-05-29,Payment Failed,486.36,349.08,59.56,94.15,83.7,Refunded,PayPal,TravelAgency,,98.24,2023-11-14 14:25:57,2024-12-02 14:26:11,SYSTEM,Confirmed,REV_00000251,5,Local safe sing to performance foreign morning.,Provide on that it then. Dream situation write plan past strong production. Able sense situation particularly.,2024-04-17,86,False,Monterrey,2025-03-01,Family,double,MobileApp,2023-11-14 14:25:57,2024-12-02 14:26:11
H00256,Rogers-Adams,Spain,GRANADA,Business Hotel,4,461,Free WiFi,Range leave positive. Wall community method bill. Develop according range just meeting expect.,Shopping Mall,87.372635,Ten,http://www.jones.net/,C0003732,Rebecca,Nixon,Rebecca Nixon,dennis46@example.org,001-710-863-8722,1998-05-24,F,Norway,Tromsø,"4030 Ashley Place Apt. 277, Tromsø",al 25479,de,,2023-03-17,True,BKG_000000252,2025-08-20,2025-07-30,2025-08-08,9,1,0,1,single,Five,Mobile App,Late check-in,False,,,572.77,499.01,206.4,4.27,63.51,Refunded,Credit Card,Expedia,,120.94,2024-10-20 13:34:32,2025-10-29 22:00:24,USER,Cancelled,REV_00000252,3,Know open activity low art itself can.,Money social travel tell. Third road detail discuss. Individual avoid response seem customer plan TV.,2024-03-23,73,True,Vienna,2025-03-02,Solo,suite,APIGateway,2024-10-20 13:34:32,2025-10-29 22:00:24
H00500,Pearson-Gonzales,Egypt,Cairo,Luxury Hotel,3,139,Restaurant,Short task body. Goal southern size order.,Historic Site,1.310439,165.422326,http://miles.com/,C0001730,Ashley,Torres,Ashley Torres,user@.com,334-874-7573x3095,2007-02-25,Other,Malaysia,George Town,"969 Wilson Hills Suite 955, George Town",HN 84635,fr,,2023-06-27,False,BKG_000000253,2025-04-21,2026-10-02,2026-10-09,7,3,0,2,single,3,Phone,,True,2025-03-12,Hotel Closed,1964.57,637.65,221.66,23.44,1788.91,Failed,PayPal,Direct,PROMO122,1.89,2025-04-25 00:04:00,2025-05-28 04:02:02,SYSTEM,Cancelled,REV_00000253,2,Say table feeling option.,Tree then much miss current window. Along side rest while against institution near.,2025-06-12,61,False,Hyderabad,2025-06-16,Couple,double,APIGateway,2025-04-25 00:04:00,2025-05-28 04:02:02
H00222,Tucker-Mckinney,???,Cluj-Napoca,Resort,5,359,Restaurant,Go include time they officer series full.,"Beach,Museum,Park",0.007116,,http://miller.net/,C0001805,Erin,Howard,Erin Howard,valeriekemp@example.com,203-880-5144,1977-01-08,Other,Chile,Concepción,___,OE 41505,es,Platinum,!!2023-11-26,False,BKG_000000254,2025-09-11,2026-08-11,2026-08-20,9,2,3,2,suite,2,Mobile App,Late check-in,True,2025-06-08,Hotel Closed,1316.24,206.67,188.32,80.68,228.46,Refunded,Debit Card,Airbnb,NO_PROMO,12.54,2025-02-03 14:12:14,2025-05-12 01:40:09,SYSTEM,Confirmed,REV_00000254,3,Also become major brother short piece begin doctor.,"Turn whether return. Body spring night movement these bring care center.
Among big huge. Into then thank.",2025-01-25,5,True,???,2025-05-25,Couple,single,CloudBooking,2025-02-03 14:12:14,2025-05-12 01:40:09
H00390,Moore PLC,United Kingdom,Birmingham,Budget Hotel,5,276,Free WiFi,   ,Shopping Mall,-54.866377,-54.940762,https://www.copeland.com/,C0001966,James,Alexander,James Alexander,lisamcdonald@example.org,123-456-7890,02/30/2025,M,Denmark,Aarhus,"81143 Curry Route Apt. 625, Aarhus",YR 19582,tr,,2025-07-18,False,BKG_000000255,2025-10-18,2026-03-26,2026-04-01,6,4,0,2,single,Ten,,No requests,True,2025-07-24,,396.37,1427.91,170.59,43.16,60.62,Failed,Debit Card...,Booking.com,PROMO385,7.21,2025-05-25 21:29:30,2024-12-14 13:11:16,USER,Cancelled,REV_00000255,4,Student view answer have attorney available by citizen.,"Since everybody indeed while current person same win. Spring just area fill.
Professor practice reduce exactly community change.",2024-12-16,23,True,Nice,2024-12-23,Leisure,single,CloudBooking,2025-05-25 21:29:30,2024-12-14 13:11:16
H00446,Nelson-Murphy,India,Bangalore,Boutique,2,466,Free WiFi,Rather line value whose.,"Beach,Museum,Park",-59.447496,-136.147626,https://www.patterson.com/,C0000678,Jessica,Ramirez,Jessica Ramirez,xsmith@example.com,933-342-0261,1952-07-26,Other,New Zealand,Auckland,"089 Caroline Plains, Auckland",IQ 43001,es,,2023-11-02,True,BKG_000000256,2024-12-31,2026-03-05,2026-03-17,12,4,2,2,double,2,Agent,Late check-in,!!False,2024-12-06,No Show,507.25,9999,144.81,58.69,37.91,Refunded,Credit Card,Expedia,,130.03,2025-07-24 09:37:25,2024-12-19 16:15:16,API,Pending,REV_00000256,5,Guy say let between capital win artist.,"Check cultural manager blue. Threat race buy offer put plan.
Figure system one remember. Decision success traditional this most operation us itself.",2025-06-18,96,True,London,0000-00-00,Family,double,MobileApp,2025-07-24 09:37:25,2024-12-19 16:15:16
H00390,Allen PLC,Serbia,Nis,Resort,3,468,Restaurant,Lose road be player. Thought body surface a line. Indicate fund method hope result hope she price.,Historic Site,66.87943,45.132004,http://lindsey.org/,C0002437,Wesley,Baker,Wesley Baker,nfarrell@example.net,635-813-3872,1959-11-02,F,???,Milan,"414 Murphy Corners, Milan",GC 16293,en,Bronze,2022-12-19,True,BKG_000000257,2025-03-20,2025-03-10,2025-03-20,10,1,0,0,suite,0,Agent,Extra bed,False,,,1697.48,709.53,110.18,16.05,836.48,Pending,Credit Card,Expedia,NO_PROMO,23.55,2024-04-20 07:27:42,2025-04-12 02:57:06,USER,Cancelled,REV_00000257,2,Customer employee exist article.,Trip another space executive difficult. Democrat air also support mean bit attention.,2025-10-14,90,False,Eilat,2024-12-11,Leisure,suite,MobileApp,2024-04-20 07:27:42,2025-04-12 02:57:06
H00292,"Baker, Wilkins and Johnson",Israel,Jerusalem,Budget Hotel,2,51,Restaurant," Difference within family age wonder.
Act born near about. Perform picture price able. ",Historic Site,-79.309267,83.919389,https://kim.biz/,C0004084,Allison,???,Allison ???,wheelermelissa@example.org,(647)941-5991x247,1955-04-01,F,Serbia,Novi Sad,"62068 Harvey Forest, Novi Sad",RL 80800,fr,Gold,2022-12-01,False,BKG_000000258,2023-13-01,2026-04-25,2026-05-03,8,1,0,1,double...,2,Phone,Extra bed,True,2025-08-05,No Show,995.64,1321.75,178.26,31.28,947.22,Refunded,Debit Card,TravelAgency,,102.28,2025-06-23 19:02:31,2024-11-06 18:16:39,API,Confirmed,REV_00000258,1,Something whether street commercial statement visit my.,"Like age look attention bad everyone environment. Oil whether close though film federal.
Dark somebody with quickly win. Name one do enjoy.",,6,True,,2024-11-21,Couple,single,LegacySystem,2025-06-23 19:02:31,2024-11-06 18:16:39
H00432,Jones LLC,Egypt,Giza,Resort,2,455,Restaurant,Bill chair fight enough foot data recently. Institution late bank attack imagine win.,"Beach,Museum,Park",16.43599,76.41839,http://www.howell.com/,C0002884,Jennifer,Fernandez,Jennifer Fernandez,test@,,2001-05-23,M,South Korea,Incheon,"31152 Patricia Locks Apt. 981, Incheon",II 78546,es,GOLD,2023-01-13,False,BKG_000000259,2024-11-20,2024-12-07,2024-12-13,-1,3,0,0,single,3,Web,Extra bed,False,,,758.39,787.62,62.11,98.77,624.5,Pending,Credit Card,Airbnb,PROMO252,46.31,2025-06-18 22:48:49,2025-05-16 13:08:49,USER,Cancelled,REV_00000259,4,Head analysis green value.,Expect prove whom. Democrat health author remain fire concern. Technology three bring deep stop according mind. Pressure step such rest.,2024-04-07,43,False,Lyon,2024-12-01,Leisure,suite,MobileApp,2025-06-18 22:48:49,2025-05-16 13:08:49
H00040,Keller Ltd,Mexico,Mexico City,BOUTIQUE,2,-1,Free WiFi,Itself only begin can. Western science right case nor.,"Beach,Museum,Park",60.547762,-14.199852,--,C0002829,Abigail,Best,Abigail Best,clarkmatthew@example.com,9573175250,1989-07-06,F,___,Vienna,"5350 Robert Meadow, Vienna",PK 32977,de,,2023-12-12,False,BKG_000000260,2024-06-05,2025-12-25,2025-12-31,6,2,1,0,double,3,Agent,!!No requests,True,2024-12-17,No Show,1595.76,774.93,255.42,63.2,202.7,Refunded,PayPal,Expedia,PROMO514,0,2023-12-26 13:41:54,2025-01-31 21:45:46,USER,Confirmed,REV_00000260,3,Book may article identify.,Foot scene community state business seven animal. Water strong mind music whether heart there body.,2024-01-09,20,True,Chennai,2024-11-11,!!Solo,double,MobileApp,2023-12-26 13:41:54,2025-01-31 21:45:46
H00816,Lewis and Sons,Mexico,Mexico City,Resort,1,258,Restaurant,Design believe dinner almost allow herself. Claim require sure be number report site.,Historic Site,70.803269,-118.526744,http://www.rodriguez.com/,C0003665,Elizabeth,Shannon,Elizabeth Shannon,jonathangross@example.com,(271)835-7628x28566,2006-06-16,M,United States,Washington D.C.,   ,OY 67985,de,Gold,2023-12-08,True,BKG_000000261,!!2024-01-31,2025-08-22,2025-09-03,12,1,0,1,suite,1,Agent,,False,,,1415.54,78.81,100.39,20.33,1368.51,Refunded,Cash,Direct,,185.01,2024-10-06 04:09:12,2025-05-03 06:37:35,SYSTEM,Cancelled,REV_00000261,5,Off serious voice reach old plant.,Person bag kitchen billion our agent their. Itself people attack effort long throughout different it.,2024-11-26,74,False,Krakow,2025-04-30,Couple,single,MobileApp,2024-10-06 04:09:12,2025-05-03 06:37:35
H00098,Miller-Guzman,Turkey,Antalya,Resort,3,327,Free WiFi,Might each should have big young.,Shopping Mall,-0.87032,-72.216386,,C0003922,GAIL,Black,GAIL Black,jennifer57@example.net,2159758722,2006-06-13,Other,Portugal,Coimbra,"085 Cortez Stravenue, Coimbra",QG 97223...,en,Gold,2024-08-05,False,BKG_000000262,2025-02-10,2025-01-25,2025-01-27,2,0,Five,0,double,3,Web,extra bed,False,,,1168.41,1141.5,39.25,20.25,492.38,Refunded,Debit Card,Airbnb,,20.49,2024-09-02 19:45:48,2024-11-12 18:58:48,USER,Pending...,REV_00000262,1,Wonder third trade fall candidate.,Age especially too election responsibility enough. National out summer day kitchen message national. Former them this cup society voice much.,2024-05-09,49,False,Copenhagen,2025-06-17,Business,single,CloudBooking,2024-09-02 19:45:48,2024-11-12 18:58:48
H00077,"Hines, Wiggins and Wade",Philippines,Makati,Budget Hotel,5,238,"Pool,Gym,Spa",Meet cut candidate tend season. To eight speak.,"Beach,Museum,Park",61.752799,86.496669,https://www.blackburn-atkinson.com/,C0001182,Jeanette,Walker,Jeanette Walker,tammy50@example.net,,1946-03-06,Other,Germany,Stuttgart,"79206 Rodriguez Lake, Stuttgart",KK 80051,fr,,2025-02-25,False,BKG_000000263,!!2024-10-09,!!2026-07-23,2025-03-28,7,2,3,2,double,2,Phone,,False,,,1411.4,693.08,32.81,2.97,663.04,Failed,Cash,Booking.com,NO_PROMO,24.88,2024-06-16 13:42:24,2025-11-01 10:45:29,AGENT,Pending,REV_00000263,4,!!Trip factor five social food last.,Beat particular woman ok. List rich husband investment right crime. Tell American ground that watch nothing which ball.,,83,True,Nakuru,2024-11-03,Family,???,CloudBooking,2024-06-16 13:42:24,2025-11-01 10:45:29
H00863,Dunlap PLC,Austria,Graz,City Hotel,5,199,Restaurant,Address free foreign whether window eat white. Candidate player wait certain you.,Shopping Mall,83.669368,96.68479,http://www.stevens.com/,C0000799,Patricia,Davenport,Patricia Davenport,amurphy@example.net,(517)698-2439x1779,1981-12-08,M,Vietnam,Da Nang,"50755 Kimberly Wall, Da Nang",MP 79695,de,Bronze,2023-08-04,False,BKG_000000264,2024-09-18,2026-10-17,2026-10-17,1,3,0,1,suite,1,Mobile App,Late check-in,___,2025-05-15,,260.5,832.36,113.43,70.51,27.62,Pending,Credit Card,Airbnb,,Ten,2024-05-14 13:13:24,2025-10-07 12:51:20,API,Pending,REV_00000264,4,Out police study hotel.,Prove Congress make. Writer reality heart decide him others.,2024-08-23,67,True,Eindhoven,2025-04-06,Couple,suite,LegacySystem,2024-05-14 13:13:24,2025-10-07 12:51:20
H00277,Bell-Burke,Argentina,La Plata,Business Hotel,4,22,Restaurant,Author message security. View firm record player this mouth find.,Historic Site,-39.0385,79.961167,http://simmons-burnett.com/,C0004604,Wendy,Phillips,Wendy Phillips,lindsay74@example.com,368-411-1889x32704,2000-09-09,M,Czech Republic,Ostrava,"10388 Samuel Station, Ostrava",XC 12430,fr,Silver,2023-06-29,False,BKG_000000265,2024-03-11,2025-07-13,2025-07-18,5,2,0,1,single,2,Mobile App,Extra bed,False,,,756.3,566.42,70.33,9.63,179.02,Pending,PayPal,   ,PROMO150,158.09,2025-05-30 05:51:34,2025-04-04 06:09:18,AGENT,Pending,REV_00000265,4,Break development long.,North everyone choice knowledge understand early. True need will.,2023-11-02,92,False,Dublin...,2025-06-04,Couple,single,APIGateway,2025-05-30 05:51:34,2025-04-04 06:09:18
H00219,Lowery Inc,United Kingdom,Edinburgh,Budget Hotel,0,154,Restaurant,About position mention three. First teach benefit guess performance right.,Historic Site,56.899775,-166.5949,http://www.berry-scott.net/,C0004013,Brittany,Osborne,Brittany Osborne,turnerkrista@example.com,322.369.3400x837,1971-08-17,F,Croatia,Split,"4417 Laura Street Suite 437, Split",UG 90166,de,,!!2025-03-28,True,BKG_000000266,2025-05-31,2026-06-01,2026-06-02,1,3,3,1,double,3,Mobile App,,True,2025-06-16,Hotel Closed,676.73,402.44,148.45,58.54,212.68,Pending,Cash,Booking.com,NO_PROMO,155.12,2025-08-20 14:36:05,2024-11-19 22:09:28,API,Cancelled,REV_00000266,1,Produce cup current over computer run music tend.,Subject development myself oil price. Successful school house notice computer western.,2024-03-17,54,True,Lisbon,2024-12-26,Solo,double,   ,2025-08-20 14:36:05,2024-11-19 22:09:28
H00031,"Lopez, Smith and Becker",China,Shenzhen,Budget Hotel,2,106,"Pool,Gym,Spa",Attorney man contain fear forward. Act matter hospital reality get day. Wife prevent blue.,Shopping Mall,-43.732265,-26.948193,http://nguyen.biz/,C0000143,Joshua,Davis,Joshua Davis,martinjames@example.net,9924493892,1979-09-23,Other,Kenya,Nakuru,"49932 Collins Court, Nakuru",--,tr,Gold,2023-10-26,False,BKG_000000267,2024-08-03,2026-01-19,,1,2,1,2,double,-1,Phone,,True,2025-08-30,,736.04,1324.67,76.33,46.03,62.61,Paid,Cash,Booking.com,PROMO464,,2025-03-31 03:45:43,2025-01-29 15:04:36,USER,Confirmed,REV_00000267,2,Tonight floor fact half possible international.,"First never great. Mrs though TV cold standard.
Put focus worker later. By study probably strong report total.",2024-09-11,96,False,Plzen,2025-10-31,Family,suite,CloudBooking,2025-03-31 03:45:43,2025-01-29 15:04:36
H00169,"Perry, Sanders and Rowe",Singapore,Singapore,Boutique,4,357,"Pool,Gym,Spa",Speech would us thousand. Grow approach part back mother trial. Third else well cause article dark.,Historic Site,10.058211,38.185732,https://chandler.com/,C0000038,Tyler,Archer,Tyler Archer,aliciagriffin@example.org,+1-666-212-5999x3955,1962-07-26,M,Japan,Osaka,"!!502 Amy Rapids Suite 507, Osaka",EP 87637,fr,Bronze,2025-05-12,False,BKG_000000268,2024-07-18,2026-07-30,2026-08-02,3,1,3,2,suite,2,Mobile App,Late check-in,False,,,764.85,647.78,136.9,3.81,229.68,Pending, Credit Card ,Direct,NO_PROMO,131.19,2024-07-23 13:24:50,2025-01-09 19:00:45,AGENT,Pending,REV_00000268,1,Although represent not pattern create political fine.,Participant eat rate money role. Know son from machine activity along finish high. Paper record worker current site health begin.,2025-01-12,83,False,Barranquilla,2025-01-20,Couple,double,CloudBooking,2024-07-23 13:24:50,2025-01-09 19:00:45
H00705,Roberson-Cruz,Colombia,___,Budget Hotel,4,319,"Pool,Gym,Spa",Laugh class act end. Into history case friend firm remember mother check.,"Beach,Museum,Park",-45.851945,-76.498975,http://forbes.com/,C0000639,Jennifer,Howell,Jennifer Howell,pauldavid@example.net,905-662-1015,1969-07-29,M,Belgium,Ghent,"446 Ryan Passage Apt. 887, Ghent",YU 89146,de,Silver,2022-11-24,False,BKG_000000269,2024-03-07,2025-01-03,2025-01-16,13,1,0,1,suite,3,Phone,,False,,,1465.79,121.99,75.22,,676.29,Refunded,Cash,Expedia,NO_PROMO,66.67,2023-13-01,2025-03-15 03:27:13,API,--,REV_00000269,2,Effort customer strong girl sort best.,"Remember agency song trade plant away position. Red meeting event current pretty.
Present choose pattern can. Develop those bit others house camera.",2024-04-16,92,False,Port Elizabeth,2025-07-22,Leisure,double,APIGateway,2023-13-01,2025-03-15 03:27:13
H00809,"Miller, Castro and Powell",Kenya,Kisumu,Budget Hotel,5,369,"Pool,Gym,Spa",Culture positive remember apply. Choose computer head hard accept price wind night.,Shopping Mall,-5.682726,,https://raymond-wiggins.info/,C0002252,Jeffery,???,Jeffery ???,jennifer69@example.net, +1-958-890-0096x89092 ,1990-02-16,F,Bulgaria,Sofia,"56483 Elizabeth Club Suite 092, Sofia",ZC 41836,tr,Gold,2022-11-06, False ,BKG_000000270,2025-08-18,2025-08-01,2025-08-05,4,4,0,1,suite,2,Phone,Extra bed,True,2025-10-08,No Show,239.12,491.62,27.76,35.18,123.61,Paid,Credit Card,Expedia,PROMO984,109.07,2023-11-20 21:00:05,2023-13-01,SYSTEM,Confirmed,REV_00000270,1,Generation base again usually.,Capital identify from. Check large threat recognize.,2025-10-31,54,True,Hue,2025-10-19,Leisure,single,LegacySystem,2023-11-20 21:00:05,2023-13-01
H00201,Lopez Inc,Portugal,Braga,Budget Hotel,1,445,Restaurant,Total camera control recent. International visit drug indeed guess account risk.,Historic Site,1.713581,74.701601,https://www.stanley.com/,C0001666,Brett,Jensen,Brett Jensen,andrew10@example.org,809.496.6025x886,1948-10-15,Other,Greece,Athens,"46041 Vanessa Unions, Athens",SC 88268,en,Silver,2024-03-04,False,BKG_000000271,2024-10-05,2026-04-13,2026-04-16,3,2,1,1,double,2,Agent,Extra bed,False,,,1107.83,1165.3,253.35,93.99,369.45,Refunded, PayPal ,Direct,PROMO257,138.83,2025-06-21 22:28:28,2025-02-10 20:54:10,AGENT,Pending,REV_00000271,5,Art as bad day.,"Sound need pretty start idea can child. Degree around help buy friend five there.
Team occur of. Far learn probably machine.",2025-10-08,5,False,Tel Aviv,2025-07-07,Solo,suite,CloudBooking,2025-06-21 22:28:28,2025-02-10 20:54:10
H00442,James-Roach,Spain...,Granada,Luxury Hotel,4,329,Free WiFi,!!Politics yourself ten. Bed economy beyond month political society.,"Beach,Museum,Park",-13.570975,101.914175,https://padilla.net/,C0001447,Kara,Campbell,Kara Campbell,longgina@example.com,!!745-430-4193x4794,1993-01-10,M,United Kingdom,London,"941 Patrick Isle Apt. 747, London",NA 39652,tr,Silver,2023-07-01,True,BKG_000000272,2024-09-05,2025-12-24,2025-12-24,1,4,0,1,suite,2,Web,???,False,,,1724.39,1343.24,12.55,9999,633.72,Failed,PayPal,Airbnb,NO_PROMO,94.24,2024-07-31 17:56:50,2025-02-23 06:52:42,USER,Confirmed,REV_00000272,3,Improve improve benefit happen feeling lose last.,Be body much suddenly pass. Detail treat different politics many.,2024-06-29,65,False,Singapore,2025-04-17,--,single,LegacySystem,2024-07-31 17:56:50,2025-02-23 06:52:42
H00613,Wyatt and Sons,Nigeria,Lagos,Resort,2,373,Restaurant,Him general hold Congress. Education man place.,"Beach,Museum,Park",-51.181802,115.671826,http://www.tapia.net/,C0004162,Kristen,Lawson,,adamsjohn@example.com,+1-512-966-9072x720,1957-02-03,M,Chile,???,"00517 Campbell Manor Suite 998, Santiago",FP 44448,de,Gold,2024-07-24,True,BKG_000000273,2025-04-21,2025-11-21,2025-11-23,2,Five,1,0,single,1, Agent ,,False,,,881.8,140.89,89.28,36.7,274.54,Failed,credit card,Expedia,,118.11,2025-06-27 12:35:00,2025-10-19 08:32:55,SYSTEM,Pending,REV_00000273,2,Hot stop fire feel point field population.,Green our cup different. Return various interesting least film. Would seven stop exactly study yourself.,2025-06-19,24,FALSE,Pretoria,2025-06-26,Leisure,suite,APIGateway,2025-06-27 12:35:00,2025-10-19 08:32:55
H00734,Wright Inc,United States,San Francisco,Budget Hotel,4,158,Free WiFi,Live plan writer simply. Issue together investment ready. Future should play research.,"Beach,Museum,Park",48.455985,-11.519169,http://www.nichols.com/,C0002494,--,Brown,-- Brown,bryantanya@example.com,001-419-910-3836x3973,1974-07-31,F,Turkey,Bursa,"9490 Page Canyon, Bursa",FM 27849,en,Platinum,2025-04-26,True,BKG_000000274,2024-11-27,2026-02-27,2026-03-09,10,3,3,0,double,Five,Agent,Late check-in,True,02/30/2025,???,1937.36,1074.19,270.63,18.76,1100.18,Failed,PayPal,Direct,,194.46,2024-06-02 05:54:56,2025-06-12 15:04:12,USER,   ,REV_00000274,4,Positive quality common surface newspaper figure tough.,Skin stuff music large financial small history. Partner information business sort entire sort seem. Attorney own front television indeed.,2025-03-02,6,False,Birmingham,2025-07-06,Leisure,suite,,2024-06-02 05:54:56,2025-06-12 15:04:12
H00736,"Rodriguez, Sullivan and Hoover",Denmark,Copenhagen,Luxury Hotel,4,456,Free WiFi,Wall hand guy yeah partner. Themselves key where hair.,Historic Site,7.759293,-4.287767,https://graham-scott.com/,C0002207,Paul,Christian,Paul Christian,ericalexander@example.com,494.786.0297,1977-03-24,Other,Austria,Graz,"3190 Benjamin Unions, Graz",CE 79145,en,,2023-07-09,False,BKG_000000275,2025-03-20,2025-06-24,2025-06-28,4,1,1,2,single,Ten,Phone,,True,2025-06-29,,1631.82,631.43,7.12,24.34,12.8,Pending,Credit Card,Booking.com,PROMO136,188.2,2025-01-09 07:30:26,2025-03-20 09:09:57,SYSTEM,Cancelled,REV_00000275,3,Better imagine contain service recent happy kitchen.,Would night camera week person way conference. Human prevent deep recent officer.,2023-13-01,28,True,Port Elizabeth,2025-08-17,Leisure,single,CloudBooking,2025-01-09 07:30:26,2025-03-20 09:09:57
H00892,"Williams, Valentine and Cummings",Mexico,Cancún,Boutique,5,496,Free WiFi,Page become yard white movie professional husband think. Box account remain best with.,"Beach,Museum,Park",73.955858,54.781567,https://www.mcmahon-torres.com/,C0001553,Rachel,Gonzales,Rachel Gonzales,kimberly00@example.org,969.395.6245x148,1979-06-18,Other,United Arab Emirates,Sharjah,"49027 Thomas Ways, Sharjah",VX 72233,de,,2023-07-03,False,BKG_000000276,2025-07-25,2026-09-25,2026-10-03,8,-1,1,0,single,2,Agent,Late check-in,True,2025-02-28,No Show,167.38,164.11,118.92,41.26,48.32,Pending,Debit Card,Booking.com,NO_PROMO,81.79,2025-07-20 09:00:46,2025-01-19 05:22:26,SYSTEM,Confirmed,REV_00000276,1,Turn meeting night water his indicate blood.,"Yard stop cultural. Director nice phone reality only sit gas.
Office third nature. Newspaper interest parent despite protect American.",2025-10-19,22,True,Port Elizabeth,2025-03-02,Solo,double,CloudBooking,2025-07-20 09:00:46,2025-01-19 05:22:26
   ,???,Ireland,Galway,Business Hotel,4,450,Free WiFi,Goal tonight could various to so indicate. Fast always strategy sort indeed.,"Beach,Museum,Park",61.297428,-54.871781,https://morgan-salazar.com/,C0000545,Isabella,Hensley,Isabella Hensley,cmorgan@example.net,(998)503-8454,1974-08-01,Other,Hungary,Debrecen,"52690 Shirley Meadows, Debrecen",???,fr,Gold,2023-12-07,True,BKG_000000277,2024-04-30,2025-07-02,2025-07-02,1,2,1,1,single,1,Mobile App,Extra bed,False,,,1405.28,630.57,62.93,12.45,223.57,Failed,Credit Card,Booking.com,PROMO600,115.49,2024-04-02 01:02:52,2024-12-12 02:14:45,SYSTEM,Confirmed,REV_00000277,5,Both age right wall product over.,Move employee hot baby everybody walk. American key step sign wide project happen arrive.,2024-03-15,30,False,Dubai,2025-02-21,Family,double,CloudBooking,2024-04-02 01:02:52,2024-12-12 02:14:45
H00003,Campbell and Sons,Egypt,Alexandria,Boutique,3,473,Free WiFi,Central camera these up develop business push.,___,-15.269025,-22.947411,https://www.rollins.org/,C0003155,Rebecca,Morales,Rebecca Morales,greenemonique@example.org,(603)549-7370,1987-07-05,M,Belgium,Ghent,"3202 Benjamin Valley Apt. 486, Ghent",VV 57119,en,,2025-07-19,False,BKG_000000278,2025-07-16,2024-12-14,2024-12-15,Five,1,2,1,double,3,Web,,False,,,1668.13,443.95,292.0,34.8,705.33,Failed,Credit Card,Expedia,,96.79,2024-06-21 15:47:10,"Jan 32, 2025",USER,Confirmed,REV_00000278,2,Outside natural sport necessary teach she a.,"Plan conference body scientist help blood want still. Food just friend pattern.
Address because worry car. Type leave subject owner dark.",2024-10-14,36,false,Espoo,2025-05-05,Leisure,suite,CloudBooking,2024-06-21 15:47:10,"Jan 32, 2025"
H00085,"Jensen, Porter and Hurst",Argentina,Buenos Aires,Resort,3,48,"Pool,Gym,Spa",We range education staff write interview choose. Economy here rule down explain pay soldier hard.,Historic Site,55.267951,165.566608,HTTP://MOORE.COM/,C0000279,Steven,Lawrence,Steven Lawrence,darren72@example.com,221.746.8411x988,1958-05-24,F,Croatia,Split,"081 Monica Ranch Suite 780, Split",UG 82567...,de,Silver,2023-03-18,False,BKG_000000279,2024-12-25,2025-09-19,2025-09-29,10,2,3,1,suite,1,Phone,Extra bed,False,,,,153.92,230.83,95.99,0,Refunded,Debit Card,BOOKING.COM,NO_PROMO,0,2024-04-21 03:24:28,2025-07-01 10:30:38,API,Pending,REV_00000279,3,Plant finally state amount war collection.,War pick perform cultural accept. Leave they religious writer born others set job.,2024-09-19,3,False,Cork,2024-12-04,Business,suite,MobileApp,2024-04-21 03:24:28,2025-07-01 10:30:38
H00388,"Malone, Lewis and Johnson",Greece,Athens...,Boutique,2,-1,Free WiFi,Will career institution people. Mind machine better college. Share hot push run require ball.,Historic Site,-87.97829,6.853382,https://www.rivera-baldwin.info/,C0002760,Jennifer,Rodriguez,Jennifer Rodriguez,jonesandre@example.com,+1-300-928-9181,1950-12-25,F,Turkey,Bursa,"316 Duncan Station Suite 997, Bursa",LZ 78531,en,Platinum,2024-08-20,False,BKG_000000280,2024-02-08,2025-12-17,2025-12-24,7,1,3,0,suite,2,Phone,No requests,False,,,1349.07,106.96,71.56,60.66,389.53,Paid,Cash,TravelAgency,,196.37,2024-01-06 11:26:38,2025-10-22 13:32:56,USER,Cancelled,REV_00000280,4,Measure almost leg artist.,Court prepare own very center. Clearly certain unit tonight top. Compare fact TV indicate style record.,2024-03-05,53,True,Copenhagen,2024-12-20,COUPLE, suite ,CloudBooking,2024-01-06 11:26:38,2025-10-22 13:32:56
H00812,"Frost, Lopez and Williams",Malaysia,Johor Bahru,City Hotel,5,134,,Station behind area staff resource third.,Historic Site,-27.599323,-122.734069,https://ryan.org/,C0004362,Donald,Rios,Donald Rios,tracygentry@example.com,6825495426,2000-07-18,M,Malaysia,Kuala Lumpur,"1885 David Summit, Kuala Lumpur",UP 12244,en,Silver,2023-03-24,True,BKG_000000281,2024-08-28,2026-04-29,2026-05-09,10,1,3,1,single,1,Mobile App,!!Extra bed,False,,,1872.88,638.78,98.22,31.36,1775.59,Refunded,Cash,Expedia,NO_PROMO,31.08,2024-06-14 16:59:21,2025-06-03 20:00:32,USER,Cancelled,REV_00000281,9999,Attention black discuss cultural raise summer writer magazine.,Significant friend national debate whole ten hour. Market practice entire recently around relate stage. Similar three beyond personal.,2023-12-09,82,True,Sydney,2025-03-18,Business,double,CloudBooking,2024-06-14 16:59:21,2025-06-03 20:00:32
H00955,Delacruz Inc,Switzerland,Zurich,Boutique,2,282,"Pool,Gym,Spa",Item guess summer child shake heart.,Shopping Mall,2.603565,144.858912,https://www.finley.biz/,C0003286,Zachary,Summers,Zachary Summers,umarshall@example.net,448.817.4073x993,1971-02-07,M,Denmark,Odense,"9908 Julie Shore Apt. 264, Odense",YD 94543,en,Gold,2024-08-25, False ,BKG_000000282,2024-07-28,2025-08-26,2025-08-31,5,4,3,1,suite,3,,Extra bed,False,,,552.13,452.02,26.73,42.89,21.57,,Cash,Direct,,111.17,2024-07-06 11:07:04,2024-12-02 18:44:05,API,Cancelled,REV_00000282,1,,Night here I matter listen like. Outside guy early sister think. Nature already where parent society alone.,2025-02-01,59,False,Szeged,2025-10-14,Solo,double,LegacySystem,2024-07-06 11:07:04,2024-12-02 18:44:05
H00535,"Griffith, Phillips and Jones",???,Bali,City Hotel,3,148,"Pool,Gym,Spa",Fast movement concern back station resource.,Historic Site,-26.744713,127.28585,!!https://www.wagner.biz/,C0003836,Natalie,Morris,Natalie Morris,jeremiahhernandez@example.com,543.702.8791x9187,1972-03-17,M,Brazil,Belo Horizonte,"9733 Cooley Crest, Belo Horizonte",SE 43457,tr,Silver,2023-01-17,False,BKG_000000283,2025-06-17,2026-07-13,2026-07-13,1,3,2,2,double,1,Phone,Late check-in,True,"Jan 32, 2025",Hotel Closed,201.74,794.66,204.93,10.56,40.38,Paid,PayPal,TravelAgency,NO_PROMO,160.15,2024-12-08 22:30:09,2024-12-01 20:44:02,USER,Confirmed,REV_00000283,2,Fine development often even serious perform parent.,Manage cause if take risk expect. May just describe receive indeed management protect. Wall they miss break strategy ten become.,2025-08-27,69,False,Utrecht,2025-08-13,Couple,SUITE,LegacySystem,2024-12-08 22:30:09,2024-12-01 20:44:02
H00008,"Morris, Jones and Gordon",Canada,Toronto,Business Hotel,4,143,"Pool,Gym,Spa",Public reflect indeed trial final involve. A happen leg difference find today occur.,Historic Site,70.11019,-47.118763,http://salazar-white.info/,C0004386,Michael,Reed,Michael Reed,georgemoore@example.com,+1-238-773-8947,1948-03-09,Other,Norway,Tromsø,"521 Carroll Plaza, Tromsø",VJ 46689,tr,Bronze,2025-07-03,False,BKG_000000284,2024-03-02,2025-01-09,2025-01-16,,4,2,2,double,2,Mobile App,,True,2025-03-09,Hotel Closed,1609.44,310.0,254.45,58.32,887.43,Pending,PayPal,Expedia,NO_PROMO,115.8,2025-06-24 11:28:49,2025-01-14 22:10:24,API,Confirmed,REV_00000284,2,She fund full set model right add.,Image house whose perform. Interest enjoy environmental include region room cell. Increase draw class some live professor.,2024-06-08,97,,Novi Sad,2025-06-06,Business,single,CloudBooking...,2025-06-24 11:28:49,2025-01-14 22:10:24
H00547,Oneal-Malone,Brazil,Rio de Janeiro,Luxury Hotel,4,42,Free WiFi,To pressure social apply range push including common. Night service with guy hospital finish.,"Beach,Museum,Park",51.334054,-173.230943,   ,C0002871,George,Barron,George Barron,marcuswilson@example.net,395-221-3301x8200,1950-10-29,Other,South Africa,Johannesburg,"269 Jonathan Path Apt. 766, Johannesburg",QG 59576,en,Bronze,2025-08-20,True,BKG_000000285,2025-07-17,2024-11-17,2024-11-27,10,3,3,0,suite,2,Mobile App,,False,,,419.61,163.57,122.11,26.54,329.15,Refunded,PayPal,???,NO_PROMO,167.25,2024-12-10 10:55:38,2024-11-24 01:49:15,SYSTEM,Cancelled,REV_00000285,5,Remain hope we well stage reason.,Care where who hour as. Feel could everyone collection red partner.,2024-12-11,100,True,San Francisco,2025-03-22,Leisure,single,CloudBooking,2024-12-10 10:55:38,2024-11-24 01:49:15
H00170,"Jones, Lee and Turner",Malaysia,Kuala Lumpur,Luxury Hotel,2,79,Restaurant,Note first reason across of such probably. Action provide exactly kid middle field economic.,Historic Site,-67.553834,-74.904908,   ,C0002136,Laura,Fields,Laura Fields,dsheppard@example.net,001-418-792-5056x1468,1971-07-08,Other,Poland,Gdansk,"8102 Bray Drive, Gdansk",FM 73211,tr,Gold,2024-05-19,False,BKG_000000286,2024-08-26,2026-08-14,2026-08-25,11,4,1,1, suite ,2,Agent,,True,2025-05-03,,333.61,1368.29,158.35,72.4,269.97,Failed,Credit Card,Airbnb,,19.48,2024-01-31 20:07:22,2025-06-06 05:13:34,???,Pending,REV_00000286,1,Against boy pressure start.,Wonder girl eat. Conference explain total same cultural shoulder into usually.,2024-02-09,48,False,The Hague,2025-06-24,Business,suite,LEGACYSYSTEM,2024-01-31 20:07:22,2025-06-06 05:13:34
H00407,Haley and Sons,Hungary,Szeged,Resort,5,350,Restaurant,Build expert student put wear work. Husband upon ground already difference girl heavy.,"Beach,Museum,Park",-1,104.351693,http://jacobson.com/,C0002485,Fernando,Alvarado,Fernando Alvarado,clarkjeremy@example.org,001-656-517-1343x2665,1980-07-30,Other,Colombia,Medellín,"607 Martin Parkways Suite 462, Medellín",BB 27981,es,Gold,2023-13-01,True,BKG_000000287,2024-06-29,2026-04-07,2026-04-07,1,1,2,2,suite,1,Phone,Late check-in,True,2025-02-28,Hotel Closed,1182.92,422.29,249.53,58.13,662.68,???,Credit Card,Direct,PROMO545,114.44,2024-04-12 10:48:35,2025-03-18 02:14:03,SYSTEM,,REV_00000287,5,National back generation best staff season.,Voice above assume individual. Good visit television sure and fear successful. Nature court knowledge this argue break.,2024-03-19,6,True,Marrakesh,0000-00-00,Couple,single,MobileApp,2024-04-12 10:48:35,2025-03-18 02:14:03
H00944,"HOOD, HAYES AND HOLLOWAY", Israel ,Eilat,Luxury Hotel,5,435,"Pool,Gym,Spa",Realize nothing notice. Hotel energy same treat.,Historic Site,69.669477,78.647816,https://www.rogers-cook.com/,C0000816,Deborah,Hudson,Deborah Hudson,kthomas@example.org,516.773.4196,1955-02-11,M,United Arab Emirates,Sharjah,"389 Jessica Knoll Apt. 772, Sharjah",FK 82558,en,Silver,2025-09-14,True,BKG_000000288,2024-11-01,2025-10-07,0000-00-00,9,2,1,1,double,2,Phone,!!,True,2025-01-19,,999.31,733.18,198.45,39.85,258.07,Refunded,Credit Card,Expedia,,38.64,2025-07-13 08:58:02,2025-10-26 03:13:52,SYSTEM,Pending,REV_00000288,2,Approach institution authority physical so fly growth join.,Prevent fly and according citizen. Political dog me what. Despite size goal fall less.,2024-05-20,91,True,Vienna,2025-04-15,Family,single,CloudBooking,2025-07-13 08:58:02,2025-10-26 03:13:52
H00354,Richardson PLC,Mexico,Guadalajara,Business Hotel,2,278,Restaurant,Even step approach history. Despite heart lawyer prepare table term clear water.,Shopping Mall,-88.794031,0.021276,https://atkins-calderon.biz/,C0000738,Lisa,Lang,Lisa Lang,peter44@example.org,(418)281-6030x0336,2023-13-01,Other,Croatia,___,"091 Stephanie Gardens Suite 284, Rijeka",DY 47599,tr,Silver,2025-06-27,False,BKG_000000289,2024-08-04,2026-10-20,!!2026-11-01,12,2,0,1,single,3,Phone,,True,2025-07-18,Customer Request,719.56,124.73,236.23,54.5,194.24,Pending,Credit Card,Expedia,PROMO722,0.97,2025-01-15 23:51:25,2025-08-28 17:32:52,AGENT,Cancelled,REV_00000289,3,Site collection part heart while.,"Drop listen often time. However agreement card truth.
Finally improve catch feel fly. Admit behind because stand down.",2025-03-26,11,True,Eilat,2025-03-29,Family,single,MobileApp,2025-01-15 23:51:25,2025-08-28 17:32:52
H00440,"Wilkinson, Calhoun and Hughes",United Arab Emirates,Ajman,Business Hotel,1,428,Restaurant,"Since than evening success.
Until wide name final. Rest picture investment community play.",Shopping Mall,-52.833984,-9.791632,http://www.fuller-taylor.net/,C0000900,Lisa,Floyd,Lisa Floyd,hjones@example.org,123-456-7890,1965-05-03,M,Switzerland,Bern,"68375 Burnett Valleys, Bern",LA 49408,de,,2023-03-28,False,BKG_000000290,2025-06-16,2026-05-31,2026-06-12,12,,3,2,suite,3,Mobile App,,False,,,1972.85,897.89,208.1,6.73,835.23,Pending,PayPal,Booking.com,PROMO291,,2025-07-31 12:48:48,2025-03-07 04:44:06,AGENT,Cancelled,REV_00000290,0,Work office left popular star child create floor.,Like relate method technology begin interesting. Loss plant blue.,2025-07-16,49,False,Riyadh,2024-11-27,Solo,suite,MobileApp,2025-07-31 12:48:48,2025-03-07 04:44:06
H00898,"Davis, Reeves and Bishop",Greece,Heraklion,City Hotel,3,205,Restaurant,Instead ball similar. Cell item mind base very more happen popular.,Historic Site,Ten,179.385085,http://www.may-stephenson.com/,C0002573,Anthony,Galloway,Anthony Galloway,randyblankenship@example.com,941.426.1054,1951-02-24,Other,Belgium,Antwerp,"8636 Shields Green, Antwerp",PN 84139,fr,Gold,2024-09-21,False,BKG_000000291,2024-02-10,2026-07-25,2026-07-29,4,1,1,2,suite,2,Agent...,Late check-in,False,,,644.54,256.82,25.34,65.27,339.3,Failed,Debit Card,Direct,NO_PROMO,114.35,2025-01-04 16:22:33,2025-03-01 01:15:58,API,Confirmed,REV_00000291,3,Special walk fight ability position board focus.,Detail director weight left. Stop just big main. Rich little political power share soldier office. Certain adult hundred example citizen voice paper.,2025-08-25,79,True,Szeged,2025-10-27,Business,double,APIGateway,2025-01-04 16:22:33,2025-03-01 01:15:58
H00394,"Russell, Gibson and Brown",Czech Republic,Brno,Budget Hotel,3,172,Restaurant,Agency class speech itself customer. Certainly war weight above down central window.,Shopping Mall,-50.186188,-125.30392,https://chavez.net/,C0002394,Jessica,White,Jessica White,richardwarner@example.com,4199166974,1969-11-12,M,Finland,Espoo,"5467 Ashley Parks, Espoo",QB 42793,de,Silver,2023-05-30,True,BKG_000000292,2024-03-30,2025-03-28,2025-04-07,10,1,9999,1,double,3,Agent,No requests,False,,,1735.21,918.11,251.13,5.07,733.39,Failed,PayPal,TravelAgency,NO_PROMO,57.45,2024-01-03 22:40:53,2023-13-01,SYSTEM,Pending,REV_00000292,5,Foot back start color them increase bit.,Teach both section really white exist recognize. Join catch beautiful gun. Friend traditional simply away since sure.,2025-01-25,63,True,Medellín,2025-07-03,,double,MobileApp,2024-01-03 22:40:53,2023-13-01
H00268,Hernandez-Burton,Finland,Tampere,Boutique,4,33,Free WiFi,Change tend reach. Community pull movement. Full sea focus these.,Shopping Mall,-30.275277,-87.792804,,C0000754,Kathy,Gutierrez,Kathy Gutierrez,,,2023-13-01,M,Romania,Brasov,"219 Morris Burgs Suite 307, Brasov",GP 47690,tr,Bronze,2024-02-20,True,BKG_000000293,2025-07-24,2026-10-19,2026-10-30,11,3,2,2,double,2,Agent,Late check-in,False,,,1970.63,419.85,20.43,9.84,409.34,Pending,PayPal,Expedia,,84.19,2024-08-09 09:44:20,2025-08-09 05:46:27,--,Confirmed,REV_00000293,5,Charge bag money voice test young.,Congress according opportunity around will meeting small. Shake store gun adult interesting most. Easy guess character their allow....,2024-09-20,,True,Rosario,2025-08-04,Business,suite,LegacySystem,2024-08-09 09:44:20,2025-08-09 05:46:27
H00218,Stout-Brown,Germany,Berlin,Luxury Hotel,4,219,Free WiFi,Foot music respond imagine laugh shoulder. Record college pick business new.,Shopping Mall,44.329567,6.808168,https://alexander.com/,C0001134,Michelle,Short,Michelle Short,edward42@example.org,940.990.0881x55767,1965-01-20,F,Czech Republic,Plzen,"!!2336 Pierce Streets Apt. 563, Plzen",IM 10912,en,,2023-02-28,False,BKG_000000294,2025-10-20,2025-07-21,2025-07-24,3,2,1,2,single,3,Web,Late check-in,True,2025-02-27,Payment Failed,462.08,614.76,102.91,95.08,171.87,Pending,Cash,Airbnb,PROMO422,96.42,2024-05-03 16:06:33,2024-11-16 12:15:15,API,   ,REV_00000294,2,Mission position course.,Own yourself position end. Something in century skin every late natural floor. Program improve center manage with security.,2025-09-06,28,False,Viña del Mar,2025-09-23,Solo,suite,Apigateway,2024-05-03 16:06:33,2024-11-16 12:15:15
H00963,King-Carter,India,Mumbai,Business Hotel,2,31,"Pool,Gym,Spa",His family chair tell month real. Different difficult ground arm. Long American four chair.,"Beach,Museum,Park",6.261642,153.295172,http://alvarez-johnson.com/,C0002009,Valerie,Beard,Valerie Beard,zdouglas@example.net,931.769.0366x1274,0000-00-00,F,Spain,Barcelona,"7670 Jennifer Pine, Barcelona",IV 27916,es,Gold,2025-09-29,False,BKG_000000295,2023-11-28,2026-09-06,2026-09-10,4,2,3,0,double,1,Agent,No requests,False,,,725.38,906.02,80.64,0,624.55,Pending,Debit Card,Airbnb,,124.54,"Jan 32, 2025",2025-08-15 22:14:22,AGENT,Pending,REV_00000295,4,Card piece cut teacher as.,Radio thousand family. Seven hear serious fall manage. Stay consumer meet hotel dark near out.,2025-02-09,23,True,Antwerp,2025-05-10,Solo,double,MobileApp,"Jan 32, 2025",2025-08-15 22:14:22
H00912,Williams-Gallegos,Brazil,Belo Horizonte,Resort,2,,Restaurant,Environment light address anything. Although clear indeed which study firm.,"Beach,Museum,Park",-35.233337,172.555621,https://www.gray.com/,C0004009,jeffrey,Williams,jeffrey Williams,taylor38@example.com,(754)726-6352,1951-03-20,F,China,Shanghai,"52209 Sharon Hill, Shanghai",???,fr,,2023-02-16,False,BKG_000000296,2025-09-27,2025-12-26,2025-12-31,5,4,2,1,double,2,Web,,True,2024-12-02,No Show,126.88,521.9,111.13,82.21,27.19,Paid,Cash,Airbnb,PROMO311,,2023-12-11 00:37:33,2025-10-08 04:15:48,API,Confirmed,REV_00000296,4,Blue ok might live particular read.,Take over while. Wait simple people operation eight. Expect soldier instead door personal picture.,2025-04-02,12,False,Singapore,2025-03-08,Solo,double,APIGateway,2023-12-11 00:37:33,2025-10-08 04:15:48
H00802,Jones-Mejia,South Africa,johannesburg,City Hotel,4,45,Restaurant,Century some if expert sell admit. Computer so ten must over.,"Beach,Museum,Park",-18.197242,-168.440433,https://hensley-meza.biz/,C0004136,Andrew,Peterson,Andrew peterson,,484.299.5637x92520,1984-12-20,M,Nigeria,,"858 Nicole Mission Apt. 041, Kano",HF 43515,en,Bronze,2024-06-08,True,BKG_000000297,2023-12-24,2025-10-18,02/30/2025,13,1,2,0,double,1,Mobile App,Late check-in,False,,,1081.58,251.84,Ten,71.36,1055.37,!!Failed,Credit Card,Airbnb,PROMO348,119.65,2025-09-01 08:20:43,02/30/2025,AGENT,Pending,REV_00000297,3,Sense table do commercial those.,Member sister should significant focus worry.,2024-10-07,12,True,Kosice,2025-09-10,Solo,suite,MobileApp,2025-09-01 08:20:43,02/30/2025
H00484,Cox Inc,???,Nakuru,Luxury Hotel,4,288,Free WiFi,Rich boy own picture girl amount party. Around tough control until.,"Beach,Museum,Park",-6.037698,-174.954387,http://www.gardner.net/,C0004197,Marvin,Frye,Marvin Frye,rebeccaperez@example.org,627.278.3664x69967,1977-02-06,Other,Morocco,Rabat,"116 Myers Estates, Rabat",NL 14350,de,Bronze,2024-10-27,--,BKG_000000298,2024-11-12,2025-12-12,2025-12-20,8,4,1,1,suite,2,Phone,--,True,2025-06-06,Payment Failed,1580.02,211.88,101.95,49.07,114.75,Paid,   ,TravelAgency,,24.62,2025-03-24 02:35:50,2025-07-01 10:57:40,USER,Confirmed,REV_00000298,5,Book mouth two recognize pass.,Action space program budget lay research community. Simple feeling rich station save. Claim relate professional authority network.,,97,True,Melbourne,2025-06-21,Solo,suite,CloudBooking,2025-03-24 02:35:50,2025-07-01 10:57:40
H00251,Riley and Sons,Canada,Toronto,Business Hotel,2,138,Free WiFi,Office fact where clearly tough especially. Sign fact animal service with.,Historic Site,-80.291229,-7.753113,https://smith-thornton.com/,C0000398,Zachary,Bond,Zachary Bond,leejones@example.com,(937)783-2142x7287,1987-12-29,Other,Malaysia,George Town,"84976 David Landing, George Town",ZL 15415,en,Platinum,2023-08-19,False,BKG_000000299,2025-08-23,2026-01-27,2026-02-03,7,4,2,0,single,1,Mobile App,Late check-in,False,,,789.26,402.48,109.53,66.7,458.63,Pending,PayPal,Expedia,NO_PROMO,150.29,2025-06-28 02:36:58,2025-01-01 01:26:01,USER,Confirmed,REV_00000299,-1,Probably sense hot huge score.,Store single discover class thank involve.,2025-07-24,44,False,Prague,2024-11-01,Business,double,LegacySystem,2025-06-28 02:36:58,2025-01-01 01:26:01
H00109,Garcia-Stevenson,Italy,Venice,City Hotel,3,331,Restaurant,Pattern we two describe. Player price skin eat. Bill leader nature.,Shopping Mall,-22.33351,8.635783,https://clark.com/,C0001328,Anthony,Combs,Anthony Combs,osmith@example.net,736.410.0566,1949-09-14,M,Austria,Innsbruck,"50287 Sutton Cove Apt. 964, Innsbruck",FF 38475,en,Silver,2024-01-07,True,BKG_000000300,2024-07-01,2025-12-22,2025-12-28,6,4,0,0,suite,3,Phone,Late check-in,False,,,1215.06,30.72,257.7,38.11,896.26,Paid,Cash,Airbnb,,196.92,2024-08-04 03:10:57,2024-12-19 16:56:30,AGENT,Confirmed,REV_00000300,5,Cultural scene image building meet.,Day represent focus name voice. White determine ahead produce apply official after. Staff break big go though mother land.,2024-12-27,83,True,Chiang Mai,2025-07-25,Leisure,suite,LegacySystem,2024-08-04 03:10:57,2024-12-19 16:56:30
H00911,"Barnes, Novak and Mitchell",Bulgaria,Plovdiv,Luxury Hotel,4,343,Restaurant,Choice pattern American grow morning choose plant.,"Beach,Museum,Park",81.528666,137.814285,http://www.mercado.com/,C0001556,Wendy,Dominguez,Wendy Dominguez,ghoffman@example.com,997.597.1780,1985-08-26,Other,Peru,Lima,"6566 Fernandez Junction Suite 056, Lima",JI 11029,en,Gold,2024-05-09,False,BKG_000000301,2024-12-25,2026-08-20,2026-08-20,1,1,1,0,single,1,Phone,No requests,False,,,1269.71,486.92,18.96,53.02,1027.53,Paid,Credit Card,Direct,PROMO286,15.25,2025-08-14 14:35:27,2025-04-18 11:12:58,USER,Confirmed,REV_00000301,4,Than still scientist third American role would.,,2024-11-10,25,True,Wellington,2025-09-13,Business,single,APIGateway,2025-08-14 14:35:27,2025-04-18 11:12:58
H00450,Hall-Myers,Turkey,Bursa,Resort,2,99,Restaurant,   ,Historic Site,45.615315,6.605693,https://crawford.com/,C0001787,Lindsay,___,Lindsay ___,tiffanyguerrero@example.org,4818280531,1946-03-21,Other,Argentina,Córdoba,"0032 Stephanie Burg, Córdoba",OC 30773,fr,,2023-02-16,False,BKG_000000302,2024-12-15,2026-04-01,2026-04-13,12,4,2,0,suite,1,Mobile App,Late check-in,True,2025-08-30,Hotel Closed,113.77,257.47,294.99,17.48,90.65,Failed,PayPal,Booking.com,PROMO488,74.28,2025-04-29 06:59:42,2024-11-11 23:53:47,SYSTEM,Confirmed,REV_00000302,5,Education next yeah course.,"Last feeling go.
Natural stand mother question set. Forward truth statement wife.",2025-08-08,28,True,Bruges,2024-12-25,Leisure,single,LegacySystem,2025-04-29 06:59:42,2024-11-11 23:53:47
H00150,"Wright, Kemp and Rodriguez",Denmark, Copenhagen ,   ,1,223,Restaurant,Watch any long out by. Woman feel why goal music rule Democrat production.,Historic Site,71.729901,83.34405,https://www.rodriguez.com/,C0003900,Lisa,Shepherd,Lisa Shepherd,danieladams@example.org,884.275.3116,1981-03-21,F,Saudi Arabia,Medina,"2991 Lauren Crescent, Medina",NG 38765,Fr,Silver,2022-12-30,True,BKG_000000303,2025-09-29,2025-07-05,2025-07-17,12,4,1,0,single,1,Web,,False,,,1088.5,946.54,68.93,22.44,263.42,Pending,Cash,TravelAgency,NO_PROMO,157.33,2024-02-16 14:25:56,2025-03-25 10:10:58,API,Confirmed,REV_00000303,4,Particular imagine make.,Against strong particularly nice. Protect authority hot item tough tax. Free fear read game remember until.,2024-09-01,32,False,Nitra,2025-05-09,Leisure,double,MobileApp,2024-02-16 14:25:56,2025-03-25 10:10:58
H00969,"dixon, pratt and miller",Saudi Arabia,Medina,Business Hotel,2,320,Free WiFi,Risk speak treatment strategy. Politics ball the. Knowledge black hot that amount time store on.,Historic Site,-10.055938,98.944931,https://www.jackson.com/,C0002363,Scott,Page,Scott Page,jimenezisabel@example.net,(634)900-8888x8398,1977-06-24,Other,Greece,--,"85719 Donna Cliff Apt. 516, Rhodes",BS 34913,tr,Bronze,2023-12-26,False,BKG_000000304,2024-05-18,2025-04-01,2025-04-05,4,3,0,1,single,1,Mobile App,,False,,,1179.92,1240.18,116.36,31.33,878.11,Paid,Cash,Direct,promo509,196.83,2025-04-12 08:44:15,2025-08-10 19:34:29,API,Cancelled,REV_00000304,9999,Quickly develop late drug wrong.,Deep shoulder science quickly. End enter what do ground. Treatment interesting spring. Safe resource wish form direction despite.,"Jan 32, 2025",10,False,Makati,2025-01-10,Couple,suite,LegacySystem,2025-04-12 08:44:15,2025-08-10 19:34:29
H00094,"Hammond, Barrett and Perez",South Africa,Durban,Budget Hotel,2,245,Free WiFi,Paper forward piece hour prove. Actually scene prevent. Hand perhaps face total.,Shopping Mall,16.419899,151.350195,http://williams-huang.info/,C0001218,Eric,Curry,Eric Curry,timothyallen@example.net,,1948-03-31,F,Switzerland,Basel,"43805 Jackson Viaduct, Basel",QN 40503,de,,2023-01-29,False,BKG_000000305,2025-09-14,2026-05-24,2026-06-04,11,4,3,2,suite,3,Agent,Late check-in,False,,,1676.57,490.59,265.53,43.0,881.17,Failed,Credit Card,Booking.com,PROMO254,189.31,2025-05-17 04:21:32,0000-00-00,AGENT,Cancelled,REV_00000305,3,Catch impact interview itself toward professor maybe rock.,"Candidate such reflect. Market whether chance size morning day.
Should leg get modern land office floor minute. Option ever spend yourself.",2025-07-21,8,false,Odense,2025-06-25  ,Family,___,APIGateway,2025-05-17 04:21:32,0000-00-00
H00623,"Lee, Green and Mcdaniel",Netherlands,The Hague,Luxury Hotel,4,434,"Pool,Gym,Spa",Like add anyone. Actually knowledge speak under.,Shopping Mall,-47.660265,35.403322,https://silva-cox.info/,   ,Mary,Whitaker,Mary Whitaker,blackjoseph@example.org,(990)869-0756x4965,1990-10-07,Other,Croatia,Split,"6880 Allen Drive, Split",GW 30167,en,,2024-05-18,False,BKG_000000306,2025-08-15,2025-01-09,2025-01-17,8,2,3,2,double,1,Agent,Extra bed,False,,,701.41,-1,46.12,85.28,363.37,Paid,PayPal,Airbnb,___,169.07,2024-06-24 23:50:24,2025-04-03 16:02:23,SYSTEM,Pending,REV_00000306,4,Together of less officer claim your hundred.,"Walk policy type physical history.
Sea however then tough even factor ask.
Really image have key. Leader sure hospital different often.",2024-09-03,22,False,Mecca,2025-09-03,Couple,double,MobileApp,2024-06-24 23:50:24,2025-04-03 16:02:23
H00817,"Stone, Lopez and Carter",Philippines,Manila,Resort...,1,492,Free WiFi,Shoulder beat quality imagine heart for. Us level several worry capital let down around.,Historic Site,88.660509,86.295455,https://gonzales.com/,C0003696,Brianna,Carter,Brianna Carter,douglaschristina@example.net,+1-465-461-1134x6964,1987-03-04,Other,Denmark,Copenhagen,"4585 Jodi Ville, Copenhagen",EI 84376,es,Platinum,2024-11-12,True,BKG_000000307,2025-06-07,2026-02-04,2026-02-06,2,2,0,0,double,,Agent,No requests,False,,,1260.99,1407.66,101.28,23.6,677.61,Paid,PayPal,Expedia,,134.76,2024-05-22 01:56:58,2025-05-27 01:16:25,SYSTEM,Cancelled,REV_00000307,4,Apply past amount them table whole.,"Speech during age fly. Media beat million city.
Participant forget just lawyer. Usually style loss matter throw model list.",2025-08-22,7,True,Patras,2025-05-20,Couple,double,MobileApp,2024-05-22 01:56:58,2025-05-27 01:16:25
H00799,Conley and Sons,Kenya,Nakuru,Business Hotel,9999,180,Restaurant,Economy eye forget. Thousand toward party scientist none.,"Beach,Museum,Park",44.228743,40.266566,https://www.navarro.com/,C0001222,Jeff,James,Jeff James,!!hthomas@example.com,421.878.4906x1478,1964-12-08,M,Austria,Graz,"73666 Skinner Bypass, Graz",WK 44367,   ,Platinum,2025-07-20,False,BKG_000000308,2025-09-15,2025-11-15,2025-11-15,1,3,2,2,suite,2,Web,Late check-in,   ,2025-08-03,Customer Request,204.54,234.54,213.53,98.62,185.52,Refunded,Cash,Booking.com,PROMO596,Ten,2024-01-11 09:48:01,2024-12-30 11:56:06,USER,Pending,REV_00000308,3,!!Produce tell blue ago almost position order money.,   ,2025-04-12,80,False,???,2025-09-23,Leisure,suite,APIGateway,2024-01-11 09:48:01,2024-12-30 11:56:06
H00451,Gonzalez-Barber,Finland,Tampere,Boutique,3,49,"Pool,Gym,Spa",Manager them over idea. Investment research parent.,Historic Site,56.282117,47.110861,___,C0002394,Mia,___,Mia ___,ikelley@example.com,001-370-508-8766x167,1974-01-22,Other,Switzerland,Basel,"625 Erin Turnpike Apt. 403, Basel",VL 74032,es,Gold,2022-11-13,True,BKG_000000309,2024-01-06,2025-09-18,2025-09-28,Ten,3,1,0,suite,1,Phone,Extra bed,False,,,428.32,Five,260.0,95.0,186.89,Refunded,PayPal,Airbnb,PROMO479,60.72,2023-11-20 08:15:31,2025-04-14 13:57:54,SYSTEM,Confirmed,REV_00000309,1,President idea standard between heart control.,Throughout life degree include foot. Medical value evening bad fly decade.,2024-06-12,17,False,Ibadan,2025-10-12,Couple,double,CloudBooking,2023-11-20 08:15:31,2025-04-14 13:57:54
H00888,Duran-Taylor,Singapore,singapore,Boutique,2,35,"Pool,Gym,Spa",Source hold Republican eat. System value strong.,Shopping Mall,-62.069128,-158.629522,https://www.smith.com/,C0004489,Amber,Decker,Amber Decker,neilcombs@example.net,001-882-449-2939x5898,1945-08-24,Other,Sweden,Stockholm,"3806 Logan Turnpike, Stockholm",XS 68770,es,Platinum,2023-02-16,True,BKG_000000310,2024-02-22,2026-07-13,2026-07-13,1,9999,1,1,single,2,Mobile App,,False,,,226.24,360.96,123.02,92.52,44.7,Pending,Debit Card,Booking.com,NO_PROMO,53.1,2025-04-28 08:42:48,2025-01-15 16:48:34,AGENT...,Cancelled,REV_00000310,5,Similar might think site.,Take hospital sure particularly training long wide. American six what. Want weight color heavy bed amount throw.,2024-10-12,68,True,Lausanne,2025-01-24,Business,double,LegacySystem,2025-04-28 08:42:48,2025-01-15 16:48:34
H00978,Harvey and Sons,Chile,Valparaíso,???,4,286,???,Mission not American various. Happen choice push chance.,Shopping Mall,21.693784,167.227265,https://brewer.org/,,Brian,Peck,Brian Peck,terrelljose@example.net,000-000-0000,2005-02-08,F,Slovakia,Nitra,"5743 Christopher Stravenue, Nitra",OH 93900,tr,Gold,,False,BKG_000000311,2025-10-21,2025-01-08,2025-01-09,1,,3,1,single,2,Phone,No requests,False,,,694.16,667.74,140.46,37.17,210.1,Pending,Debit Card,Airbnb,,0,2024-01-07 16:15:44,2024-12-15 07:40:28,SYSTEM,Confirmed...,REV_00000311,1,Spring member show red society them eight.,Run TV official long national. Well lot point value media stuff. Consumer hand door nor. Step no new easy across camera.,2024-11-22,71,True,Brasov,2024-12-17,Business,suite,CloudBooking,2024-01-07 16:15:44,2024-12-15 07:40:28
H00026,Reyes Ltd,Thailand,Chiang Mai,Boutique,5,143,"Pool,Gym,Spa",Big blood hospital interest practice simple. Kind my past character class. Gas voice fall want.,Shopping Mall,-34.692278,65.031102,http://www.lopez.com/,C0001993,Joshua,Vaughn,Joshua Vaughn, kimberly48@example.com ,+1-883-566-7971x28374,1950-08-20,F,Croatia,Zagreb,"6322 Spears Ports Apt. 013, Zagreb",YL 64511,de,Bronze,2023-06-04,True,BKG_000000312,2024-03-23,2025-05-19,2025-05-31,12,3,0,1,double,1,Web,,True,2025-10-15,,1859.92,1017.51,267.25,79.33,1277.05,Pending,Debit Card,Booking.com,,134.47,2025-09-01 09:51:43,2025-08-16 23:40:42,AGENT,Pending,REV_00000312,1,Small have cause ask work.,Tend way leave. Ahead according gun little. Religious manage reflect decade usually natural.,2023-12-31,71,True,--,2025-02-20,Business,single,APIGateway,2025-09-01 09:51:43,2025-08-16 23:40:42
H00195,Gill Inc,Italy,Naples,Business Hotel,4,163,"Pool,Gym,Spa",Training course assume claim pick. Group challenge recently run market ability stuff table.,,-2.204949,64.899272,http://www.baker-cabrera.org/,C0001360,Doris,Perez,Doris Perez,wilsondebbie@example.net,+1-829-526-6932,1950-03-17,M,Brazil,Brasília,"64822 Nancy Tunnel, Brasília",OM 53705,tr...,,2025-02-05,False,BKG_000000313,2025-07-27,2026-05-12,2026-05-14,2,4,1,1,suite,3,Agent,,True,2025-05-08,Hotel Closed,286.43,1391.35,56.98,9.05,219.18,Refunded,Cash,Airbnb,PROMO189,137.69,2025-06-22 08:44:07,2025-02-02 14:27:27,API,Confirmed,REV_00000313,1,Very also even seem.,Physical bag wish who take. According let certain write officer evening many. Personal year effort rule house. Give beat effort his sell.,2024-07-09,73,False,Bogotá,2025-06-10,Leisure,single,CloudBooking,2025-06-22 08:44:07,2025-02-02 14:27:27
H00032,Johnson-Rosales,Germany,Berlin,Resort,3,302,Restaurant,Call yet front follow range hotel. Policy ago when behavior.,Shopping mall,-54.839463,141.308576,http://www.acosta.com/,C0001753,Ronald,Hill,Ronald Hill,gregory14@example.org,265-761-3470x71520,1994-05-03,F,Australia,Brisbane,"66266 Jeremy Gateway Suite 637, Brisbane",YZ 25329,tr,--,2023-08-24,True,BKG_000000314,2025-03-06,2026-06-09,2026-06-10,1,3,1,1,suite,2,Phone,,!!False,2025-06-21,No Show,389.73,1236.65,7.85,84.01,200.45,Paid,Credit Card,Airbnb,No_promo,14.97,2025-10-08 06:56:56,2025-04-02 03:42:17,USER,Pending,REV_00000314,2,Protect foreign air offer hold quickly.,"Tree degree new answer.
Alone never recently. Agree spend heart begin when suggest. Exist party site ten half.","Jan 32, 2025",22,False,Marrakesh,2024-11-14,Couple,suite,LegacySystem,2025-10-08 06:56:56,2025-04-02 03:42:17
H00349,Newman LLC,,Ajman,Luxury Hotel,Ten,151,Free WiFi,Development choice mother. Of first wear full central bad. Choose place when as remain program.,Historic Site,-33.564548,-158.328808,https://www.johnson.com/,C0003090,Rachel,,Rachel None,hoffmanchad@example.org,(576)266-1531,1991-09-06,Other,Malaysia,Johor Bahru,   ,BO 55932,de,Silver,2022-11-08,False,BKG_000000315,2024-01-11,2025-06-28,2025-07-06,8,2,0,0,double,1,Phone,Late check-in,False,,,1767.78,0,74.04,84.77,1314.23,Paid,Cash,!!Booking.com,NO_PROMO,60.8,2024-01-01 02:22:24,2025-06-23 11:57:38,SYSTEM,Confirmed,REV_00000315,1,Fire service want health court glass.,"Among political human make. Human degree bar close especially leg fine alone.
Professional similar score bit. Up mind brother admit of now.",2024-11-16,38,False,Cebu,2025-07-08,Business,suite,CloudBooking,2024-01-01 02:22:24,2025-06-23 11:57:38
H00862,   ,New Zealand,Christchurch,Business Hotel,4,424,"Pool,Gym,Spa",Across always form there successful. Threat front soldier age.,Historic Site,-63.540042,118.408685,https://roberts.com/,C0000010,Morgan,Smith,Morgan Smith,daniel02@example.com,(354)452-2015x5879,1990-09-28,M,Finland,Helsinki,"170 Amy Village, Helsinki",OH 81257,en,,02/30/2025,!!False,BKG_000000316,2024-09-10,2026-03-21,2026-04-03,13,1,0,1,suite,2,Mobile App,,True,2025-10-23,,210.68,789.09,194.7,7.41,34.1,Failed,Debit Card,   ,,40.91,2024-03-15 22:33:44,2025-10-12 04:44:40,SYSTEM,Confirmed,REV_00000316,2,General address test friend compare technology.,Deal media citizen difficult. Condition bag parent television home assume executive final.,2024-09-30,74,True,Fes,2024-12-09,Leisure,double,LegacySystem,2024-03-15 22:33:44,2025-10-12 04:44:40
H00342,Dyer LLC,Finland,Turku,Budget Hotel,5,183,Free WiFi,Ever point necessary size fund in. Accept somebody operation security fire section.,Historic Site,-67.015123,10.488737,https://graham.net/,C0001782,Teresa,Davis, Teresa Davis ,sanchezjames@example.org,982.774.4388x04150,1963-12-14,M,Czech Republic,Prague,"823 Moyer Field Suite 268, Prague",UL 76584,fr,Bronze,2025-04-26,FALSE,BKG_000000317,2025-01-25,2026-02-14,2026-02-24,10,3,2,1,suite,2,Agent,Late check-in,True,2025-09-06,No Show,1793.4,684.83,78.37,17.75,1122.1,Pending,PayPal,Direct,NO_PROMO,2.15,2023-12-29 18:51:40,2025-07-25 11:02:57,API,Cancelled,REV_00000317,2,Listen pattern throw.,"Beautiful reduce recent piece institution. Direction represent begin.
All spend listen debate tend same first.",2025-10-18,71,False,Eindhoven,2025-09-17,--,suite,LegacySystem,2023-12-29 18:51:40,2025-07-25 11:02:57
H00684,White-Hogan,Vietnam,Hanoi,Budget Hotel,2,371,Free WiFi,Compare local off style. Lot leave there country war crime.,"Beach,Museum,Park",88.992183,118.319078,http://www.shaw.com/,C0001408,Devon,Wright,Devon Wright,jennifer57@example.org,287-517-2652x6145,1986-03-14,M,Japan,Nagoya,"22763 Elizabeth Fork, Nagoya",IT 19430,fr,Bronze,2024-01-30,True,BKG_000000318,2023-12-07,2025-07-04,2025-07-17,13,3,3,1,double,3,Web,No requests,False,,,1049.09,411.05,54.64,82.03,345.19,Pending,Cash,Booking.com,,185.0,2025-03-26 21:19:28,2025-09-28 09:02:41,SYSTEM,Pending,REV_00000318,3,Thought candidate feel past key actually once.,Mr those none those rise. Positive weight talk low smile six human.,2024-03-02,12,True,--,2025-03-25,Solo,double,CloudBooking,2025-03-26 21:19:28,2025-09-28 09:02:41
H00440,Perez and Sons,Vietnam,Hanoi,Luxury Hotel,1,134,Restaurant,Life general often. Quite treat thought begin level garden.,Shopping Mall,58.109023,24.646935,https://meza-perry.com/,C0002553,Brendan,Davis,Brendan Davis,jerrywest@example.net,(592)486-6795,1996-10-28,M,Slovakia,Bratislava,"1206 Kevin Ridge Suite 909, Bratislava",NT 52619,de,,2023-07-30,False,BKG_000000319,2024-12-26,2025-03-12,2025-03-13,1,2,3,0,single,3,Agent,Late check-in,False,,,1873.02,206.07,209.19,68.51,365.24,Failed,PayPal,TravelAgency,NO_PROMO,Ten,2024-02-06 04:41:06,2024-11-02 19:49:26,API,Pending,REV_00000319,5,Once language piece citizen.,We director high help develop production east. Wear turn adult voice season song value. Dog PM behind program. Deal car word which.,2024-08-24,48,True,Mendoza,2025-01-12,Business,suite,MobileApp,2024-02-06 04:41:06,2024-11-02 19:49:26
H00971,"Scott, Allen and Nguyen",South Africa,Johannesburg,City Hotel,4,306,Restaurant,However effort thousand or would consider. Commercial name safe.,Historic Site,65.619172,-60.262503,https://www.mills.com/,C0000683,Katherine,--,Katherine --,gordonjacqueline@example.net,+1-781-250-8703,1974-03-13,F,United Kingdom,Liverpool,"58487 Lewis Mountains Suite 691, Liverpool",IM 24988,tr,Silver,2025-04-02,True,BKG_000000320,2024-05-06,2025-04-20,2025-05-02,12,3,9999,2,suite,1,Agent,,True,2025-06-16,No Show,1884.66,1450.16,193.63,37.57,144.44,Failed,Cash,Booking.com,NO_PROMO,14.86,2024-10-31 21:16:54,2024-12-04 05:04:00,SYSTEM,Confirmed,REV_00000320,2,Boy wife class agreement rate despite mother.,"Memory military sound analysis sea. Position fact head group star.
Computer along goal light interest. Writer which pull perform yet bed.",2023-12-22,18,True,Warsaw,2025-02-18,Family,,Mobileapp,2024-10-31 21:16:54,2024-12-04 05:04:00
H00693,"Singleton, Smith and Nelson",Switzerland,Lausanne,Luxury Hotel,5,301,Free WiFi,Manage floor fire whatever. Expect report meet walk.,Historic Site,76.124998,-87.877209,http://foley.com/,C0000500,John,Brooks,John Brooks,grayashley@example.com,906-932-5552,1989-04-19,F,Romania,Cluj-Napoca,"302 Adam Crescent, Cluj-Napoca",FO 40310,tr,,2024-09-30,False,BKG_000000321,2024-09-30,2026-06-09,2026-06-11,2,2,2,0,double,3,Mobile App,,False,,,1124.14,1319.31,0,37.75,469.45,Refunded,Credit Card,Airbnb,NO_PROMO,69.48,2024-04-16 20:18:40,2025-03-13 20:57:02,USER,Cancelled,REV_00000321,,Short push subject exactly.,Hair recognize great special network or. Enter anyone too also. Middle need despite large.,2024-08-27,94,???,Montreal,2025-01-20,Family,double,CloudBooking,2024-04-16 20:18:40,2025-03-13 20:57:02
H00634,Rollins-Harding,Switzerland,Geneva,Luxury Hotel,1,222,"Pool,Gym,Spa",Week increase shoulder form like wall. Often ten rather within become improve certainly.,Shopping Mall,17.304853,167.668994,https://www.allison.com/,C0003685,Thomas,Smith,Thomas Smith,qsmith@example.com,(891)283-8199x30869,2006-10-19,M,Philippines,,"450 Murray Cliff Apt. 919, Makati",MB 64365,es,,2025-02-02,False,BKG_000000322,2025-07-09,2025-11-11,02/30/2025,3,3,0,0,single,2,Phone,Late check-in,False,,,1138.26,384.15,110.19,28.74,1078.32,Refunded,PayPal,Booking.com,,166.05,2024-11-29 14:02:46,2025-05-30 06:35:37,AGENT,Confirmed,REV_00000322,3,Couple control several detail face campaign.,Ever edge ball radio value wall also. Join rather figure add entire hope security.,2024-05-18,,True,Adelaide,2025-07-21,Solo,single,LegacySystem,2024-11-29 14:02:46,2025-05-30 06:35:37
H00684,Joseph Group,Australia,Brisbane,Business Hotel,-1,131,Free WiFi,Him those tell reveal from. Memory mother hit hold science red improve. So air view.,"Beach,Museum,Park",-51.482693,81.8998,https://wade.com/,C0001504,Patrick,Lewis,Patrick Lewis,uthomas@example.com,001-634-827-3810,1985-12-30,M,Bulgaria,Varna,"665 Foster Rest Suite 899, Varna",WS 69693,tr,Gold,2023-01-05,True,BKG_000000323,2024-01-14,2025-09-01,2025-09-03,2,1,1,2,double,1,Web,No requests,True,2025-01-08,Customer Request,981.74,962.11,53.3,0.06,842.69,Paid,Debit Card,Direct,NO_PROMO,70.06,2025-04-02 09:59:44,2025-03-03 23:01:18,AGENT,Cancelled,REV_00000323,3,Surface ten whole trial tough operation.,Involve music study and others. Shake design her alone assume.,2024-07-21,15,False,Poznan,2025-06-19,Solo,single,MobileApp,2025-04-02 09:59:44,2025-03-03 23:01:18
H00041,"Hernandez, Stone and Jones",Croatia,Dubrovnik,Business Hotel,1,482,"Pool,Gym,Spa",Source industry student. Close across pretty address with boy heart. Event believe teach lead.,"Beach,Museum,Park",-84.707968,173.848607,https://www.simpson-davis.info/,C0002990,Michael,Sanders,Michael Sanders,smithjorge@example.net,273-221-8876x7276,0000-00-00,Other,Australia,Adelaide,"82836 Douglas Lane Suite 643, Adelaide",FQ 40378,de,Platinum,2023-09-07,False,BKG_000000324,2025-04-08,2025-07-08,2025-07-13,5,4,2,0,single,1,Web,No requests,True,2025-08-08,Customer Request,,1092.38,115.3,9999,0,Refunded,--,TravelAgency,NO_PROMO,0,2024-09-01 07:42:51,2025-09-28 19:03:18,SYSTEM,Cancelled,REV_00000324,4,Less politics attention care food.,Wish election example author focus. Throw national customer level challenge.,2024-11-18,20,True,Arequipa,2023-13-01,Leisure,double,CloudBooking,2024-09-01 07:42:51,2025-09-28 19:03:18
H00111,"Heath, Riley and Boyd",Australia,Sydney,Luxury Hotel,4,285,Free WiFi,Per indicate baby interview. Bag line any turn various machine.,Historic Site,-45.556301,-115.698591,https://gutierrez-pace.info/,C0001445,Jason,Moss,Jason Moss,jeremyhunter@example.org,+1-479-995-0156x113,1983-01-31,M,Peru,Arequipa,"83265 Kelley Creek Apt. 770, Arequipa",LD 23723,en,,2024-10-09,False,BKG_000000325,2024-09-07,2025-06-08,2025-06-17,9,3,0,0,double,2,Mobile App,No requests,False,,,1434.18,1223.97,130.16,0.76,-1,Refunded,Debit Card,Expedia,NO_PROMO,33.66,2024-05-31 21:08:12,2025-07-24 08:18:44,SYSTEM,Cancelled,REV_00000325,2,Simply black major.,"Character PM reveal goal we.
Bring community avoid step us them. Interesting kitchen cut especially. Strong head poor much carry yes memory.",2024-03-10,87,False,Ankara,!!2025-08-06,Couple,,CloudBooking,2024-05-31 21:08:12,2025-07-24 08:18:44
H00164,Garrison-Knight,France,Toulouse,Business Hotel,5,488,Restaurant,These best and cup imagine manage enjoy. System rather generation fish.,Shopping Mall,88.906379,175.144223,https://thomas.biz/,C0004673,Lee,Hicks,Lee Hicks,frazierjonathan@example.net,838.500.1215,1978-09-12,M,South Africa,Pretoria,"45161 Brown Center Suite 834, Pretoria",GI 92686,en,,2025-01-27,False,BKG_000000326,2025-05-29,2026-02-18,2026-02-28,10,3,2,1,suite,1,Mobile App,Extra bed,True,2025-08-16,Payment Failed,652.87,86.4,261.55,73.11,575.18,Refunded,Debit Card,Airbnb,,188.67,2024-12-18 09:59:50,2024-12-13 20:58:36,AGENT,Cancelled,REV_00000326,3,Big minute teach skin oil.,Rock film turn data west drive probably. Product population rise girl everybody when. Policy guess edge to once forward air.,2024-08-06,10,True,Manila,2024-11-08,Leisure,double,APIGateway,2024-12-18 09:59:50,2024-12-13 20:58:36
H00811,Carter-Ward,Indonesia,Bandung,City Hotel,4,26,"Pool,Gym,Spa",Suggest management mouth argue stop other artist indicate. Pm worker member cause about.,Shopping Mall,,87.684292,https://www.dixon-wilson.info/,C0004767,Kelly,Arnold,Kelly Arnold,john66@example.com,6695422820,1946-04-12,M,Philippines,Cebu,"222 Ramirez Shoal Apt. 029, Cebu",TH 13622,tr,Silver,2023-02-09,False,BKG_000000327,2024-02-28,2025-05-13,2025-05-19,6,1,2,0,single,Ten,Web,  ,,,,960.6,1252.72,227.74,63.98,854.41,Refunded,Credit Card,Direct,PROMO402,105.34,2024-08-09 18:25:27,2025-10-10 04:15:57,AGENT,Pending,REV_00000327,3,Statement reason inside cup senior impact should.,Cost pick leg learn. Visit boy production name special rule. Man build building.,2025-04-23,55,False,Kyoto,2024-11-06,Couple,double...,APIGateway,2024-08-09 18:25:27,2025-10-10 04:15:57
H00911,"Rios, Branch and Rojas",Egypt,Sharm El Sheikh,Boutique,5,37,"Pool,Gym,Spa",Source choice order computer. Ok old fine modern break.,Historic Site,42.928652,138.308158,https://greene.biz/,C0004686,Michael,Fitzgerald,Michael Fitzgerald,zanderson@example.com,9078824242,1999-11-09,F,Denmark,Odense,"37773 Ryan Stream Suite 762, Odense",IR 69779,tr,Silver,2023-04-19,False,BKG_000000328,2025-07-25,2025-11-07,2025-11-19,12,2,1,2,double,1,Agent,,False,,,961.36,826.97,21.06,3.98,658.65,Failed,PayPal,Direct,NO_PROMO,5.98,2024-06-19 13:06:59,2025-06-12 00:20:10,SYSTEM,Confirmed,REV_00000328,4,Race inside ago sister major finish.,"Develop know apply total reason onto positive service. Unit outside adult.
Thought probably medical teach option. Coach reflect by begin generation.",2024-01-27,0,False,Singapore,2025-07-24,Solo,single,CloudBooking,2024-06-19 13:06:59,2025-06-12 00:20:10
H00188,Stanton Group,Japan,Osaka,Business Hotel,1,190,"Pool,Gym,Spa",Present guess option popular will drive member wear. All without act be. West sit perform will.,___,88.593552,146.957723,https://www.harper-johnson.com/,C0004710,Nicole,West,Nicole West,raysamuel@example.com,619.833.0736x22767,1988-05-28,M,Romania,Bucharest,"9021 Hoffman Roads Apt. 693, Bucharest",ON 32802,fr,Bronze,2024-08-14,True,BKG_000000329,2025-01-06,2026-07-04,2026-07-05,1,3,0,2,___,2,--,Late check-in,False,,,320.37,1416.13,30.09,,289.95,Refunded,PayPal,Booking.com,PROMO904,57.71,2025-02-18 05:03:03,,AGENT,,REV_00000329,1,Present result authority away.,"Summer dog anyone others.
Newspaper senior rich. Mission treatment management ask large race different. So woman common foot into brother area.",2024-04-14,40,True,Salzburg,2024-12-26,Family,double,CloudBooking,2025-02-18 05:03:03,
H00305,"Hayes, Lane and Martin",Nigeria,Ibadan,Luxury Hotel,5,236,"Pool,Gym,Spa",Republican son collection hear. Film professor less indicate.,Historic Site,-37.107024,-41.468262,http://www.gray.com/,   ,David,--,David --,mgarner@example.com,863.465.6819,1964-04-06,F,Saudi Arabia,Medina,"532 LAUREN PORTS SUITE 348, MEDINA",YY 83276,fr,Bronze,2023-04-27,False,BKG_000000330,2024-03-13,2025-10-31,2025-11-09,9,4,2,1,single,,Agent,No requests,False,,,703.08,724.74,105.88,37.25,263.78,Pending,Credit Card,Booking.com,   ,9999,2024-10-29 02:50:35,2025-01-22 21:15:28,SYSTEM,Confirmed,REV_00000330,3,Family improve generation one care gun.,Republican success woman alone economic able. Common month culture leg.,2024-10-18,52,False,Braga,2024-12-04,Couple,___,APIGateway,2024-10-29 02:50:35,2025-01-22 21:15:28
H00449,   ,Singapore,Singapore,Resort,2,72,Free WiFi,Feeling truth list. Receive quality some spend activity yet charge arrive.,Shopping Mall,-70.470678,-45.778282,https://reynolds.com/,C0002277,Deborah,Mullins,Deborah Mullins,schwartzmadison@example.net,+1-446-479-8956x43072,2001-04-12,F,Netherlands,Rotterdam,"9638 Chavez Extensions, Rotterdam",VB 48900,   ,,2024-01-24,False,BKG_000000331,2025-07-28,2026-08-14,2026-08-23,9,2,3,2,single,2,Agent,late check-in,False,,,288.92,370.47,209.26,80.14,138.25,Pending,PayPal,Expedia,,157.71,0000-00-00,2024-11-11 06:07:23,API,Cancelled,REV_00000331,5,Late picture safe official my trial.,Expect no interest be deep according Mrs. Successful view phone truth shoulder chair great. Deal education simply nor especially.,2024-06-06,67,True,Viña del Mar,2025-07-03,Leisure,single,LegacySystem,0000-00-00,2024-11-11 06:07:23
H00210, Jones and Sons ,--,Viña del Mar,Luxury Hotel,2,114,"Pool,Gym,Spa",Him system attention relate. Magazine moment writer start goal technology nice.,Shopping Mall,-69.632963,176.493706,https://www.hahn.com/,C0000341,Hannah,Soto,Hannah Soto,ismith@example.com,486-592-1153x5191,1977-06-23,Other,Italy,Naples,"78925 Sharon Common Suite 058, Naples",OF 70063,tr,,2025-10-14,True,BKG_000000332,2025-03-07,2026-08-28,2026-08-28,1,1,0,1,single,2,Web,No requests,False,,,93.99,1496.38,182.4,80.18,74.39,Pending,Debit Card,Expedia,PROMO809,11.38,2023-11-09 04:49:30,2025-07-06 18:37:12,USER,Confirmed,REV_00000332,1,Base nice seem daughter me benefit young.,Need bill enter feel safe blue. Evidence bag ask pass wear what.,2024-07-28,9,False,Mexico City,2024-12-25,Family,suite,CloudBooking,2023-11-09 04:49:30,2025-07-06 18:37:12
H00730,"Soto, Berry and Jones",Argentina,La Plata,City Hotel,1,457,Restaurant,He important black staff. Adult buy culture social site book range.,Historic Site,29.697375,-13.229122,https://www.russell.biz/,C0003863,Michael,Swanson,Michael Swanson,kristiwhite@example.org,2705252075,1988-08-18,Other,Israel,Haifa,"36903 Phillips Road, Haifa",QZ 59925,tr,Gold,2025-07-22,False,BKG_000000333,2025-05-31,2026-10-21,2026-10-30,9,1,1,2,suite,1,Web,Extra bed,True,2025-07-16,No Show,1336.08,113.64,49.54,58.52,543.53,Failed,Debit Card,Booking.com,___,59.54,2025-06-07 13:34:55,2025-04-08 07:13:52,API,Cancelled,REV_00000333,3,Even soldier writer usually.,Movie left who low. Easy environmental bed story. Create role option gun become support. Staff crime order whose entire history win.,2025-02-03,35,False,Bangalore,2025-09-03,Family,single,CloudBooking,2025-06-07 13:34:55,2025-04-08 07:13:52
H00370,,Brazil,São Paulo,Business Hotel,4,155,"Pool,Gym,Spa",Project much always treatment. Rock radio politics treatment under star thousand.,Historic Site,64.60317,103.995474,https://thompson.com/,C0001426,Ashley,Marshall,Ashley Marshall,walkerfrank@example.com,(580)549-4712x9884,2004-04-16,Other,Finland,Espoo,"247 Danielle Unions Apt. 747, Espoo",BR 27337,fr,Platinum,2024-10-28,True,BKG_000000334,2025-10-11,2025-08-20,2025-08-21,1,3,2,1,double,3,Phone,Extra bed,True,2025-10-25,No Show,1018.1,1018.6,214.73,92.93,924.07,Pending,PayPal,Booking.com,NO_PROMO,181.74,2025-02-13 02:53:27,2025-03-08 15:04:01,AGENT,Cancelled,REV_00000334,4,Myself whom including answer fast.," Before writer want significant number conference. Decision card receive hot program call both fine.
Operation eye cell voice. ",2024-01-17,28,True,Cancún,2025-07-02,Solo,double,MobileApp,2025-02-13 02:53:27,2025-03-08 15:04:01
H00578,"Steele, Miranda and James",Croatia,Zagreb,Boutique,1,401,Free WiFi,Thing finish produce after high. Spring majority worker box affect tend leg.,Historic Site,-83.775332,130.38663,https://www.reilly-nguyen.com/,C0004881,Mary,Reyes,Mary Reyes,amygross@example.org,220-930-6033,1982-07-19,M,Denmark,Odense,"0000 Nichols Key Apt. 501, Odense",RO 76505,tr,Platinum,2023-11-16,True,BKG_000000335,2024-10-05,2026-02-07,2026-02-13,6,2,3,,suite,2,Agent,Extra bed,True,2025-02-04,Hotel Closed,1223.27,660.88,176.39,43.82,56.22,Refunded,PayPal,Airbnb,NO_PROMO,131.1,2024-02-10 23:06:35,2024-11-01 22:16:43,AGENT,Cancelled,REV_00000335,2,Major answer notice three.,Certain building surface provide. Those one teach inside future hundred. Expect contain me around word fish.,2024-02-17,96,False,Da Nang,2025-04-16,Leisure,double,APIGateway,2024-02-10 23:06:35,2024-11-01 22:16:43
H00040,"Morales, Williams and Edwards",Norway,Tromsø,City Hotel,2,90,"Pool,Gym,Spa",Ok or drop red bill travel. Whole full fly week candidate author.,Shopping Mall,-54.927974,-37.277591,http://thompson.com/,C0002386,Paula,Anderson,Paula Anderson,nolanpamela@example.com,+1-645-270-6413,1970-09-04,M,Indonesia,Jakarta,"67486 Sydney Knoll Suite 815, Jakarta",FX 16647,en,,"Jan 32, 2025",False,BKG_000000336,2025-09-24,2026-08-15,2026-08-26,11,3,1,0,single,9999,Web,No requests,False,,,,905.57,201.15,18.22,0,Refunded,PayPal,Direct,NO_PROMO,0,0000-00-00,2025-06-08 18:11:02,AGENT,Pending,REV_00000336,3,yard baby defense can president officer.,Realize candidate thus reduce boy. State fine east anything both perhaps your. Reduce sound situation trial care deep because catch.,2024-01-24,10,False,Cologne,2024-10-31,Couple,single,,0000-00-00,2025-06-08 18:11:02
H00046,"Delacruz, Myers and Cole",Norway,Bergen,City Hotel,2,379,Restaurant,Chance affect result cultural clear kind understand. Offer scene body western street notice small.,Shopping Mall,46.630748,-2.363232,http://mcknight.info/,C0002291,Frank,Morales,Frank Morales,mooreregina@example.net,873-586-8677,2005-05-24,F,___,Florence,"7804 Shannon Harbor Apt. 134, Florence",GE 91025,fr,,2025-10-23,False,BKG_000000337,2024-07-31,2026-05-26,2026-06-07,12,1,,1,suite,1,Mobile App,Extra bed,???,,Payment Failed,1364.86,1138.49,236.28,70.83,985.19,Failed,Debit Card,TravelAgency,PROMO310,0.49,2025-04-22 00:07:47,2024-11-27 10:38:52,AGENT,Cancelled,REV_00000337,4,Kind end generation doctor good religious reveal condition.,Perform matter threat third full health trade. White peace act specific drug. Carry society someone full system history now feel.,2023-11-25,88,False,Hangzhou,2024-12-26,Business,suite,APIGateway,2025-04-22 00:07:47,2024-11-27 10:38:52
H00643,"Cantu, Keller and Kent",Israel,Tel Aviv,City Hotel,2,312,Free WiFi,Modern could case give buy after. Billion team police wife throw. Far group create decide owner.,Shopping Mall,-3.074993,-132.262532,https://harrell.biz/,C0002869,Matthew,Carlson,Matthew Carlson,rjohnson@example.net,+1-817-210-5164x64994,1989-01-17,F,India,Mumbai,"1656 Christopher Mall Suite 836, Mumbai",GW 29111,tr,,2023-10-03,True,BKG_000000338,2025-06-27,2026-06-11,2026-06-20,9,3,0,0,suite,Five,Mobile App,No requests,False,,,691.22,1107.39,161.58,95.16,135.51,Failed,PayPal,Airbnb,,81.5,2024-01-19 18:53:14,2025-07-21 03:08:20,USER,Cancelled,REV_00000338,2,See imagine control be side rise.,Try your travel once talk. Environment power prepare ground. Big until reveal it trade picture. Return another second then for serious.,2024-07-30,59,True,Medellín,2025-05-13,Solo,single,CloudBooking,2024-01-19 18:53:14,2025-07-21 03:08:20
H00550,"Kennedy, Bullock and Velez",Saudi Arabia,Mecca,Business Hotel,2,256,Free WiFi,Law another trial friend. Lay travel want. Individual win long thus realize marriage compare.,___,-1.166161,-117.732391,https://www.cox.com/,C0000259,Shannon,Hardin,Shannon Hardin,gsmith@example.com,(975)624-9349x536,1954-12-15,F,Hungary,Pecs,"1081 Michael Branch Suite 884, Pecs",XV 10377,fr,Gold,2023-09-25,False,BKG_000000339,2023-11-20,,0000-00-00,2,3,2,1,double,1,Agent,Extra bed,,,,728.68,129.08,175.99,61.21,448.94,Paid,Cash,Airbnb,NO_PROMO,0,2024-01-26 08:34:45,2024-12-09 15:50:05,SYSTEM,Confirmed,REV_00000339,1,Time writer pay shake long.,Research structure cause feeling.,2024-02-22,71,True,--,2025-07-17,Couple,suite,CloudBooking,2024-01-26 08:34:45,2024-12-09 15:50:05
H00352,Hamilton-Pace,Denmark,Aarhus,Boutique,2,117,Restaurant,Too pretty same. Billion movement industry. Recognize environmental thought college American mind.,"Beach,Museum,Park",-50.535044,-102.367891,___,C0003002,Elizabeth,wagner,Elizabeth wagner,thanson@example.com,696.343.5891x17340,1950-04-16,M,United States,Washington D.C.,"7382 dawson crescent suite 390, washington d.c.",CA 87546,tr,Gold,2022-11-08,False,BKG_000000340,2025-06-05,2026-06-04,2026-06-11,-1,,2,1,suite,1,Web,Extra bed,True,2025-10-08,No Show,1255.67,80.3,155.24,23.41,562.88,Pending,Cash,Booking.com,NO_PROMO,12.6,2024-04-15 14:33:21,2025-07-30 06:28:41,USER,Pending,REV_00000340,3,When life read soldier.,"Community to lose central east measure. Eat significant my collection.
Partner produce his while step church.",2025-04-26,51,False,Nagoya,2025-01-22,Couple,suite,CloudBooking,2024-04-15 14:33:21,2025-07-30 06:28:41
H00413,"OLIVER, FITZGERALD AND NEAL",United Kingdom,London,Boutique,3,277,"Pool,Gym,Spa",Head place admit physical threat organization. Future way employee almost research.,Shopping Mall,-5.26156,91.428057,https://phillips.info/,C0004620,Christopher,Sanchez,Christopher Sanchez, fritzamy@example.net ,123-456-7890,1946-10-23,Other,???,Prague,"593 Leroy Harbors, Prague",PI 42331,tr,Platinum,2025-06-09,True,BKG_000000341,2025-01-21,2025-11-06,,10,2,2,0,suite,1,Agent,Extra bed,True,2025-09-11,Payment Failed,,73.92,163.9,4.38,0,Refunded,PayPal,TravelAgency,PROMO962,0,2024-08-17 06:52:09,2024-12-30 01:23:35,API,Pending,REV_00000341,5,Actually special Mrs say edge.,Station simple act experience interview recent worry. Sister daughter modern under environment specific out. Artist high age attention blue create.,2024-11-08,85,False,Seoul,2025-04-30,Couple,double,CloudBooking,2024-08-17 06:52:09,2024-12-30 01:23:35
H00486,Williams Ltd,India,Bangalore,City Hotel,5,284,"Pool,Gym,Spa","Either guess big recent.
Subject us quickly.","Beach,Museum,Park",50.846044,-178.648065,http://www.christian.info/,C0003642,Michelle,Mckee,Michelle Mckee,sharris@example.org,825-267-3996,1976-04-24,Other,Bulgaria,Sofia,"4983 Jensen Orchard Suite 050, Sofia",AN 28823,es,Platinum,2025-10-16,False,BKG_000000342,2024-01-29,2025-01-02,2025-01-11,9,4,0,2,double,1,Agent,Extra bed,False,,,986.0,961.45,254.38,19.14,527.67,Paid,Cash,Expedia,,69.03,2025-01-17 19:10:59,2025-01-25 14:44:01,USER,Cancelled,REV_00000342,5,Good against soldier street.,American career government some finally song upon. Should run society if. Within answer during system rule.,2023-12-27,60,True,Bursa,2025-02-22,Family,double,LegacySystem,2025-01-17 19:10:59,2025-01-25 14:44:01
H00064,"Watson, Brown and Wilson",South Africa,Port Elizabeth,boutique,Five,466,Free WiFi,Production both concern against treatment young staff. Much able different mission dog could.,Historic Site,15.646369,0,https://www.beck.org/, C0003509 ,Alexander,Myers,Alexander Myers,user@.com,001-537-238-5762,1947-06-22,F,???,Cancún,"2537 Kathleen Views Apt. 022, Cancún",CP 34817,de,Silver,2024-03-05,False,BKG_000000343,2025-01-19,2025-09-28,2025-10-09,11,3,3,2,single,2,Phone,Extra bed,False,,,1401.63,342.98,109.11,68.27,757.1,Refunded,PayPal,Expedia,,51.55,2024-05-05 23:51:01,2025-07-07 18:05:03,API,Confirmed,REV_00000343,2,Wind lay happy old prove reach nor.,Place ask likely network new. Run different military almost everybody.,2025-09-28,76,False,Stavanger,2025-08-23,Solo,double,LegacySystem,2024-05-05 23:51:01,2025-07-07 18:05:03
H00250,Deleon-York,Belgium,   ,Luxury Hotel,2,232,Free WiFi,Somebody while stand include arm. Former by family risk government able senior area.,"Beach,Museum,Park",38.384995,-127.917612,https://carr.com/,C0001170,Scott,Warren,Scott Warren,johnsonpaul@example.org,(261)777-6815x001,2000-01-29,M,Hungary,Budapest,"13581 Lee Stravenue, Budapest",HQ 75617,en,Platinum,2023-04-30,True,BKG_000000344,2025-10-08,2024-12-06,2024-12-09,3,1,3,2,double,3,Phone,Late check-in,True,2024-11-17,hotel closed,625.25,165.84,262.89,22.07,79.49,Paid,Cash,Direct,,20.27,2024-07-23 04:03:07,2025-01-01 23:41:31,USER,confirmed,REV_00000344,4,On run boy.,"Support take break. Look throughout above onto north measure.
Middle agency old on truth firm itself win. Condition show purpose high career.",2025-07-29,74,False,Stuttgart,,Family,double,MobileApp,2024-07-23 04:03:07,2025-01-01 23:41:31
H00848,"Spence, Turner and Chase",Mexico,Monterrey,Boutique,1,391,"Pool,Gym,Spa",Because road could chance drug tell. Outside account onto hour.,Shopping Mall,-32.227932,139.587032,https://www.rodriguez.biz/,C0002849,Jacob,Barnes,Jacob Barnes,lorettahenry@example.org,+1-864-963-0402,1955-02-21,Other...,Nigeria,Kano,"83657 Lee Prairie Apt. 047, Kano",FP 33083,tr,Gold,2025-03-18,False,BKG_000000345,2024-04-20,2024-11-15,2024-11-22,7,-1,0,2,double,1,Web,,False,,,660.46,1327.39,185.67,90.63,184.6,Paid,PayPal,Expedia,,6.02,2024-07-07 05:11:31,2025-08-25 16:08:08,SYSTEM,Confirmed,REV_00000345,3,Reveal crime discover however around scientist since.,Support between choose consider use. End weight somebody too whole American. Western strategy science medical child director home.,2024-11-17,-1,True,Nairobi,2025-06-04,Business,suite,LegacySystem,2024-07-07 05:11:31,2025-08-25 16:08:08
H00812,Duncan-Davis,Norway,Bergen,Business Hotel,0,9999,Free WiFi,List contain shoulder low. Join wind green together.,Shopping Mall,-73.657847,-129.152878,http://sparks.com/,C0001291,Vanessa,Wright,Vanessa Wright,wilsonkimberly@example.org,(872)492-0570x84516,1989-02-08,Other,Indonesia,Surabaya,"3959 Kenneth Cape Suite 011, Surabaya",RI 69455,fr,Platinum,2023-01-25,True,BKG_000000346,2023-11-16,2025-05-02,2025-05-07,5,4,1,1,double,2,Phone,No requests,False,,,1180.11,225.35,158.65,14.12,263.19,Failed,___,Booking.com,,46.74,2024-12-11 07:09:41,2025-07-18 07:46:06,AGENT,Pending,REV_00000346,1,Level TV everybody camera poor.,Dinner best before program when be. Question office bill each design together camera.,2025-04-06,11,False,Prague,2025-05-30,Leisure,suite,APIGateway,2024-12-11 07:09:41,2025-07-18 07:46:06
!!H00096,Hudson Inc,Egypt,Luxor,Business Hotel,1,Ten,Free WiFi,Represent hundred exactly its ahead gun painting. Pm Republican hit represent none.,Shopping mall,59.532524,168.618969,https://gallagher-griffin.com/,C0002509,Jordan,Jones,Jordan Jones,pmathews@example.com,001-843-421-8262,1987-08-21,M,Netherlands,Amsterdam,"4710 Quinn Lodge, Amsterdam",DZ 48435,fr,Platinum,2023-02-24,False,BKG_000000347,2025-02-03,,2025-04-13,5,1,1,1,double,2,Web,,False,,,1450.11,1230.43,198.8,75.64,380.72,Failed,Cash,TravelAgency,NO_PROMO,160.81,2024-01-04 19:31:24,2025-09-01 04:53:08,SYSTEM,Confirmed,REV_00000347,3,Fund picture generation young enjoy treat.,Face measure product per tough glass. Prevent sure go result eye reflect.,2025-01-19,90,False,Basel,2025-05-23,Business,double,LegacySystem,2024-01-04 19:31:24,2025-09-01 04:53:08
H00106,"Moody, Burgess and Yoder",Peru,Lima,Resort,2,284,Restaurant,Sea people computer campaign meet specific in she. Move wait realize wall energy note.,___,-30.235911,97.096438,https://mack.biz/,C0003606,Wayne,Charles,Wayne Charles,tracy89@example.com,448-461-4865x80673,1975-05-19,Other,Poland,Poznan,"161 Elizabeth Lakes Suite 846, Poznan",ZG 36993,tr,Bronze,2022-11-25,False,BKG_000000348,2024-01-22,2026-04-11,2026-04-12,1,1,1,1,double,2,Web,Extra bed,True,2024-10-31,,1415.89,1284.11,80.24,62.66,1067.94,Paid,Cash,Booking.com,NO_PROMO,155.42,2024-06-19 08:19:46,2025-05-18 06:41:05,API,Confirmed,REV_00000348,1,Blue support area society minute close.,Skin want continue something method. Person pick senior woman address under. Though medical white born family fish hope law.,2024-01-19,23,False,Ankara,2024-11-14,Leisure,double,MobileApp,2024-06-19 08:19:46,2025-05-18 06:41:05
H00683,Mitchell-Henderson,Indonesia,Bandung,Luxury Hotel,1,319,Restaurant,Thus contain recognize fine.,"Beach,Museum,Park",-43.686674,37.773422,http://blackburn.com/,C0003776,John,Goodman,John Goodman,!!erin50@example.org,253-892-8920x8208,1983-10-02,Other,Peru,Lima,"5664 Jacob Grove, Lima",AF 14077,tr,Gold,2023-02-28,False,BKG_000000349,2024-01-02,,2025-04-17,12,3,-1,2,suite,2,Phone,Extra bed,True,2025-04-28,,1430.15,1435.54,210.31,39.07,825.97,Paid,PayPal,Direct,PROMO188,40.44,2024-02-21 07:12:28,2025-04-07 12:43:07,USER,Confirmed,REV_00000349,1,--,"Maybe everybody want member feel. Smile hard current whatever.
Grow raise both attack home source try. Discussion cause may entire tough along send.",2024-10-14,55,True,Nairobi,2024-11-08,Family,suite...,APIGateway,2024-02-21 07:12:28,2025-04-07 12:43:07
H00300,Benton-Roman,Czech Republic,Prague,City Hotel,5,256,Free WiFi,Form wife word price. Tree toward administration deep woman.,Shopping Mall,64.709631,-25.808014,https://edwards-mckinney.biz/,C0004852,,Johnson,___,hopkinsrachel@example.net,001-290-525-6805,1946-05-04,M,Portugal,Coimbra,"76026 Smith Station Apt. 236, Coimbra",RJ 48565,en,,2024-02-16,False,BKG_000000350,2025-08-08,2025-05-26,2025-06-02,7,3,0,2,suite,1,Agent,Late check-in,True,2025-09-26,Payment Failed,1510.65,1465.15,260.67,45.82,1490.27,Paid,Debit Card,Direct,PROMO463,19.92,2025-07-06 14:43:34,2025-07-05 11:02:27,AGENT,Confirmed,REV_00000350,1,Close where popular more shoulder think.,Stage voice with become coach improve nice. Contain hotel many sell. Behavior agree detail product few can north.,2024-07-24,40,False,Fortaleza,"Jan 32, 2025",Family,single,MobileApp,2025-07-06 14:43:34,2025-07-05 11:02:27
H00195,"Maddox, King and Harris",Austria,Vienna,Resort,4,131,Restaurant,History Mrs sit bit. Suggest again away sound.,Historic Site,-27.574565,17.285378,Https://www.lowe.com/,C0001780,Cathy,Wright...,Cathy Wright...,bobconway@example.net,5295722660,1993-06-09,M,Philippines,Manila,"472 Burnett Circle Apt. 228, Manila",CJ 63236,en,Silver,2024-11-02,True,BKG_000000351,2024-08-20,2024-12-20,2024-12-21,1,4,3,1,double...,3,Web,Late check-in,False,,,57.62,148.73,238.73,93.15,7.27,Refunded,Cash,Airbnb,NO_PROMO,45.54,2024-04-16 14:37:10,2025-05-19 14:52:18,API,Pending,REV_00000351,3,Establish seat model.,Support near paper leg majority. Green memory factor traditional. Sing behavior relate leader street get plant.,2025-05-27,3,True,Helsinki,2024-11-23,Solo,single,MobileApp,2024-04-16 14:37:10,2025-05-19 14:52:18
H00010,Todd PLC,China,Hangzhou,!!Luxury Hotel,2,195,"Pool,Gym,Spa",MIGHT PUBLIC MEDICAL. SEA FORMER READY HUNDRED COMPARE SCORE DRUG. OFTEN REDUCE WHOSE END FILM.,Historic Site,36.266563,-3.608476,http://garcia-martin.org/,C0000404,Makayla,Morse,Makayla Morse,sara20@example.com,001-859-508-5484,1976-07-29,M,Malaysia,Kuala Lumpur,"14835 Williams Creek, Kuala Lumpur",WX 78418,fr,Gold,2023-10-23,True,BKG_000000352,2024-05-14,2025-12-15,2025-12-22,7,1,0,9999,single,3,MOBILE APP,,False,,,1754.52,830.32,274.02,53.55,642.4,Failed,Debit Card,Booking.com,,114.08,2025-04-04 06:16:02,2025-02-23 10:20:01,API,Cancelled,REV_00000352,3,Lose enough early rock oil rate expert.,Stand them drive send stage hold thousand. Long too small morning poor Mrs hard. Their beautiful she perform anyone economic executive.,2025-09-15,-1,False,Turin,2025-04-25,Leisure,double,LegacySystem,2025-04-04 06:16:02,2025-02-23 10:20:01
H00648,Thornton-Garcia,France,Toulouse,Luxury Hotel,1,81,Free WiFi,Into president mission stay white include. Practice himself affect well serve billion.,Historic Site,-76.812995,69.994294,http://www.davis.biz/,C0000004,Megan,Gregory,Megan Gregory,wesley22@example.net,9192020446,1987-09-21,M,Bulgaria,Plovdiv,"12184 Zachary Turnpike, Plovdiv",OL 41160,en,,2023-04-07,True,BKG_000000353,2023-11-21,2026-07-12,2026-07-12,1,2,2,0,double,3,Web,,False,,,533.03,967.48,281.88,73.93,241.59,Failed, PayPal ,Expedia,NO_PROMO,171.17,2024-05-27 21:49:03,2025-07-05 09:25:13,API,Cancelled,REV_00000353,5,Food speech keep fund admit seem say already.,School amount box growth write performance including. Same take dog wonder involve.,!!2025-04-28,60,___,Cairo,2024-11-13,Solo,suite,CloudBooking,2024-05-27 21:49:03,2025-07-05 09:25:13
H00847,"Alexander, Hansen and Velasquez",Sweden,Gothenburg,Resort,2,487,"Pool,Gym,Spa",Suggest five friend story second move course read. Similar sort cold apply attorney.,Shopping Mall,46.311591,-122.09808,https://www.boyer.com/,C0000346,Sean,Kline,Sean Kline,michael19@example.com,4179823855,1961-12-05,Other,Romania,Cluj-Napoca,"24049 Gonzales Vista, Cluj-Napoca",MZ 29492,es,,2023-06-14,True,BKG_000000354,2024-08-12,2026-08-17,2026-08-25,8,2,1,2,single,,Agent,,True,2025-09-28,No Show,989.82,1375.36,256.49,86.98,118.62,Failed,Credit Card,TravelAgency,PROMO513,126.96,2024-03-30 06:22:15,2025-02-04 13:00:36,API,Confirmed,REV_00000354,3,Need time region world spend ever provide.,Truth couple available population. Work citizen friend organization.,2025-08-03,39,True,Manila,2025-03-10,Family,suite,APIGateway,2024-03-30 06:22:15,2025-02-04 13:00:36
H00383,Rodriguez-Delgado,France,Bordeaux,--,2,416,Restaurant,Sport source act religious local sure. Police shake water ready speech. Player nice eye stay.,"Beach,Museum,Park",-75.111556,-134.847091,https://rollins-diaz.info/,C0003828,Sarah,Lee,Sarah Lee,nicholas46@example.org,306.224.5496x674,1964-09-30,Other,Egypt,Luxor,"9018 Anna Stravenue Apt. 471, Luxor",WA 72306,es,Silver,2024-04-30,False,BKG_000000355,0000-00-00,2026-01-27,2026-02-06,10,2,1,2,single,3,Agent,Late check-in,False,,,1094.4,0,135.18,12.36,866.18,   ,Cash,Expedia,,133.23,2025-09-12 12:00:35,2024-12-31 14:39:53,API,Pending,REV_00000355,3,Wish collection total spring cup floor decide raise.,Effort interview really employee picture coach. True glass my loss cover.,2024-03-31,5,True,Berlin,2025-06-07,Couple,single,CloudBooking,2025-09-12 12:00:35,2024-12-31 14:39:53
H00826,Perez-Warner,,Cairo,Business Hotel,1,0,Restaurant,Cost perform successful strong enjoy off under. Chance he stuff method.,Shopping Mall,-5.859672,-124.285688,https://howard.com/,C0002015,Jacqueline,Campbell,Jacqueline Campbell,matthew21@example.org,863.507.6250,1991-07-08,,Chile,Concepción,"2836 Medina Passage Suite 538, Concepción",HH 14497,es,Bronze,2023-06-18,True,BKG_000000356,2025-03-12,2026-07-11,2026-07-23,12,4,0,1,single,3,Web,,True,2025-05-30,Payment Failed,1427.09,778.62,209.99,25.36,472.65,Refunded,Cash,Direct,PROMO525,108.21,2025-03-13 11:15:17,2025-07-07 17:45:32,API,Confirmed,REV_00000356,2,Head city be student my face.,Concern reduce among music year risk leave. Decision article morning agreement. Born yourself road safe most ever I dog.,2024-10-05,76,True,Bali,2025-08-23,Leisure,suite,MobileApp,2025-03-13 11:15:17,2025-07-07 17:45:32
H00787,Lopez-Nguyen,Netherlands,Utrecht,Boutique,3,417,Free WiFi,Court dinner skin while rule more.,,-70.99526,29.330392,https://miller.com/,C0004379,Dale, Barton ,Dale  Barton ,brandon60@example.com,+1-246-237-5543x0848,1990-10-14,M,India,Mumbai,"8001 Megan Manors Apt. 781, Mumbai",NY 16440,de,,0000-00-00,True,BKG_000000357,2023-11-16,2025-05-11,2025-05-23,12,1,3,1,double,2,Mobile App,Extra bed,False,,,1000.41,1434.6,239.26,9999,974.16,Pending,Debit Card,Direct,NO_PROMO,23.44,2025-09-17 14:29:05,2025-08-02 00:31:53,SYSTEM,Pending,REV_00000357,5,Staff push establish ball little reflect.,American color store scientist. Piece test Mr coach off attention. Law in civil trip be.,2024-03-12,63,False,Ostrava,2024-12-08,Leisure,single,APIGateway,2025-09-17 14:29:05,2025-08-02 00:31:53
H00284,Mckay PLC,Brazil,Fortaleza,Boutique,4,444,"Pool,Gym,Spa",Nice sound effort it material. Rich career book light put. Their course others seem stay federal.,"Beach,Museum,Park",-29.346531,-116.415988,https://cannon.com/,C0000813,Mark,Johnson,Mark Johnson,ybowman@example.org,392-597-8422x01300,2000-07-17,F,New Zealand,Queenstown,"8282 Harrison Common, Queenstown",RI 74498,tr,Platinum,2024-04-26,True,BKG_000000358,2024-09-14,2026-07-11,2026-07-11,1,2,2,2,double,3,Phone,Late check-in,False,,,419.68,1331.53,289.91,73.18,38.21,Pending,Credit Card,--,NO_PROMO,43.24,2025-04-05 19:25:00,2024-11-01 23:24:02,SYSTEM,Confirmed,REV_00000358,5,Per learn most room say girl authority.,Almost before fact show wife short guess. Teacher mission shoulder building according scene doctor. They tonight method across message since catch.,2025-05-19,86,???,Prague,2025-01-27,Couple,suite,MobileApp,2025-04-05 19:25:00,2024-11-01 23:24:02
H00967,,Sweden,Uppsala,Business Hotel,1,388,Restaurant,back table democratic enough after. debate value while suggest.,Historic Site,-57.40778,153.103637,https://schultz.com/,C0000174,Madison,Ford,Madison Ford,george88@example.net,446.396.2375,1952-12-13,F,Philippines,Manila,"07058 Kimberly Plaza Apt. 857, Manila",OM 51575,de,Bronze,2023-02-28,True,BKG_000000359,2024-07-08,2026-07-17,2026-07-27,10,1,1,2,suite,2,Agent,Extra bed,True,2025-07-12,Customer Request,640.66,503.81,63.83,13.59,81.63,Failed,Cash,Direct,NO_PROMO,130.48,2024-02-06 17:07:17,2025-09-21 21:26:01,AGENT,Confirmed,REV_00000359,2,Rest loss I attack eye treat.,Artist during high wall. Character point wear soon discuss draw send. General certain participant character.,2025-04-29,29,True,Luxor,2025-10-01,Couple,single,APIGateway,2024-02-06 17:07:17,2025-09-21 21:26:01
H00443,Lee PLC,Romania,Brasov,Boutique,2,321,Restaurant,Challenge ground create develop civil describe.,Shopping Mall,-21.635867,-53.9495,,C0003201,Amy,Wright,Amy Wright,bennettrachel@example.com,(965)497-4975x7921,1987-12-05  ,F,Netherlands,Amsterdam,"90757 Benjamin Lodge Apt. 014, Amsterdam",MB 91874,fr,Bronze,2023-02-15,False,BKG_000000360,2023-12-21,2026-08-12,2026-08-19,7,4,1,2,suite,1,Phone,,False,,,55.05,670.75,143.21,32.58,44.58,Paid,Cash,Airbnb,PROMO622,,2024-10-28 20:17:54,2025-03-16 01:25:32,AGENT,Pending,REV_00000360,5,Issue let fly open.,East light seven cause though rock. Own heavy watch sometimes. Wait stock happy everybody special staff thing challenge.,2023-12-11,0,True,Thessaloniki,2025-02-22,Couple,single,LegacySystem,2024-10-28 20:17:54,2025-03-16 01:25:32
H00788,Powell-Johnson,Kenya,Kisumu,Budget Hotel,1,217,"Pool,Gym,Spa",Heavy apply agency make. Attack compare accept car though network else. Must compare second method.,Historic Site,47.542546,-141.34059,HTTP://SCOTT-PATTERSON.COM/,C0002457,Jay,Gregory...,Jay Gregory...,curtis03@example.org,(658)883-3329x850,1975-12-24,M,Egypt,Luxor,"2264 Joshua Trail Suite 817, Luxor",JO 59155,tr,Platinum,2025-03-30,False,BKG_000000361,2025-05-11,2026-03-27,2026-04-08,12,2,0,2,suite,2,Web,No requests,False,,,1348.85,223.31,192.27,65.88,504.05,Failed,PayPal,Booking.com,NO_PROMO,182.59,2024-07-19 08:24:51,!!2025-01-22 04:06:09,USER,--,REV_00000361,4,Country share explain item.,"Beautiful image magazine when learn.
Exist foot race again someone author. Thus past old politics eat.",2024-07-17,86,True,Mendoza,2025-05-03,Couple,suite,CloudBooking,2024-07-19 08:24:51,!!2025-01-22 04:06:09
H00683,Brewer-Walters,Netherlands,Eindhoven,Resort,3,365,"Pool,Gym,Spa",Lose whole although car participant research.,Historic Site,17.421515,34.712474,https://anderson.com/,C0001552,Eric,Rodriguez,Eric Rodriguez,osmith@example.com, +1-314-835-4155x66575 ,1989-04-09,M,Peru,Arequipa,"2516 Diane Lights, Arequipa",AW 87412,es,,2024-05-16,False,BKG_000000362,2024-03-27,2026-01-27,!!2026-02-02,13,3,0,0,suite,2,Phone,,True,2025-02-03,Customer Request,1117.54,438.5,Five,57.82,149.06,Paid,Credit Card,Booking.com,   ,133.49,2025-04-12 22:00:11,0000-00-00,AGENT,Confirmed,REV_00000362,5,Range run step represent spring whole wrong.,Fly clear not page debate increase. Bad interview necessary much. Dark many where possible new radio move.,2024-06-29,69,True,Geneva,2025-08-04,Family,suite,LegacySystem,2025-04-12 22:00:11,0000-00-00
H00332,Thomas LLC,South Africa,Durban,Budget Hotel,3,458,"Pool,Gym,Spa",Nature few grow Republican population measure visit. Up structure against including box.,!!Shopping Mall,-86.892003,58.767366,https://www.montgomery-mahoney.com/,C0000670,Benjamin,Mills,Benjamin Mills,patriciaclark@example.org,388-854-0657x2328,02/30/2025,F,Sweden,Linköping,"09697 Singh Springs, Linköping",--,fr,,2025-08-14,True,BKG_000000363,2025-02-10,2026-08-13,2026-08-20,Ten,1,0,2,--,9999,Phone,No requests,True,2025-05-24,Hotel Closed,523.8,772.24,154.08,98.53,61.08,Failed,PayPal,,PROMO390,135.33,2025-07-18 00:37:28,2024-12-28 20:29:35,USER, Cancelled ,REV_00000363,2,Play local floor than science finish compare.,Tree large son involve bad. Sing great laugh think responsibility least.,2025-07-28,70,False,Montreal,2025-05-02,Family,double,MobileApp,2025-07-18 00:37:28,2024-12-28 20:29:35
H00607,   ,Finland,Helsinki,Resort,3,416,Restaurant,Over economy help effect. Energy onto run measure occur.,Shopping Mall,-50.03598,63.160938,http://www.griffin.com/,C0002302,Amanda,Thompson,Amanda Thompson,marie86@example.net,+1-455-627-9934x05762,1982-12-04,Other,Saudi Arabia,Medina,"1015 Kramer Rue, Medina",MC 11163,en,,2023-05-29,False,BKG_000000364,,2026-06-01,2026-06-01,1,2,1,2,double,2,Mobile App,Extra bed,False,,,297.04,231.11,225.61,3.87,9999,Pending,PayPal,Airbnb,,40.11,2025-06-14 13:33:52,2024-12-06 10:31:42,AGENT,Pending,REV_00000364,4,Author style college share investment coach character.,Student pick professional part. Country together local music. Others low treatment send safe half main.,2024-03-07,77,--,Lausanne,2025-09-05,Leisure,suite,APIGateway,2025-06-14 13:33:52,2024-12-06 10:31:42
H00892,,Australia,Perth,City Hotel,3,362,Free WiFi,Week offer stuff environmental especially. East image thing plan.,"Beach,Museum,Park",-25.847669,164.286447,http://www.young.info/,,Mary,Barnes,Mary Barnes,mbrown@example.org,001-868-963-3535x5629,1968-03-25,M,Ireland,Dublin,"37662 Jacob Flats Apt. 621, Dublin",JH 15173,es,Bronze,2023-06-05,True,BKG_000000365,2024-11-06,2025-02-01,2025-02-14,13,1,2,2,double,3,Web,Late check-in,False,,,624.28,1139.71,288.84,64.45,148.21,,Cash,Direct,NO_PROMO,109.08,2024-05-12 19:58:52,2025-09-22 13:15:51,API,Cancelled,REV_00000365,5,Home act class kid part.,Within model why there bar into one allow. Pretty while energy action. Month people peace medical.,2025-04-22,40,True,Jerusalem,2025-06-01,Couple,double,CloudBooking,2024-05-12 19:58:52,2025-09-22 13:15:51
H00724,,Netherlands,Rotterdam,--,2,263,Restaurant,Card him word. State management culture really.,   ,-42.603071,-76.662074,http://holt-abbott.info/,C0002545,David,Wyatt,David Wyatt,belinda23@example.net,001-452-993-9010,1971-02-23  ,Other,Japan,Nagoya,"670 Arthur Green Apt. 634, Nagoya",FT 24029,de,Platinum,2023-11-13,False,BKG_000000366,2025-09-16,0000-00-00,2026-04-08,14,4,3,Ten,,1,Phone,,False,,,351.0,1437.43,237.25,85.7,297.96,Failed,PayPal,Booking.com,NO_PROMO,106.91,2025-06-23 10:24:07,2025-06-18 08:02:51,USER,Confirmed,REV_00000366,2,house popular drop yourself off his.,Sister who study why shoulder. Condition very interview laugh senior. Somebody watch why week something.,2024-12-12,70,False,Johannesburg,2025-04-24,Business,suite,APIGateway,2025-06-23 10:24:07,2025-06-18 08:02:51
H00563,Freeman-Hayden,Indonesia,Bandung,Boutique,2,485,Free WiFi,Energy vote stage economic nor ground. Report stuff end.,Historic Site,85.585244,62.789651,http://www.owens-kent.net/,C0000729,Hunter,Jackson,Hunter Jackson,jasonrobertson@example.net,793-967-2655x74901,1976-11-21,F,Nigeria,Lagos,"603 Olson Avenue Apt. 336, Lagos",XV 18457,tr,Bronze,2023-08-02,False,BKG_000000367,2025-10-14,2025-12-27,2026-01-09,13,1,-1,0,double,2,Phone,,False,,,298.74,1095.67,158.56,21.45,248.17,Failed,Credit Card,Airbnb,,127.02,2025-06-09 22:15:25,2025-06-30 01:46:47,SYSTEM,Cancelled,REV_00000367,1,Friend want participant generation themselves record.,"Situation kind set.
Store truth wrong your just. Democratic member enjoy also never particularly heavy.",2024-10-16,26,False,Kuala Lumpur,02/30/2025,Couple,single,CloudBooking,2025-06-09 22:15:25,2025-06-30 01:46:47
H00921,"Delacruz, Wise and Dixon",Finland,Tampere,Budget Hotel,5,87,Free WiFi,!!Center fast firm piece wish. Money response green simple enter thousand.,Shopping Mall,61.271436,-8.497399,https://patel.com/,C0003282,CARRIE,Buck,CARRIE Buck,michaelarnold@example.com,000-000-0000,1953-11-22,F,Australia,Perth,"444 Carter Island Apt. 935, Perth",HS 89076,es,Gold,2024-06-30,True,BKG_000000368,2024-09-13,2025-09-10,2025-09-18,8,2,2,9999,double,3,Agent,,True,2025-08-11,No Show,1297.43,135.25,154.9,3.12,1133.01,Refunded,Cash,Direct,NO_PROMO,115.32,"Jan 32, 2025",2025-02-11 13:17:47,USER,Pending,REV_00000368,1,True girl yes significant performance little.,"Fine station top surface apply fill. Old majority note.
Green federal practice artist hope interview never. Type word ability land tax.",!!2023-12-17,34,True,Singapore,2024-12-31,Solo,double,LegacySystem,"Jan 32, 2025",2025-02-11 13:17:47
H00320,"Shaw, Fowler and Dennis",--,Rabat,Business Hotel,1,60,Restaurant,General cup smile medical lay. Experience make minute option year.,Historic Site,0,17.326844,http://www.williams.com/,C0004734,Karen,Stone,Karen Stone,qthompson@example.org,913-997-5064,1951-04-06,M,Finland,Tampere,"1861 Sheppard Stream, Tampere",CC 35007,tr,,2023-04-01,False,BKG_000000369,2025-03-19,2025-02-05,2025-02-17,12,4,1,0,suite,2,Phone,Late check-in,True,2025-06-11,Payment Failed,1864.99,692.71,252.12,20.95,41.98,Refunded,PayPal,TravelAgency,NO_PROMO,150.43,2025-03-11 21:57:52,2025-04-23 03:05:25,AGENT,Pending,REV_00000369,2,Near animal discuss most involve good statement.,Involve certain long military until. Else recognize within cup beyond.,2025-02-27,71,False,Chengdu,2025-01-26,Leisure,single,LegacySystem,2025-03-11 21:57:52,2025-04-23 03:05:25
H00229,"French, Shaw and Mcbride",Philippines,Davao,Luxury Hotel,5,263,"Pool,Gym,Spa",Black product religious during. Girl administration political their that class woman evening.,Shopping Mall,-6.160481,-134.794135,http://mays.com/,C0000254,Mary...,Shepherd,Mary... Shepherd,isaacjohnson@example.net,915-696-4718,1953-04-20,F,Belgium,Ghent,"50822 Alexandra Squares, Ghent",ZG 30593,es,Bronze,,False,BKG_000000370,2024-02-01,2026-10-23,2026-10-29,6,4,2,2,double,2,Agent,Extra bed,True,2025-05-11,Hotel Closed,209.9,527.62,229.83,31.2,106.42,Failed,Debit Card,TravelAgency,,117.67,2023-11-24 10:39:10,2025-07-04 05:35:40,USER,Confirmed,REV_00000370,5,West most car practice issue.,Cut develop democratic watch father past. Identify because buy institution.,2025-06-29,85,False,Belo Horizonte,2025-01-08,Couple,single,LegacySystem,2023-11-24 10:39:10,2025-07-04 05:35:40
H00944,Williams and Sons,Egypt,Alexandria,City Hotel,3,265,Restaurant,Set billion concern also anyone. Protect get side fund fill court soldier.,Historic Site,-16.593515,177.221223,http://www.shaw.org/,C0004674,Shawn,Rodriguez...,Shawn Rodriguez...,omiller@example.com,463-324-6956x829,1999-01-17,???,Netherlands,The Hague,"55520 Lance Alley Apt. 496, The Hague",YE 88871,de,Platinum,2024-08-24,False,BKG_000000371,2025-06-08,2025-07-12,2025-07-25,13,1,1,1,suite,3,Mobile App,Late check-in,False,,,993.65,269.79,44.85,25.08,763.81,Failed,Credit Card,Booking.com,,139.15,2025-09-30 08:06:37,2025-02-15 05:28:04,API,   ,REV_00000371,2,Wear today especially during usually news.,Build organization seven chair room alone PM wrong. Such executive TV these five their degree. Finally water right heart.,2025-03-15,68,True,Johor Bahru,2025-07-15,Leisure,single,LegacySystem,2025-09-30 08:06:37,2025-02-15 05:28:04
H00989,Vasquez-Eaton,Sweden,Gothenburg,Boutique,2,328,Free WiFi,Floor manager drop scene experience. Trouble data family pay. Boy student issue begin window heavy.,Historic Site,Five,103.899904,https://woodard-gonzalez.com/,C0000402,Teresa,Webb,Teresa Webb,@gmail.com,001-573-352-3219x7353,1994-09-16,Other,United Kingdom,Manchester,"8117 Vaughn Trail, Manchester",VE 23135,de,Platinum,2025-01-16,True,BKG_000000372,2024-10-27,2026-02-13,2026-02-16,3,2,2,0,single,3,WEB,Extra bed,True,2025-03-17,Customer Request,1038.46,1189.25,54.77,57.64,541.16,Pending,Credit Card,Expedia,,179.08,2024-03-12 00:35:04,2025-07-01 14:28:44,SYSTEM,Pending,REV_00000372,5,Spring tough have century couple.,Hear father force prove minute technology animal. Action if impact war eat pressure weight main.,02/30/2025,88,False,Kano,2025-06-26,Business,suite,CloudBooking,2024-03-12 00:35:04,2025-07-01 14:28:44
H00985,Collins Group,--,Turin,Luxury Hotel,3,43,Restaurant,Suggest hour accept call knowledge. Level project image dream unit.,Historic Site,-0.058266,-81.412765,https://brady.com/,C0001070,Mario,Davis,Mario Davis,lewisbrandon@example.com,,1966-09-26,F,Australia,Adelaide,"817 Young Locks Suite 756, Adelaide",WF 31514,fr,Gold,2023-04-27,True,BKG_000000373,2025-06-10,2025-02-12,2025-02-18,6,1,3,0,suite,Five,Phone,,True,2025-02-08,No Show,1086.51,516.05,272.67,97.44,1073.36,Refunded,PayPal,Airbnb,NO_PROMO,2.5,0000-00-00,2025-04-16 16:02:17,AGENT,Cancelled,REV_00000373,2,Recently rate rest bill movie voice.,Spring drop relate unit item subject. Nice who front. Education either same can fill score.,2025-09-06,53,???,Auckland,2025-10-24,Business,double,CloudBooking,0000-00-00,2025-04-16 16:02:17
H00052,Deleon LLC,,Trujillo,Business Hotel,5,266,Free WiFi,Room support without one various church admit. Environment bill successful discuss.,"Beach,Museum,Park",-73.15927,-25.196707,https://fletcher.com/,C0003623,Rebecca,Dyer,???,wangdaniel@example.net,480-651-9873,1963-02-14,Other,Mexico,Cancún,"20140 Pamela Throughway, Cancún",XJ 43795,tr,Platinum,2023-09-15,False,BKG_000000374,2024-04-23,2026-10-18,2026-10-20,2,4,0,2,single,1,Web,,False,,,1822.29,547.55,267.24,61.41,174.34,Paid,Cash,   ,,170.5,2024-12-21 06:24:03,2025-06-17 18:50:05,AGENT,Confirmed,REV_00000374,5,Assume well age.,Attack recently central soldier. No total nice administration painting. Focus certain political politics.,2024-10-29,51,True,Marrakesh,2025-07-25,Business,suite,MobileApp,2024-12-21 06:24:03,2025-06-17 18:50:05
H00050,Lee Ltd,New Zealand,Christchurch,Resort,5,286,"Pool,Gym,Spa",Effect save challenge. Might strong paper large likely.,"Beach,Museum,Park",-14.007591,-89.102737,http://www.sutton-king.com/,C0002519,George,Walls,George Walls,wclark@example.com,995.913.2508,1998-10-06,Other,Sweden,Uppsala,"5662 Shaw Stream Apt. 342, Uppsala",WN 51765,en,Silver,2025-02-09,True,BKG_000000375,2024-05-01,2025-11-07,2025-11-12,5,3,0,2,double,3,Web,Late check-in,False,,,1740.3,1477.58,144.25,71.89,248.91,Paid,Credit Card,Booking.com,,128.16,2024-02-04 08:16:56,2024-11-29 00:24:15,AGENT,Cancelled,REV_00000375,3,Group real necessary go begin short quickly.,Future truth worry vote best.,2025-06-17,60,False,Mombasa,2024-12-16,Business,suite,CloudBooking,2024-02-04 08:16:56,2024-11-29 00:24:15
H00468,Chandler-Kennedy,China,Shenzhen,Resort,4,56,"Pool,Gym,Spa",Time as knowledge two. Recent just cell.,Historic Site,73.134617,125.42822,https://vasquez-cunningham.com/,C0003695,Nancy,Hughes,Nancy Hughes,joseph63@example.com,972.593.1712x0245,1988-09-18,Other,United Arab Emirates,Sharjah,"385 Romero Park, Sharjah",WK 98478,en,,2024-07-08,True,BKG_000000376,2024-08-31,2026-06-30,2026-07-03,3,2,2,1,single,3,Web,No requests,True,2025-03-16,No Show,566.42,869.41,264.79,70.5,317.34,Paid,Cash,Airbnb,,123.3,2025-07-16 01:43:07,2025-06-13 09:07:15,USER,Cancelled,REV_00000376,5,Know message art.,Very add him learn. Bar book state. Necessary some Mr account group almost.,2025-08-18,10,False,Hue,2025-06-29,Leisure...,double,APIGateway,2025-07-16 01:43:07,2025-06-13 09:07:15
H00471,Cook Group,Romania,Timisoara,--,3,448,Restaurant,Political international culture.,Historic Site,-59.998398,-127.115135,https://smith.net/,C0000550,Raymond,Chan,Raymond Chan,ryanmckay@example.com,956-243-9077x834,1971-04-04  ,Other,Chile,Concepción,"9026 Melanie Path, Concepción",VL 38219,de,Platinum,2024-05-17,True,BKG_000000377,2025-03-15,2026-02-26,2026-03-05,7,4,3,2,double,3,Web,No requests,False,,,,337.08,217.41,4.92,0,Paid,Credit Card,TravelAgency,,0,2025-03-23 22:44:22,2025-08-06 22:29:45,API,Confirmed,REV_00000377,3,Special what will husband seat call teach today.,Top out rock ready kitchen. Fund firm beat that front word. Cell behind name indicate their sense.,2025-10-02,30,False,Trujillo,2025-08-16,Business,double,LegacySystem,2025-03-23 22:44:22,2025-08-06 22:29:45
H00496,Thomas-Christensen,Turkey,Bursa,Boutique,1,460,"Pool,Gym,Spa",Authority rock let professional explain. Put success play because forward music.,Shopping Mall,87.918724,52.423645,http://www.chase-woods.com/,C0002817,Andrew,Harvey,Andrew Harvey,amydavis@example.org,288-669-1486,"Jan 32, 2025",Other,Nigeria,Abuja,"0833 Pratt Lights Apt. 934, Abuja",KH 89520,es,Gold,2022-11-27,False,BKG_000000378,2025-05-03,2026-10-22,2026-11-04,13,4,1,0,single,3,Web,No requests,True,2025-08-09,Payment Failed,735.43,746.47,216.82,,590.6,Pending,PayPal,Direct,NO_PROMO,161.97,2024-04-07 07:34:26,02/30/2025,USER,Cancelled,REV_00000378,4,Decade blue source thing think sit man.,Them walk since party do media past possible. Step oil land give road early. Pm fish remain.,2023-11-25,,False,Cali,2025-08-03,Family,suite,APIGateway,2024-04-07 07:34:26,02/30/2025
H00076,!!French-Perez,Colombia,Cali,Resort,4,283,Free WiFi,Executive right prevent make very. Throughout moment president season lawyer college.,Historic Site,-43.224708,Five,http://brown-potter.com/,C0002839,Daniel,Simpson,Daniel Simpson,jamesrose@example.org,886-269-0565x85592,1961-05-17,Other,New Zealand,Hamilton,"38970 Maria Course, Hamilton",JX 65262,fr,Gold,, False ,BKG_000000379,2024-02-08,2025-02-07,2025-02-15,8,3,2,2,suite,2,Web,___,False,,,1739.78,393.36,118.08,35.79,1224.35,Pending,Credit Card,Direct,PROMO436,135.46,2024-07-04 08:50:50,2025-01-07 21:50:31,AGENT,Cancelled,REV_00000379,1,   ,Where Mrs of able public white. Beat vote director smile. Table watch popular.,2024-12-27,48,False,Singapore,2025-09-23,Family,double,APIGateway,2024-07-04 08:50:50,2025-01-07 21:50:31
H00569,Patterson Inc,--,Ottawa,Resort,3,237,"Pool,Gym,Spa",Democratic letter standard. Smile administration push worry less professional standard.,Shopping Mall,-28.966288,112.501313,https://www.mcdonald.com/,C0003217,April,--,April --,thomas51@example.net,928.879.5963x1267,1983-10-27,Other,Argentina,Mendoza,"314 Allison Trail Apt. 034, Mendoza",PJ 97074,de,Silver,2024-04-08,True,BKG_000000380,2025-10-28,2026-02-17,2026-02-28,11,,0,2,suite,2,Agent,Extra bed,True,2025-05-27,Payment Failed,1029.94,1311.97,176.28,25.87,91.55,Failed,Credit Card,Direct,PROMO386,177.2,2024-09-12 11:02:45,2025-06-25 00:35:45,API,Confirmed,REV_00000380,4,Somebody possible consider more of our edge.,"Final shoulder trouble decade college. Yet government out play my show pick.
Bar oil determine worker. Cold notice need we but various.",2024-11-29,21,False,Pattaya,2025-05-20,Solo,single,CloudBooking,2024-09-12 11:02:45,2025-06-25 00:35:45
H00903,___,!!South Africa,Port Elizabeth,Resort,2,79,"Pool,Gym,Spa",Program thank phone performance. Everybody religious action. Work three will son professor popular.,"Beach,Museum,Park",-2.582946,82.772923,???,C0002602,Jacqueline,Vargas,Jacqueline Vargas,philip24@example.com,+1-884-712-8288x10639,1973-01-27,F,Israel,Jerusalem,"002 Barnes Ports, Jerusalem",GL 22847,tr,,2025-06-17,False,BKG_000000381,2025-07-22,2025-03-23,2025-03-28,5,3,1,0,single,Ten,Mobile App,Late check-in,False,,,320.11,563.39,82.63,71.62,98.84,Refunded,PayPal,Booking.com,PROMO688,28.83,2025-09-23 01:44:18,2025-04-22 16:25:32,API,Cancelled,REV_00000381,5,Test type return perhaps five those.,New treatment rate possible. Drug somebody they focus possible personal. Garden mind someone suddenly program.,2024-05-20,19,True,Funchal,2025-10-14,Couple,suite,LegacySystem,2025-09-23 01:44:18,2025-04-22 16:25:32
H00913,Evans and Sons,Malaysia,George Town,Luxury Hotel,5,156,Free WiFi,Forget option garden travel contain. Plant improve because available treat.,Shopping Mall,13.197624,9999,https://jones-barton.org/,C0004312,Paul...,Powell,Paul... Powell,,647.200.5557x33603,1987-09-28,F,South Korea,Busan,"984 Dennis Summit Suite 987, Busan",RK 86181,de,,2023-03-05,False,BKG_000000382,2024-03-01,2026-05-27,2026-05-27,1,2,0,1,suite,2,Phone,Late check-in,True,2024-11-18,Hotel Closed,1642.37,1161.2,179.73,52.5,928.96,Pending,Debit Card,Booking.com,,151.37,2024-03-29 01:25:55,2025-02-02 06:45:27,USER,Pending,REV_00000382,1,Subject evidence small.,Professor garden follow. Worker kid indicate safe care. Hot positive church.,2024-08-08,31,False,Linköping,2025-10-24,Couple,suite,CloudBooking,2024-03-29 01:25:55,2025-02-02 06:45:27
H00950,Vaughan-Collier,Morocco,Fes,Business Hotel,1,339,Restaurant,North purpose call kitchen. Reach how position structure project. System issue give evidence thank.,"Beach,Museum,Park",-18.185314,-78.457189,http://www.long-chambers.org/,C0002437,Wendy,Gonzalez,Wendy Gonzalez,ebrown@example.org,(923)989-2581x41802,1976-10-07,M,Morocco,Fes,"40289 Brown Summit Suite 847, Fes",JK 48772,es,Platinum,2025-06-09,True,BKG_000000383,2024-06-16,2026-04-09,2026-04-12,3,4,2,0,single,1,Web,Late check-in,True,2025-06-01,No Show,Ten,347.1,166.02,64.14,0,,Debit Card,Direct,NO_PROMO,0,2025-07-08 13:25:27,2025-03-10 06:04:49,SYSTEM,Confirmed,REV_00000383,4,Miss president government heavy per language woman.,Off become into like. Small kind wife force south gun. Impact which history fish.,2024-12-25,17,False,Bali,2025-02-26,Couple,single,LegacySystem,2025-07-08 13:25:27,2025-03-10 06:04:49
H00245,walker-jones,Switzerland,Geneva,Business Hotel,2,58,Restaurant,Factor expert interesting upon. Hour read respond what. Community goal society quickly.,Shopping Mall,25.440897,-48.714674,http://anderson.com/,C0001911,Lori,TUCKER,Lori TUCKER,@gmail.com,000-000-0000,1986-04-24,M,Netherlands,Utrecht,"686 COFFEY SQUARE SUITE 486, UTRECHT",DX 17608,en,Gold,2024-01-01,True,BKG_000000384,!!2025-02-01,2026-08-05,2026-08-09,Ten,3,2,0,suite,2,Phone,,False,,,1332.81,0,167.43,58.06,1157.94,Pending,   ,Direct,PROMO643,166.59,2023-12-10 20:07:40,2024-12-26 11:51:38,USER,Cancelled,REV_00000384,3,Senior inside increase throughout.,Shake magazine quickly these get. Break seek throughout collection.,2024-12-08,49,True,Aarhus,2025-03-13,Business,single,LegacySystem,2023-12-10 20:07:40,2024-12-26 11:51:38
H00609,Reed-Maxwell,Hungary,Budapest...,City Hotel,2,221,Free WiFi,Up bag rule message interest thought. Draw true ever.,Historic Site,-38.562773,-62.92861,https://www.wolfe.info/,C0002011,Michael,Owens,Michael Owens,carolclark@example.net,+1-893-323-1199x93580,"Jan 32, 2025",Other,Japan,Kyoto,"693 Tyler Isle Apt. 946, Kyoto",   ,es,,2024-08-26,True,BKG_000000385,2025-08-09,2026-06-27,2026-07-09,12,3,1,1,double,1,--,,True,2025-03-13,No Show,1835.86,1271.89,181.69,-1,1697.58,Pending,Cash,Booking.com,,146.88,2024-09-08 14:33:03,2025-01-02 21:15:31,API,Confirmed,REV_00000385,5,Morning range option organization.,Have value song pay collection party wonder spring. Imagine stock identify statement. Draw especially girl help.,2025-10-29,98,True,Salzburg,2024-11-19,Couple,single,LegacySystem,2024-09-08 14:33:03,2025-01-02 21:15:31
H00611,Beasley Ltd,Croatia,Dubrovnik,City Hotel,4,9999,"Pool,Gym,Spa",Teach protect house film box board. Somebody technology man could. Main tell society.,Shopping Mall,-16.658793,-154.642985,http://butler.com/,C0004412,Kendra,   ,Kendra    ,johnbauer@example.org,922.615.3367x0461,1950-12-07,F,Belgium,Bruges,"632 Smith Track Suite 220, Bruges",,fr,Gold,2024-03-03,False,BKG_000000386,2025-01-20,2026-03-24,2026-04-06,13,4,3,0,single,-1,Mobile App,Extra bed,True,2024-12-18,No Show,1634.23,773.3,55.37,17.1,1065.14,Failed,Debit Card,Direct,...,40.12,2024-09-25 02:55:01,2025-01-19 15:34:15,SYSTEM,Cancelled,REV_00000386,1,Be research out blue improve consider.,Doctor soldier detail read build child. Too right sure different. Administration impact Mr draw positive ready.,2025-09-15,13,False,Cork,2025-03-22,Couple,double,APIGateway,2024-09-25 02:55:01,2025-01-19 15:34:15
H00982,Gonzalez-Reilly, Philippines ,Manila,Budget Hotel,3,100,Restaurant,Move president organization include share none. Number hear certain property focus....,Shopping Mall,64.489875,103.464503,https://www.morrison-benitez.info/, C0004325 ,???,Carr,??? Carr,test@,!!214-502-4681,1950-05-19,F,India,Bangalore,"702 Mayo Path Apt. 981, Bangalore",MH 59991,en,,2025-04-14,False,BKG_000000387,2025-03-08,2025-11-18,2025-11-27,9,1,2,0,suite,1,Mobile App,Late check-in,True,2025-10-15,Customer Request,1915.29,996.06,190.01,35.68,1372.9,Refunded,Credit Card,,PROMO947,9.62,2023-13-01,,API,Confirmed,REV_00000387,2,Brother seek behind ability.,Approach character sound fact. Population most month season might. Accept live natural describe list.,2024-05-04,60,True,Cali,2025-07-06,Leisure,single,   ,2023-13-01,
H00680,Ford Group,Thailand,Phuket,Boutique,1,86,"Pool,Gym,Spa",Young card try certainly make. Account relate development professional back lay movement.,Shopping Mall,59.168031,85.00979,http://www.harvey-love.com/,C0002577,Christopher,smith,Christopher smith,rosewarren@example.com,(997)383-6904,1998-11-02,M,Netherlands,Rotterdam,"6093 Susan Ville, Rotterdam",XU 71393,de,Gold,2023-05-28,True,BKG_000000388,2024-06-02,2026-05-17,2026-05-28,11,3,2,0,single,3,Mobile App,Late check-in,True,2025-04-07,Hotel Closed,1550.28,364.8,184.54,44.41,201.27,Refunded,PayPal,Expedia,NO_PROMO,114.64,2025-03-30 21:08:10,2025-04-14 02:11:54,USER,Pending,REV_00000388,4,Goal effort author modern spring everybody recognize teach.,Close establish quickly far suggest tree necessary. Safe truth allow turn agreement just. Sing type indicate today draw agency million.,2024-08-04,25,False,Singapore,2025-05-16,Couple,single,APIGateway,2025-03-30 21:08:10,2025-04-14 02:11:54
H00477,Davis PLC,Finland,Turku,Resort,3,407,"Pool,Gym,Spa",Once watch home south ok. Actually source check evidence after.,Shopping Mall,-75.571993,129.345066,http://ruiz.net/,C0003199,Jason,Knight,Jason Knight,michelle41@example.net,831.343.7432x213,1993-03-24,M,South Korea,Seoul,"23471 Parker Villages, Seoul",VT 55679,es,,2025-04-16,True,BKG_000000389,2024-12-08,0000-00-00,2024-11-20,13,1,0,1,single,2,Mobile App,,False,,,1320.28,705.29,117.96,7.12,1054.87,Failed,Debit Card,TravelAgency,,49.33,2024-04-12 20:26:35,2025-04-02 13:44:35,user,Pending,REV_00000389,3,Camera trip sure ten we.,Including part lawyer amount. Community buy fear hand coach check understand.,2025-04-27,77,False,Rabat,2024-12-30,Family,double,APIGateway,2024-04-12 20:26:35,2025-04-02 13:44:35
H00309,Mcdonald-Williams,!!Turkey,Bursa,Boutique,3,354,Restaurant,Big rise ask. Cut wish recently speak.,"Beach,Museum,Park",64.91433,-162.872021,http://www.jackson.com/,C0001769,Kathryn,Anderson,Kathryn Anderson,cwilliams@example.org,228-924-0028x713,2003-12-23,F,Sweden,Stockholm,"7670 Ryan Glen, Stockholm",RM 29029,es,Platinum,2025-02-04,True,BKG_000000390,2024-04-28,2025-05-19,2025-05-29,10,4,0,1,double,9999,Agent,No requests,True,2025-09-13,Hotel Closed,1000.8,815.07,63.9,70.33,492.37,Failed,Cash,Expedia,PROMO103,44.34,2024-11-02 18:56:14,2025-07-05 05:46:15,AGENT,Pending,REV_00000390,3,,"Figure any big hospital great system.
Stop team foreign land evening appear lose wall. Example reason perform management however.",2025-03-21,74,False,Davao,2025-08-12,Couple,suite,CloudBooking,2024-11-02 18:56:14,2025-07-05 05:46:15
H00416,"Murray, Williams and Parker",Slovakia,Bratislava,Budget Hotel,4,187,Free WiFi,"Son prove whole. Million music service size six detail practice.
Military might woman.",Shopping Mall,-73.76962,89.02197,https://anderson.com/,C0001919,Robert,Lin,Robert Lin,williamadams@example.org,!!+1-805-575-0905x3655,1990-09-06,F,India,Mumbai,"25254 Ryan Field Apt. 324, Mumbai",IF 46167,en,Gold,2023-11-13,False,BKG_000000391,2025-04-29,2025-03-09,2025-03-18,9,4,1,2,suite,Ten,Web,No requests,False,,,579.22,571.77,82.15,5.53,321.82,Refunded,Debit Card,Direct,NO_PROMO,150.03,2024-07-19 00:44:55,2025-02-08 10:59:12,AGENT,Confirmed,REV_00000391,3,That provide reflect close by wall trial test.,"Indeed tonight whatever. Simply get owner about majority. Agreement participant common in.
Environment course way law. Right black both final.",2024-01-09,46,True,Bogotá,2025-09-17,Solo,single,APIGateway,2024-07-19 00:44:55,2025-02-08 10:59:12
H00796,Small Group,Vietnam,Hanoi,Business Hotel,0,215,Restaurant,Assume Democrat paper. Allow whose without.,"Beach,Museum,Park",77.055558,145.207577,http://www.bennett-adams.info/,C0003332,Paige,Moore,Paige Moore,adam79@example.org,+1-355-549-2332x939,1950-10-21,M,Sweden,Stockholm,"91586 Johnny Motorway Suite 753, Stockholm",GC 97829,tr,Platinum,2025-01-05,False,BKG_000000392,2024-05-24,2026-03-22,2026-04-01,10,4,3,1,double,1,Agent,Extra bed,False,,,1814.86,920.0,44.02,96.97,1812.23,Failed,Cash,Direct,,173.37,2024-03-24 08:16:43,2025-01-13 21:09:27,SYSTEM,Confirmed,REV_00000392,9999,Usually maintain none feeling child above visit.,"History including weight. Explain one wait. Different hair long western. Whatever lose early other.
Real money others voice available relate.",2023-11-13,36,False,Varna,2025-07-29,Leisure,single,MobileApp,2024-03-24 08:16:43,2025-01-13 21:09:27
H00233,Torres-Stanley,Japan,Hiroshima,Budget Hotel,2,73,"Pool,Gym,Spa",!!Situation within artist meeting value heart. Present and her. Owner again green young.,Shopping Mall,-67.023669,143.074204,http://lynch.org/,C0004804,John,Campbell,,jessicawhite@example.net,(826)248-3411x507,1973-05-31,F,Netherlands,Amsterdam,"552 Stephen Lane, Amsterdam",DQ 22614,es,Platinum,2024-10-18,False,BKG_000000393,2024-12-28,02/30/2025,2025-10-12,1,1,2,1,suite,2,Phone,Late check-in,True,2025-08-09,Hotel Closed,1944.05,671.87,9.32,80.16,1798.46,Paid,Debit Card,TravelAgency,,3.39,2024-11-04 07:12:57,2025-09-26 08:26:23,API,Pending,REV_00000393,3,Degree the my poor stay possible many catch., Skin compare run measure rich degree huge. Value west population sign. Read blue hope team care song. ,2024-03-06,47,True,Jeddah,2025-03-19,Family,single,MobileApp,2024-11-04 07:12:57,2025-09-26 08:26:23
H00697,"Wilson, Chase and Howard",Italy,Naples,Boutique,3,102,Free WiFi,   ,Historic Site,-17.318413,-20.643574,https://www.pittman-benson.com/,C0003881,Amy,Turner,Amy Turner,test@,+1-943-445-4366x3972,1966-01-03,M,Chile,Viña del Mar,"240 Taylor Green, Viña del Mar",YO 35283,en,Gold,2022-12-13,True,BKG_000000394,2024-11-07,2025-09-08,2025-09-09,1,2,1,1,suite,1,Web,Extra bed,False,,,1704.84,1337.44,198.3,2.42,561.33,Paid,Credit Card,TravelAgency,PROMO419,18.43,2025-04-25 10:05:12,2025-07-21 21:44:29,API,Cancelled,REV_00000394,3,Cause edge clear election.,Plan foot read four model. Produce simple green mouth movement. Modern happen catch cultural talk gas follow.,2024-11-15,0,False,Vienna,2025-10-27,Leisure,suite,CloudBooking,2025-04-25 10:05:12,2025-07-21 21:44:29
H00693,"Powell, Berg and Johnson",Argentina,Buenos Aires,Budget Hotel,1,62,Free WiFi,Image protect produce least news.,Historic Site,82.417701,-41.905079,https://sexton.com/,C0000508,Karen,Chen,--,lisawalker@example.org,(587)261-5426x65631,1978-10-11,F,!!Hungary,Pecs,"71401 Kimberly Summit Suite 265, Pecs",MA 41985,de,,2024-03-05,True,BKG_000000395,2024-02-11,2025-03-09,2025-03-10,1,2,2,,single,1,Phone,No requests,True,2025-07-30,Customer Request,383.77,1374.51,116.61,71.5,45.32,Failed,Credit Card,TravelAgency,,151.55,2025-05-25 10:02:06,2024-12-18 12:52:01, USER ,Pending,REV_00000395,3,Five run among focus successful best.,"Before defense voice than. Trouble top exist.
Instead make fund must although improve trouble. Oil late after security.",2023-11-09,97,True,Varna,2025-01-27,Business,suite,APIGateway,2025-05-25 10:02:06,2024-12-18 12:52:01
H00302,"Warren, Smith and Johnson",Thailand,Chiang Mai,Business Hotel,2,482,___,Force skill daughter course. Hold despite worker type. Church still approach life.,--,-65.388036,-102.444508,https://www.hicks.com/,C0003308,Rhonda,Olsen,Rhonda Olsen,nrush@example.net,286.839.5203,1977-06-09,F,Philippines,Manila,"472 Cameron Wall Suite 704, Manila",NH 64866,en,Silver,2024-01-21,True,BKG_000000396,2025-08-19,2026-02-09,2026-02-16,7,3,2,0,double,3,Mobile App,Extra bed,False,,,171.42,932.41,276.46,64.79,15.62,Refunded,Cash,Expedia,,72.44,2025-03-05 01:29:43,,AGENT,Confirmed,REV_00000396,5,Brother official executive ten white.,Show claim seat east baby rather you remember. Rock system space table each might bit. Describe garden the modern rise.,2023-11-30,22,True,Timisoara,2024-12-11,Family,double,APIGateway,2025-03-05 01:29:43,
H00954,Wright-Rose,Austria,Salzburg,Resort,1,194,"Pool,Gym,Spa",Exactly choice family. You hard truth type.,"Beach,Museum,Park",66.986031,-28.721598,https://www.adams.com/,C0003801,Christine,johnson, Christine johnson ,strongkaren@example.com,001-958-437-1263x25309,1973-06-10,Other,Japan,Kyoto,"66519 Walker Lane, Kyoto",LU 75015,de,Gold,2024-05-05,False,BKG_000000397,2025-06-14,2025-05-10,2025-05-14,4,4,0,9999,suite,3,Mobile App,Late check-in,True,2025-10-09,Payment Failed,466.27,1351.47,20.52,,436.35,Refunded,PayPal,Airbnb,NO_PROMO,73.55,2024-04-24 03:42:25,2025-09-22 23:00:42,USER,Pending,REV_00000397,3,Then finally success than door.,Around wide number establish pick. Teacher kid size level high. Dark realize center without one from.,2025-09-11,97,False,Braga,!!2025-08-06,Family,suite,CloudBooking,2024-04-24 03:42:25,2025-09-22 23:00:42
H00950,Camacho Group,United Arab Emirates,Abu Dhabi,Luxury Hotel,3,231,"Pool,Gym,Spa",Deal quickly section attack career talk. Build along food wall pay.,"Beach,Museum,Park",-59.886869,-27.388908,https://walker-gray.com/,C0003727,Vincent,Ayala,Vincent Ayala,@gmail.com,673-960-7926,1999-10-02,M,Czech Republic,Prague,"543 Morris Springs Apt. 552, Prague",Tt 84922,en,Silver,2025-01-10,True,BKG_000000398,2024-12-12,2025-10-28,2025-11-09,12,2,1,1,suite,2,Agent,Extra bed,False,,,1729.9,283.02,91.46,4.95,1372.15,Paid,Cash,Booking.com,PROMO500,60.79,2024-11-07 10:23:39,2025-09-29 21:37:26,USER,???,REV_00000398,9999,Red pass concern final.,Opportunity democratic within talk agent room. Bar sort bar determine word say final.,2024-04-06,29,True,Ankara,2025-01-15,Solo,double,APIGateway,2024-11-07 10:23:39,2025-09-29 21:37:26
H00770,"Hanson, Miller and Clark",!!Poland,Warsaw,Luxury Hotel,3,419,"Pool,Gym,Spa",Exist option prove all difference trouble into society. Whom decision forward result always.,Shopping Mall,82.330922,158.851937,https://coffey.biz/,C0004503,Amanda,Burton,Amanda Burton,jonesjennifer@example.net,(705)213-5290,1987-09-29,F,Portugal,Funchal,,RM 13555,de,,2023-06-04,True,BKG_000000399,2024-02-03,2025-11-16,2025-11-19,0,3,0,0,double,3,Mobile App,extra bed,True,2025-08-18,No Show,280.03,992.18,207.95,4.98,,Pending,Debit Card,Airbnb,,28.57,2024-02-22 22:27:36,2024-11-01 12:41:47,AGENT,Cancelled,REV_00000399,3,Day future that activity citizen mother message.,Reach well industry it important cover small. Senior western as local small magazine when. Increase great read air quickly side.,2024-02-21,52,True,Rabat,2025-04-23,Couple,double,LegacySystem,2024-02-22 22:27:36,2024-11-01 12:41:47
H00879,"Perkins, Guerrero and Cruz",France,Toulouse,Budget Hotel,1,351,Free WiFi,Occur put western page arrive nice total. Discuss herself miss safe blue her.,Historic Site,8.969907,-44.594195,,C0001395,Erin,Myers,Erin Myers,yfuller@example.com,+1-574-915-9935x664,1952-05-24,F,Romania,Timisoara,"29288 Flores Crossroad Suite 614, Timisoara",DF 31717,de,Platinum,2025-05-30,True,BKG_000000400,,2026-10-24,2026-11-02,9,3,3,1,suite,1,Phone,,False,,,1305.22,736.96,219.31,82.17,349.9,Paid,PayPal,Booking.com,NO_PROMO,135.02,2024-11-05 06:40:53,2025-01-13 19:40:56,USER,Pending,REV_00000400,2,Station most share situation economic course goal.,Official class certainly view argue find watch six. Cost stop long always part let. Paper through story wife dark. Community wind over race myself.,2024-11-26,46,True,São Paulo,2025-03-12,Solo,double,CloudBooking,2024-11-05 06:40:53,2025-01-13 19:40:56
H00478,Franklin-Singleton,Spain,Madrid,Resort,3,24,Free WiFi,Fish occur feel song realize. Month all have. Form rock professor group one impact.,Shopping Mall,-42.974679,-17.062477,http://day.info/,C0001678,Laurie,Leonard,Laurie Leonard,sphillips@example.org,(996)573-8571x4999,1994-12-09,M,Peru,Arequipa,"5041 Michael Mission Apt. 588, Arequipa",YJ 43055,de,Gold,2025-03-02,True,BKG_000000401,2024-05-19,2026-01-11,2026-01-24,13,2,0,0,single,1,Agent,,False,,,Five,1368.95,16.18,36.97,0,Pending,Cash,Airbnb,,0,,2025-05-25 22:15:58,AGENT,Cancelled,REV_00000401,2,Relationship spend painting your performance.,"Enter step common business. Grow take consider.
Window special us would hundred month. Kid ok management hand citizen whether glass.",2024-10-23,62,False,Nitra,2025-09-17,Leisure,suite,MobileApp,,2025-05-25 22:15:58
H00743,Edwards LLC,Mexico,Monterrey,Budget Hotel,4,484,Restaurant,We figure enough knowledge detail set. Student speak scene employee one herself set second.,Historic Site,3.806593,-30.844526,http://shaw.com/,C0000685,Rhonda, Green ,Rhonda  Green ,nicholaslam@example.org,(652)416-5028x8022,1952-01-11,F,Ireland,Cork,"8966 Dawn Square, Cork",NC 63282,tr,???,2025-01-15,True,BKG_000000402,2025-01-17,2024-12-31,2025-01-10,10,3,Ten,0,suite,1,???,Late check-in,True,2025-03-29,Customer Request,1217.24,481.3,186.84,51.51,980.25,Refunded,Debit Card,Direct,NO_PROMO,173.97,2024-02-20 08:33:09,2025-09-15 22:17:52,AGENT...,Pending,REV_00000402,1,American start during last guy increase.,People attention yeah first several happy. Magazine total instead what serious treatment design. Part on standard fish keep land blue next.,2024-02-02,75,False,Tromsø,2025-05-08,Business,single,MobileApp,2024-02-20 08:33:09,2025-09-15 22:17:52
H00120,"Castillo, Zimmerman and Davis",Croatia,Split,Boutique,3,212,"Pool,Gym,Spa",Box effect up take either break lose. Trial end new sometimes scene pretty.,Shopping Mall,66.231859,-73.078326,http://www.moore.net/,C0003650,Joshua,Graham,Joshua Graham,eharvey@example.com,6318440387,1999-03-26,Other,Netherlands,Utrecht,"01249 Cox Pass Suite 772, Utrecht",DJ 52852,es,Bronze,"Jan 32, 2025",True,BKG_000000403,2024-03-16,2025-03-18,2025-03-23,5,2,2,0,single,2,Phone,,False,,,1780.0,203.22,98.63,50.62,862.52,--,Credit Card,Booking.com,PROMO203,89.14,2024-08-10 15:58:22,02/30/2025,SYSTEM,   ,REV_00000403,1,Method along show wall blood build.,"Now future floor contain. Each race join Congress wish century.
Field reflect under place military after. Beat prove production heart specific once.",2024-07-25,87,False,Rosario,2025-10-17,Family,single,APIGateway,2024-08-10 15:58:22,02/30/2025
H00232,Long Inc,Croatia,Dubrovnik,Business Hotel,1,215,Restaurant,Near happy others certainly two three room.,Shopping Mall,-3.338037,-62.620544,http://martin.biz/,C0000994,Julie,Melton,Julie Melton,larajeffrey@example.com,+1-740-967-5264x33362,1949-02-19,M,Canada,Montreal,"46476 Smith Harbors Apt. 726, Montreal",UZ 81134,de,,2024-08-06,True,BKG_000000404,2024-12-10,0000-00-00,2026-05-24,4,3,0,0,single,1,Mobile App,No requests,True,2025-02-13,,774.14,967.55,16.43,53.47,697.72,Pending,PayPal,Airbnb,PROMO577,143.62,2024-05-09 15:29:39,,!!USER,Confirmed,REV_00000404,2,Century lawyer skin.,Something drug difficult poor.,2023-13-01,50,True,Hamilton,2024-11-22,Family,double,MobileApp,2024-05-09 15:29:39,
H00295,Silva-Fowler,United States,New York,???,1,359,Restaurant,Miss especially north threat nice across together.,!!Shopping Mall,-21.931852,-130.160337,http://rosario-snyder.com/,C0001345,David,Ramos,David Ramos,christine02@example.net,+1-563-641-2302x492,1959-09-27,M,Slovakia,Kosice,"37123 Fletcher Lights Suite 229, Kosice",GL 91006,fr,Bronze,2025-06-21,False,BKG_000000405,2025-02-08,2025-07-14,02/30/2025,6,2,3,1,single,1,Web,Extra bed,False,,,361.08,283.59,255.64,33.56,119.96,Paid,Cash,TravelAgency,PROMO496,190.62,2023-12-28 05:47:54,2025-05-02 20:47:29,SYSTEM,Cancelled,REV_00000405,5,Size pay make leg fast budget.,Describe kitchen head stuff. Parent myself these try purpose phone. Happy like right leg.,2024-10-13,70,True,Monterrey,2025-05-09,Family,single,MobileApp,2023-12-28 05:47:54,2025-05-02 20:47:29
H00153,Williams Group,,Lyon,Luxury Hotel,1,431,Free WiFi,Quite benefit throughout when goal sign.,"Beach,Museum,Park",51.245294,77.77299,https://norman.com/,C0000110,Harold,Vargas,Harold Vargas,iwilliams@example.org,793-608-3780,1966-12-12,M,Argentina,La Plata,"94322 Margaret Court Apt. 563, La Plata",ZP 86508, es ,Bronze,2024-02-26,False,BKG_000000406,2024-03-24,2025-03-19,2025-03-27,8,4,3,2,single,1,Agent,,--,2025-04-14,Hotel Closed,683.45,167.99,112.45,47.34,298.57,Refunded,Credit Card,TravelAgency,PROMO742,155.08,2025-10-20 04:48:08,02/30/2025,USER,Cancelled,REV_00000406,2,Spring whose to past example shoulder.,Cut my beat fight wait. Page explain fine bit skill. Military green current deal yet popular wonder drug.,2024-04-06,20,True,Burgas,2025-01-12,Family,single,MobileApp,2025-10-20 04:48:08,02/30/2025
H00356,"Montgomery, Robinson and Andrade",Poland,Wroclaw,Business Hotel,1,271,Restaurant,First election nice throw. Staff traditional here join. Daughter card late exactly new.,"!!Beach,Museum,Park",29.584159,-23.419479,https://www.smith.com/,C0004248,John,Cummings,John Cummings,ghatfield@example.org,647-319-1606,1954-03-12,F,Sweden,Linköping,"2920 Annette Fork, Linköping",DR 16998,en,Silver,2024-07-14,True,BKG_000000407,2024-04-02,2024-12-22,2024-12-26,4,4,3,2,single,2,Mobile App,No requests,False...,2025-08-19,Payment Failed,,1100.74,29.14,54.12,0,Failed,Debit Card,TravelAgency,PROMO668,0,2023-11-12 16:56:38,2025-10-15 07:45:07,API,Pending,REV_00000407,5,Free us officer open record.,Which interview home officer sign. Mrs property against provide notice discover.,2025-10-01,29,False,!!Timisoara,2025-08-01,Business,single,CloudBooking,2023-11-12 16:56:38,2025-10-15 07:45:07
H00373,"Butler, Murillo and Jones",Hungary,Pecs,Resort,3,60,Restaurant,Here ask box break. Prove Mrs himself notice war program.,Historic Site,53.036905,115.125154,http://www.thornton-harris.com/,C0000012,___,Brown,___ Brown,@gmail.com,(308)567-8107x33568,1980-08-02,M,Colombia,Bogotá,"703 Bethany Forge Suite 086, Bogotá",YB 11776,fr,Bronze,2025-01-14,True,BKG_000000408,2023-11-18,2025-01-07,2025-01-07,1,3,0,0,single,3,Web,Extra bed,True,2025-07-25,No Show,1698.54,989.1,111.09,92.48,507.37,Paid,Cash,Booking.com,NO_PROMO,55.61,2024-01-26 23:47:50,2025-01-11 02:04:42,AGENT,Cancelled,REV_00000408,4,Never reveal none return college.,"Lay able bad than sign.
Focus culture may.
Natural project day five real. Yes memory number avoid.
National view important.",2025-05-17,14,True,cluj-napoca,2025-03-14,Solo,single,LegacySystem,2024-01-26 23:47:50,2025-01-11 02:04:42
H00130,"Wood, Shah and Camacho",Argentina,Buenos Aires,City Hotel,5,159,"Pool,Gym,Spa",Week hit rest can. Natural group author. Thousand feel doctor could activity finish.,"Beach,Museum,Park",41.755446,-156.542224,https://www.jones.com/,C0000720,Troy, Ross ,Troy  Ross ,batesdanielle@example.net,911-310-1857x07761,1960-10-04,F,Japan,Tokyo,"5057 April Ports Suite 480, Tokyo",MV 92608,tr,,2024-04-23,True,BKG_000000409,2024-03-15,2025-01-27,2025-01-28,1,2,1,2,double,2,Web,Extra bed,True,2025-01-15,Hotel Closed,389.33,1270.16,106.13,85.36,291.88,Failed,Cash,Booking.com,NO_PROMO,162.41,2024-03-31 12:17:21,2025-06-01 04:28:31,SYSTEM,Confirmed,REV_00000409,4,Whom idea walk address girl live natural.,"Factor black safe deep others paper. Agency military agent enjoy single image.
Task back rule head tend.",2023-11-26,Five,True,Ibadan,2025-06-13,Business,single,APIGateway,2024-03-31 12:17:21,2025-06-01 04:28:31
H00633,"Webb, Barton and Brown",Chile,Concepción,Resort,5,112,Restaurant,Event professional bad window. Deep fall happen once.,"Beach,Museum,Park",-83.07409,-34.898005,http://reeves.com/,C0000447,Ann,RAY,Ann RAY,mhernandez@example.org,(584)667-3605x539,02/30/2025,F,Sweden,Linköping,"2905 Randall Loaf, Linköping",TB 56341,fr,Bronze,2024-06-05,False,BKG_000000410,2023-12-26,2025-11-13,2025-11-23,10,3,2,0,suite,3,Agent,Late check-in,True,2025-02-08,Hotel Closed,430.05,135.47,66.21,91.0,190.84,Paid,Credit Card,Direct,PROMO846,56.19,2025-06-30 12:08:40,2025-04-07 13:51:49,AGENT,Confirmed,REV_00000410,,Particular yard meeting keep seven.,No task policy ten. Message garden western inside ever white task relationship.,2024-12-17,77,True,Naples,2024-12-09,Solo,double,CloudBooking,2025-06-30 12:08:40,2025-04-07 13:51:49
H00563,"Blanchard, Jackson and Stevens",Bulgaria,Sofia,City Hotel,4,204,Free WiFi,Congress interview kitchen adult. Require ability arm chair. She serve although civil lot show.,Historic Site,-43.74321,-116.118318,http://www.hernandez.com/,C0000684,Daniel,Johnson,Daniel Johnson,katiehayes@example.com,001-978-782-6803x50782,1962-05-14,M,Croatia,Dubrovnik,"62130 Nguyen Haven Apt. 319, Dubrovnik",UI 65308,de,,2022-11-08,True,BKG_000000411,,2024-12-22,2024-12-26,4,2,3,0,double,3,Phone,,True,2025-08-03,Customer Request,1505.57,324.55,236.45,12.41,745.55,Paid,Cash,Expedia,NO_PROMO,8.18,2025-09-26 15:03:10,2025-02-22 08:00:10,SYSTEM,Confirmed,REV_00000411,4,Push admit politics.,Production give meet each. Lose production make.,2024-09-07,100,True,Dubai,2025-08-03,Solo,suite,CloudBooking,2025-09-26 15:03:10,2025-02-22 08:00:10
H00100,"Pena, Gonzalez and Page",Japan,Osaka,Resort,4,334,"Pool,Gym,Spa",Agree turn media evening will develop. Mission adult deep sound this.,Historic Site,5.185376,,http://www.rose.com/,C0004076,Kimberly,Watkins,Kimberly Watkins,brianschwartz@example.org,693-373-2390x7024,1997-09-22,___,Morocco,Rabat,"61956 Warner Villages, Rabat",RJ 75744,en,Gold,2025-01-29,True,BKG_000000412,2024-06-01,2024-11-21,2024-11-22,,1,0,0,suite,2,Mobile App,,False,,,396.25,1320.18,228.81,87.67,18.48,???,PayPal,Direct,PROMO440,170.93,2024-08-27 04:01:06,2025-05-07 04:58:46,,Confirmed,REV_00000412,3,Win child study forward first difference memory.,Address interview black happen president about fall behind. Traditional man black anyone.,2025-02-02,99,True,Fes,2025-10-11,Couple,single,MobileApp,2024-08-27 04:01:06,2025-05-07 04:58:46
H00571,Davis Ltd,Bulgaria,Varna,Business Hotel,4,57,"Pool,Gym,Spa",From begin say lot. Life ahead forward. Space wish beautiful personal involve position.,Historic Site,-41.85759,-44.881821,http://www.flores-humphrey.com/,C0002643,Larry,Casey,Larry Casey,,700-981-8487x27204,1953-10-25,F,Sweden,Linköping,"5422 Michael Forges, Linköping",RF 99587,de,Bronze,2025-06-30,False,BKG_000000413,2025-03-01,2026-04-28,2026-04-30,2,4,0,2,single,Five,Web,,True,2025-02-13,No Show,228.76,1415.88,291.89,54.82,158.94,Pending,Credit Card,TravelAgency,,127.91,2024-06-11 17:27:51,2025-06-01 02:52:24,SYSTEM,Confirmed,REV_00000413,2,Reason participant number trip window.,Group occur buy relate yard.,2024-09-06,67,False,Arequipa,2024-12-05,Solo,single,MobileApp,2024-06-11 17:27:51,2025-06-01 02:52:24
H00544,"Acosta, Pace and Goodwin",Mexico,Cancún,,1,164,Free WiFi,Hospital red bar. Three answer to both chair under. Necessary boy lay behavior worker late.,Historic Site,-23.806759,93.643717,https://howell-taylor.com/,C0002502,Nathan,Costa,Nathan Costa,nbyrd@example.net,(495)668-3946x3433,1956-07-02,Other,United Arab Emirates,Sharjah,"04893 Joel Lock, Sharjah",BU 30405,es,,2024-08-23,True,BKG_000000414,2023-11-01,2025-05-09,2025-05-20,0,4,2,1,single,3,   ,Extra bed,True,!!2024-12-09,Customer Request,1813.39,1288.56,100.96,39.49,493.96,Failed...,Debit Card,TravelAgency,,34.84,2024-12-16 15:29:43,2025-05-30 00:32:18,API,Cancelled,REV_00000414,2,Alone finish anyone economy both less different.,"Color different level situation long gun player. Stop less help fly bring.
Third may power. Imagine agreement sort almost long simply.",2025-01-29,34,True,Jakarta,2025-07-16,Leisure,single,LegacySystem,2024-12-16 15:29:43,2025-05-30 00:32:18
H00595,"Walter, Rogers and Andrews",Chile,Concepción,Boutique,3,46,Free WiFi,Draw whole face small east. Magazine both half movie question society factor.,"Beach,Museum,Park",-72.271288,140.797196,https://wright.info/,C0004223,Angelica,Salinas,Angelica Salinas,wpeterson@example.org,642-493-3428x988,1947-03-22,F,South Korea,Daegu,"2655 Caitlin Crossroad, Daegu",FV 49440,es,Gold,2024-12-15,False,BKG_000000415,2024-07-16,2025-11-27,2025-12-04,0,4,2,1,suite,2,Mobile App,,True,2024-12-17,No Show,1469.93,131.45,193.81,,500.81,Pending,Debit Card,Direct,NO_PROMO,130.22,2023-12-02 05:12:36  ,2025-07-07 01:35:17,API,Pending,REV_00000415,3,Meet raise debate able official whether.,Red town issue skin six impact expect. However sit born apply ever. Across interest red assume soon simple couple.,2024-08-18,81,False,Riyadh,2024-11-19,Business,suite,CloudBooking,2023-12-02 05:12:36  ,2025-07-07 01:35:17
H00371,Dixon Group,Switzerland,Basel,Luxury Hotel,2,445,"Pool,Gym,Spa",Main modern imagine certainly affect test. On century entire safe put.,"Beach,Museum,Park",2.04586,-143.60184,http://cherry.com/,C0001235,John...,Patterson,John... Patterson,chelseagonzalez@example.org,+1-925-298-3702x045,1985-10-28,M,Denmark,Aarhus,"767 Mcneil Divide, Aarhus",IE 39764,es,Gold,2024-08-29,False,BKG_000000416,2024-08-31,0000-00-00,2025-01-16,5,3,1,1,single,1,Mobile App,No requests,False,,,937.67,1285.64,155.95,72.38,853.09,Pending,Debit Card,Airbnb,,0.68,2024-11-17 21:13:25,2025-02-13 15:59:42,API,Confirmed,REV_00000416,5,Might people close research single appear help.,Week environment ahead fish whom weight. Guess nor energy. Thus bit government common company.,2025-04-25,37,True,Cali,2024-12-20,Family,suite,LegacySystem,2024-11-17 21:13:25,2025-02-13 15:59:42
H00813,Baker and Sons,___,Hamburg,Resort,2,457,"Pool,Gym,Spa","Month may lot task.
Watch deal visit into baby truth.",Shopping Mall,22.352815,71.14458,http://www.fletcher.info/,C0002049,Susan,Morton,Susan Morton,gabrielle31@example.com,+1-600-386-1535x752,1947-03-29,Other,Netherlands,Rotterdam,"8447 Smith Corners, Rotterdam",LJ 72121,es,Gold,2024-04-30,False,BKG_000000417,2024-10-26,2025-07-07,2025-07-08,1,1,1,2,suite,1,Phone,No requests,True,2024-12-11,,1862.27,1174.92,242.04,6.25,1797.69,Paid,Credit Card,Expedia,NO_PROMO,175.97,2025-09-14 18:01:05,2025-01-12 06:39:26,USER,Cancelled,REV_00000417,2,Health wall parent election foreign wish.,Least myself music realize nice medical space simply. Their child cup.,2025-04-22,41,False,Bordeaux,2025-10-18,Family,double,LegacySystem,2025-09-14 18:01:05,2025-01-12 06:39:26
H00249,???,Egypt,--,Business Hotel,4,272,Free WiFi,Message main customer part beyond mention. Develop and space. Professional where answer since.,"Beach,Museum,Park",19.045036,33.461692,https://waters-williams.com/,C0003203,Ryan,Hernandez,!!Ryan Hernandez,davidwise@example.org, (752)647-6453x84707 ,1952-12-09,F,Chile,Santiago,"5390 Melendez Manor, Santiago",DZ 98723,fr,Silver,2025-05-18,False,BKG_000000418,2024-11-20,,2024-11-15,7,4,3,2,single,2,Phone,Late check-in,False,,,1095.26,141.81,289.19,30.16,64.67,Refunded,PayPal,Booking.com,PROMO802,93.83,2025-10-31 09:47:40,2025-04-26 10:46:45,API,Confirmed,REV_00000418,2,Others wear vote staff against baby body.,Sister any week effort training. physical majority however allow allow campaign. ago direction father rise matter. nation account share near.,2025-03-27,49,True,Rio de Janeiro,2025-09-05,Leisure,double,LegacySystem,2025-10-31 09:47:40,2025-04-26 10:46:45
H00660,Clark-Richards,Slovakia,Bratislava,Luxury Hotel,2,81,"Pool,Gym,Spa",Real already skin fine book collection. Medical do capital only.,Shopping Mall,10.850822,-83.022334,https://www.velez.com/,C0001570,Jennifer,Clements,Jennifer Clements,william24@example.org,+1-495-718-6095x49729,1977-06-26,M,Sweden,Uppsala,"50614 Jeremy Drives, Uppsala",ZE 85623,en,,2025-02-28,False,BKG_000000419,2025-02-03,2025-03-30,2025-04-11,12,4,2,2,double,3,Mobile App,,False,,,,1356.32,295.5,-1,0,Pending,Cash,Expedia,PROMO766,0,2023-12-09 14:06:48,2024-11-16 18:48:42,AGENT,Cancelled,REV_00000419,5,Late them reflect nearly fish.,Population list one but both to hundred.,2024-10-29,59,False,--,2025-09-23,Couple,double,MobileApp,2023-12-09 14:06:48,2024-11-16 18:48:42
H00806,"Silva, Garcia and Hall",Belgium,Bruges,City Hotel,1,172,"Pool,Gym,Spa",Long wonder court attention. Movement arm modern carry grow finish wish.,Historic Site,-43.730127,5.591022,http://www.hull.com/,C0003226...,Mary,!!Patton,Mary !!Patton,griffinmadison@example.org,001-748-725-1068,1988-11-06,F,Malaysia,___,"2215 Gregory Curve Apt. 109, George Town",RD 93186,en,Platinum,2023-11-28,True,BKG_000000420,2024-09-15,2026-09-29,2026-10-10,11,3,1,2,single,2,Mobile App,No requests,False,,,548.05,1438.61,286.36,9.82,184.0,Paid,Debit Card,TravelAgency,PROMO109,9999,2025-06-11 17:33:33,2025-04-01 14:40:41,API,Confirmed,REV_00000420,5,You lot seven.,"Act system loss term work natural.
Best as bed. Industry international right nearly small food.",2025-04-17,84,True,Chicago,2025-05-06,Solo,suite,CloudBooking,2025-06-11 17:33:33,2025-04-01 14:40:41
H00376,Smith LLC,Kenya,Kisumu,Business Hotel,3,432,Restaurant,"Indeed break cost send school with. Student statement industry.
May sport mean enter window.",Shopping Mall,-36.508889,129.780468,https://www.turner-gray.net/,C0002645,Stephanie,Rivera,Stephanie Rivera,kimberly56@example.net,(551)675-1958x595,1966-02-18,M,Colombia,Barranquilla,"45851 Mark Run Apt. 295, Barranquilla",KD 26510,fr,Gold,2022-11-08,True,BKG_000000421,2025-06-21,2025-07-20,2025-07-27,7,3,2,1,single,1,Web,,True,2025-10-22,Payment Failed,1196.86,1417.28,69.33,37.17,90.21,Pending,Cash,TravelAgency,PROMO813,185.07,2024-12-31 03:09:58,,AGENT,Cancelled,REV_00000421,2,Office far member here contain.,Else might mission word own. Environment behind chance. College point prove.,2025-05-18,77,False,Barcelona,2025-10-01,Couple,double,CloudBooking,2024-12-31 03:09:58,
H00176,Montgomery LLC,Netherlands,Amsterdam,Budget Hotel,5,351,Free WiFi,Similar room build do condition firm great. Loss spring actually price.,Shopping Mall,74.548694,131.597225,https://allen-reilly.org/,C0003523,Michael,Wilson,Michael Wilson,youngkathryn@example.com,+1-497-422-0349x9234,1988-11-06,F, Finland ,Tampere,"2286 Deleon Parkways Apt. 452, Tampere",AE 70728,de,Gold,2024-04-22,True,BKG_000000422,2024-06-06,2025-01-19,2025-01-25,6,2,2,0,single,2,Web,Extra bed,True,,Customer Request,1214.52,67.92,275.99,82.55,626.78,Refunded,PayPal,Expedia,NO_PROMO,82.6,2023-11-30 16:01:44,2025-02-02 05:29:28,USER,Pending,REV_00000422,3,About impact whether.,"Others early billion capital worker especially song.
Company probably after project church. Price thing item.",2024-05-15,18,True,Dublin,2025-01-10,Solo,___,APIGateway,2023-11-30 16:01:44,2025-02-02 05:29:28
H00459,Haley-Perry,Argentina,La Plata,Business Hotel,4,157,Free WiFi,Whole theory name reason.,Historic Site,-0.537047,56.139263,http://www.contreras-jones.com/,C0001418,Angela,Jones,Angela Jones,aclark@example.net,+1-919-257-6955x917,2004-10-24,M,Turkey,Bursa,"25852 Flores Expressway Suite 590, Bursa",FC 78081,fr,Bronze,2024-05-17,True,BKG_000000423,2025-01-01,2025-07-18,2025-07-20,2,4,0,2,suite,3,Mobile App,,False,,,938.65,114.7,Five,83.78,582.28,Refunded,Cash,Airbnb,,123.06,2023-12-25 12:50:44,2025-09-03 22:16:14,SYSTEM,Cancelled,REV_00000423,2,Those through apply mind.,Draw happy continue range same into film. Car eight statement however black marriage. Walk growth brother beyond plan.,2025-07-21,86,False,Porto,2025-09-20,Couple,single,APIGateway,2023-12-25 12:50:44,2025-09-03 22:16:14
H00371,Brady-Rodriguez,Nigeria,Abuja,Business Hotel,5,274,Restaurant,Spend standard tax past five across society. Cut know beautiful leave entire close.,Historic Site,13.980581,64.925775,https://simpson.net/,C0001332,Kiara,Roberts,Kiara Roberts...,adambuck@example.com,715.706.8833,1989-04-18,Other,Brazil,São Paulo,"403 Desiree Summit Apt. 714, São Paulo",,tr,Bronze,2024-06-25,True,BKG_000000424,2025-01-13,2025-02-15,2025-02-23,8,4,3,0,Single,2,Phone,   ,True,2025-10-02,Customer Request,305.68,1185.79,47.3,40.11,0.46,Paid,PayPal,Direct,,81.07,2024-10-29 14:25:39,2025-10-09 11:14:34,AGENT,Cancelled,REV_00000424,5,Minute break item especially already painting direction.,"Former quality myself. Difference international might let.
Range ready ability.
Ask market step should reach.",2024-06-14,82,False,Chicago,2024-12-18,Solo,single,APIGateway,2024-10-29 14:25:39,2025-10-09 11:14:34
H00343,Ramirez Ltd,,cusco,Resort,3,391,,"Language strong build without. Week something face car source western.
Social raise tough.",Historic Site,28.581135,-121.267816,https://moreno.com/,C0001061,Ashley,Rodriguez,Ashley Rodriguez,kristinefowler@example.org,(299)964-8208x009,1983-09-26,M,Chile,Valparaíso,,,en,,2023-07-28,False,BKG_000000425,2025-03-31,0000-00-00,2026-08-31,2,3,2,2,???,3,Mobile App,No requests,False,,,184.08,452.99,12.32,87.59,166.97,Pending,PayPal,Airbnb,NO_PROMO,68.31,2024-11-19 09:37:24,2025-07-05 11:56:27,USER,Pending,REV_00000425,4,Someone street over sport bar page woman.,Magazine value night area. Someone truth good himself necessary.,,50,True,Lagos,2025-02-01,Couple,single,CloudBooking,2024-11-19 09:37:24,2025-07-05 11:56:27
H00468,"Charles, Davis and Bentley",Philippines,Makati,Boutique,2,48,Restaurant,Account data idea player form. Film far international happy matter. To data half machine.,Historic Site,2.74947,-161.52076,,C0002479,Vernon,Morgan,Vernon Morgan,nancyhernandez@example.com,282.247.9100x465,1956-07-29,Other,Austria,Graz,"46641 Cynthia Ridges Suite 994, Graz",WU 64243,tr,Silver,2024-12-14,True,BKG_000000426,2025-09-21,2026-10-08,2026-10-10,2,3,1,2,suite,1,Phone,Extra bed,True,2025-03-28,Hotel Closed,1486.13,112.41,215.49,51.19,915.42,Refunded,Credit Card,Direct,,43.85,2024-06-29 18:11:11,2025-03-17 01:34:23,SYSTEM,Pending,REV_00000426,5,Trouble design government partner.,Follow speak data those risk try. Former particular very group run station.,2023-11-24,91,   ,Viña del Mar,2025-10-10,Solo,double,CloudBooking,2024-06-29 18:11:11,2025-03-17 01:34:23
H00543,"Edwards, Thompson and Lopez",Slovakia,Bratislava,___,2,319,Restaurant,Skin stuff budget however. Show adult million bring during whole among defense.,Shopping Mall,81.88923,84.422916,http://www.martinez.com/,C0003121,Sarah,,Sarah None,ujones@example.com,452.583.4560x53619,1998-02-25,M,Norway,Stavanger,"0495 Jones Cove, Stavanger",OT 17460,de,Gold,2025-07-29,True,BKG_000000427,2025-04-22,2026-04-23,2026-04-27,4,3,2,2,suite,3,Phone,Late check-in,False,,,235.15,1210.04,31.14,34.24,82.99,Pending,Cash,Direct,PROMO553,28.37,2024-11-10 18:38:16,2025-04-14 01:10:48,SYSTEM,Cancelled,REV_00000427,2,Reflect others look mouth do.,Look none reduce everybody. Assume than increase light yes fire fill.,2024-02-26,33,True,???,2025-04-05,Family,double,MobileApp,2024-11-10 18:38:16,2025-04-14 01:10:48
H00374,"Tyler, Johnson and Guzman",Peru,Trujillo,Resort,4,46,Restaurant,Hear thousand power plan. Require daughter check traditional. Majority painting total.,Historic Site,-44.746692,49.292378,http://www.gonzales-morgan.com/,C0003479,Madison,George,Madison George,gibsonmelissa@example.com,255-674-3572x526,2004-09-17,Other,Greece,Heraklion,"604 Johnson Run, Heraklion",BQ 92915,tr,Bronze,2022-12-14,False,BKG_000000428,2025-07-27,2025-02-17,2025-02-22,5,4,3,0,single,1,Phone,Late check-in,False,,,992.59,253.98,173.06,35.26,568.05,Pending,Cash,Airbnb,,37.89,2025-01-22 05:57:31,2025-02-18 17:51:02,SYSTEM,Confirmed,REV_00000428,1,Daughter act increase.,Important dream if late forward. Gun bank operation enough run set now. Design mention international office method blood.,2024-10-16,49,True,Linz,2025-08-18,Family,double,MobileApp,2025-01-22 05:57:31,2025-02-18 17:51:02
H00760,"Johnson, Watkins and Molina",Chile,Santiago,Business Hotel,4,384,Free WiFi,Consumer national wish keep cup success. Customer movie support share challenge across.,"Beach,Museum,Park",-34.582439,-123.91484,http://www.hart.com/,C0001704,John,Johnson,John Johnson,tiffany96@example.com,001-391-447-3313,1956-11-19,F,Kenya,Nakuru,"125 Martin Ports Apt. 887, Nakuru",EI 36644,en,Gold,2025-01-07,True,BKG_000000429,,,2026-04-07,10,2,0,1,double,3,Phone,...,False,,,886.07,163.91,268.62,74.01,584.63,Failed,Debit Card,Booking.com,NO_PROMO,46.8,2024-11-16 04:16:38,2025-04-02 11:00:40,SYSTEM,Pending,REV_00000429,2,Difference three whose kind activity.,Federal professor matter age son carry. Help factor who room exactly character according.,2025-06-17,55,False,Cancún,2025-08-12,Leisure,single,APIGateway,2024-11-16 04:16:38,2025-04-02 11:00:40
H00717,Martinez-rose,Denmark,Aarhus,Business Hotel,3,420,Restaurant,"Wait cell one whom strong five music.
Simple particular create. Drive buy quality new anything.","Beach,Museum,Park",84.839063,70.502687,http://aguirre.info/,C0002816,Christopher,Copeland,Christopher Copeland,dcook@example.net,451.956.1474x34597,2000-01-17,M,Morocco,Fes,"89852 Graham Wall, Fes",TF 64861,en,,2025-04-13,False,BKG_000000430,2024-05-28,2025-05-28,2025-06-04,7,3,1,0,double,3,Agent,,False,,,828.09,908.18,266.74,13.25,53.04,Pending,Credit Card,Direct,,109.16,2025-03-16 07:39:41,2025-02-07 08:25:08,SYSTEM,Confirmed,REV_00000430,1,Available even before drive each form.,Raise decade of already certain. Crime check huge instead knowledge.,2024-03-28,2,False,London,2025-10-24,Solo,double,CloudBooking,2025-03-16 07:39:41,2025-02-07 08:25:08
H00727,"Cole, Robinson and Webster",Austria,Salzburg,Boutique,5,85,Restaurant,Way always start store pass old. Situation industry everybody. Keep through these grow focus.,"Beach,Museum,Park",,77.27389,https://www.huff.com/,,Susan,Avila,Susan Avila,hodgeselizabeth@example.org,992.406.3197,1972-11-13,F,Singapore,Singapore,"1430 Bass Lakes Suite 549, Singapore",MK 96658,es,Bronze,,True,BKG_000000431,2023-11-01,2025-07-17,2025-07-27,10,1,0,0,double,3,Mobile App,Late check-in,False,,,380.14,991.58,34.59,83.27,209.22,Pending,PayPal,Airbnb,NO_PROMO,82.72,2025-01-14 22:50:46,2023-13-01,USER,Confirmed,REV_00000431,2,Pull Republican soon PM your officer carry threat.,Perhaps involve three heart. Own reduce technology benefit general note. Weight girl consider exactly sure.,2025-01-06,82,False,Eilat,2024-11-30,Solo,single,LegacySystem,2025-01-14 22:50:46,2023-13-01
H00011,Lawrence-Davidson,India,Bangalore,Budget Hotel,1,325,Restaurant,Way box follow moment room continue. Use charge when sense successful pressure. Box financial play.,Historic Site,-59.929449,-139.890195,https://www.molina-butler.com/,C0001965,Lindsay,Rocha,Lindsay Rocha,sarafowler@example.com,745.391.6291,1951-05-04,m,Japan,Tokyo,"609 Ashley Valleys Apt. 636, Tokyo",KN 41857,de,Bronze,2023-01-12,False,BKG_000000432,2024-05-28,2025-06-04,2025-06-17,13,2,,0,suite,1,Agent,Extra bed,False,,,1855.46,833.81,41.85,9.32,1417.7,Pending,Credit Card,Expedia,NO_PROMO,187.38,2024-05-07 16:24:12,2025-02-06 00:13:09,SYSTEM,Pending,REV_00000432,1,Media time born ability right.,Decision decision training bag develop. Policy hand financial anyone. Mention under after.,2024-06-13,30, False ,Bangkok,2025-10-15,Leisure,single,MobileApp,2024-05-07 16:24:12,2025-02-06 00:13:09
H00867,"Anderson, Lowe and Wise",Thailand,Bangkok,Luxury Hotel,5,97,"Pool,Gym,Spa",poor learn board organization.,"Beach,Museum,Park",-29.492793,148.006215,http://daniels-wheeler.com/,C0002530,Lauren,___,Lauren ___,mwillis@example.com,+1-361-268-0444x76933,1973-09-19,Other, Vietnam ,Hue,"2167 Miller Trace, Hue",BV 25129,en,Platinum,2023-05-24  ,False,BKG_000000433,2025-05-03,2026-03-16,2026-03-26,10,3,1,1,single,Five,Mobile App,No requests,True,2025-05-23,Hotel Closed,1178.44,623.46,Five,68.17,426.78,Paid,PayPal,Booking.com,,64.79,"Jan 32, 2025",2025-04-07 15:56:16,AGENT,Cancelled,REV_00000433,1,Find south soldier bed....,"Not partner report I include. Call whom or bar arrive brother. Sport determine and put.
Most attorney third carry. Main bag six term.",2023-11-05,80,False,Cluj-Napoca,2025-05-07,Couple,suite,MobileApp,"Jan 32, 2025",2025-04-07 15:56:16
H00667,Robbins-Acosta,Switzerland,,City Hotel,4,126,Free WiFi,"Early life food learn. Although later cause.
History can trouble exist page attention pay.",Historic Site,81.177667,-28.244112,http://kramer.com/,C0000037,Amanda,Solis,Amanda Solis,ublack@example.net,001-428-322-5907x98877,1947-07-13,Other,PERU,--,"86163 Anthony Square Apt. 791, Cusco",LL 14492,en,Silver,2025-05-06,False,BKG_000000434,2025-09-26,2026-05-06,2026-05-11,5,1,2,1,suite,3,Phone,Extra bed,True,2025-06-28,Payment Failed,855.8,356.95,57.02,99.98,458.62,Paid,Cash,Expedia,PROMO163,191.31,2025-09-20 03:29:05,2025-01-18 12:44:46,AGENT,--,REV_00000434,3,Under watch create collection end yourself traditional.,Fall manage very including.,2024-07-01,38,False,Marrakesh,2025-08-21,Family,suite,LegacySystem,2025-09-20 03:29:05,2025-01-18 12:44:46
H00626,Flores-Mcknight,Netherlands,The Hague,Business Hotel,1,430,Restaurant,Sea close mean operation care success human Mr. Social tend perform.,Historic Site,3.450205,174.80451,http://www.dixon.net/,c0001404,Beth,Wright,Beth Wright,ebrown@example.org,000-000-0000,1950-05-04,F,___,Debrecen,"2586 Michael Turnpike, Debrecen",HS 86533,de,,2024-07-14,True,BKG_000000435,2024-08-01,2026-06-19,2026-06-23,4,4,0,2,double,2,Phone,,True,2025-10-20,Payment Failed,546.77,655.62,275.58,60.81,156.99,Pending,--,Airbnb,PROMO430,180.17,2025-10-01 09:01:18,2025-09-13 22:41:33,USER...,Cancelled,REV_00000435,5,Exist push reality oil effort.,Arrive character wear draw. Very cut possible president section research. There five minute prove not thing opportunity.,!!2024-03-16,49,False,Sydney,2025-04-03,Family,,CloudBooking,2025-10-01 09:01:18,2025-09-13 22:41:33
H00703,Cannon and Sons,Indonesia,Surabaya,Budget Hotel,3,277,Free WiFi,Should way director account. Involve research number view past professional.,Shopping Mall,64.393542,127.186972,https://mitchell.org/,C0001798,Daniel,Cooke,Daniel Cooke,josephkeller@example.org,001-671-388-6814x9418,1988-01-29,M,Netherlands,The Hague,"00233 Cynthia Meadow Apt. 169, The Hague",OP 29445,en,Bronze,2023-07-12,False,BKG_000000436,2025-02-22,2025-02-14,2025-02-27,13,2,3,2,single,2,Web,,False,,,66.19,390.26,295.41,94.39,57.09,Paid,Credit Card,Direct,NO_PROMO,49.06,2024-03-24 05:20:02,2025-02-08 16:46:34,SYSTEM,Pending,REV_00000436,4,Far act forward catch.,Responsibility song beat mouth. Together imagine effort it American. Same performance assume knowledge economic.,2023-12-22,51,False,Tampere,2025-08-14,Couple,single,LegacySystem,2024-03-24 05:20:02,2025-02-08 16:46:34
H00329,"Webb, Bell and Rodriguez",Kenya,Kisumu,Luxury Hotel,1,0,"Pool,Gym,Spa",Million clearly get. They herself watch education may word main. Allow management however theory.,Shopping Mall,-89.682933,-106.809586,http://www.miller.com/,C0001693,Dean, Gill ,Dean  Gill ,kguzman@example.org,+1-518-949-1178x7502,1990-11-26,M,Sweden,Linköping,"38410 David Street, Linköping",AJ 67708,de,,2023-01-23,False,BKG_000000437,"Jan 32, 2025",2024-12-29,2024-12-31,2,2,3,0,single,3,Phone,Extra bed,True,2025-05-13,Payment Failed,492.03,1085.36,137.49,40.1,359.92,Pending,Debit Card,Expedia,NO_PROMO,,2025-04-01 16:36:09,,AGENT,Confirmed,REV_00000437,1,Attack blood apply lose big.,,2025-01-02,62,True,Phuket,2025-10-20,SOLO,single,CloudBooking,2025-04-01 16:36:09,
H00466,Simpson-Mills,Netherlands,The Hague,Resort,4,44,"Pool,Gym,Spa",Fall lot rich word project either. Else TV prove doctor ball once.,Historic Site,16.851786,-74.783114,https://www.salazar.org/,C0001336,Mark,Osborne,Mark Osborne,crossjames@example.net,3254263222,1956-03-23,F,Finland,Tampere,"0997 Michael Pike, Tampere",UZ 70428,es,Gold,2024-12-04,False,BKG_000000438,2024-02-20,2025-06-30,2025-07-01,1,4,1,2,double,1,Agent,,True,2025-01-15,No Show,945.41,96.04,76.08,0.25,305.76,Paid,Cash,Booking.com,PROMO886,135.86,2024-03-26 02:36:42,2025-09-10 15:01:28,SYSTEM,Confirmed,REV_00000438,2,Particular road no raise.,Shoulder type win political finish class difference race. Clear discover right weight father dog. Heavy return allow other.,2024-01-27,92,True,Makati,2025-06-29,Couple,single,APIGateway,2024-03-26 02:36:42,2025-09-10 15:01:28
H00496,Anderson and Sons,Spain,Barcelona,Luxury Hotel,2,216,"Pool,Gym,Spa",Movie time wait likely again alone contain sit. Father gas these still collection big.,Shopping Mall,63.583915,-56.861518,https://curtis.com/...,C0002284,Mark,Anderson,Mark Anderson,jonathonsandoval@example.org,+1-281-695-2463x953,2023-13-01,M,Indonesia,Jakarta,"51718 Matthew Pine Apt. 459, Jakarta",RN 59913,tr,Bronze,2023-11-05,False,BKG_000000439,2025-09-25,2026-05-17,2026-05-25,8,1,3,0,single,1,Phone,Late check-in,False,,,535.23,1456.29,277.93,31.07,253.96,Failed, Debit Card ,Booking.com,PROMO237,59.9,2025-08-28 00:50:41,2025-08-21 23:37:51,USER,Pending,REV_00000439,2,Able seven expert result.,Pm themselves pattern today could. Try focus nothing forget discussion magazine which. East draw theory treat officer spring message.,2024-02-11,48,False,Kosice,2025-07-28,Solo,suite,CloudBooking,2025-08-28 00:50:41,2025-08-21 23:37:51
H00374,"Rosario, Jones and Taylor",Turkey,Ankara,Budget Hotel,1,378,Restaurant...,Politics realize tell. Great arrive year more consumer reality last central.,"Beach,Museum,Park",-21.813801,106.240073,http://www.daugherty-mendez.com/,C0003897,Lauren,Jones,Lauren Jones,rodgersjeffrey@example.net,871.593.2175x0506,1995-01-08,F,United Kingdom,Liverpool,"044 Karen Glens Apt. 588, Liverpool",TA 93527,en,???,2024-09-30,False,BKG_000000440,2024-03-02,2025-05-07,2025-05-16,9,2,2,0,!!suite,1,Phone,Extra bed,False,,,760.33,183.92,234.65,77.6,502.96,Failed,Debit Card,Airbnb,PROMO459,13.62,2024-03-25 12:14:40,2025-06-09 07:06:14,USER,Pending,REV_00000440,1,Anything against let dog.,Couple because very kitchen if such. Ok purpose hard protect team left.,2024-06-30,0,False,Naples,2025-04-01,Couple,double,LegacySystem,2024-03-25 12:14:40,2025-06-09 07:06:14
H00501,"Thompson, Rodriguez and Jackson",France,Nice,Business Hotel,1,389,Free WiFi,Tv I western. Same this soldier three skin.,"Beach,Museum,Park",-2.013402,-62.584207,https://reeves-lee.org/,C0004096,Dana,Walls,Dana Walls,krivera@example.com,2792184510,1954-06-18,M,New Zealand,Wellington,"919 Hector Junction, Wellington",RC 33344,en,Gold,2024-05-07,True,BKG_000000441,2025-10-22,2025-08-04,2025-08-11,7,2,1,2,single,2,Mobile App,Extra bed,True,2025-05-18,Payment Failed,1463.49,880.28,43.26,3.01,65.5,Paid,Credit Card,   ,,121.39,2024-02-07 20:26:14,2025-03-09 11:12:19,API,Pending,REV_00000441,3,Continue buy direction movement nice key south size.,"Mean space site account kind job before today. Nearly loss fall exist.
Item size meet box other president. They production trip site power.",2024-08-20,40,False,Bogotá,2025-10-07,Leisure,single,CloudBooking,2024-02-07 20:26:14,2025-03-09 11:12:19
H00443,"Lambert, Brown and Huff",Turkey,Ankara,Budget Hotel,2,500,Restaurant,President reflect start mention son. Hit another everyone end police across.,"Beach,Museum,Park",45.968236,157.684048,!!http://www.castaneda-mccann.com/,C0000601,Ernest,Price,Ernest Price,zvilla@example.com,001-755-362-8887,1980-04-30,M,PORTUGAL,Funchal,"8695 Jordan Avenue Apt. 735, Funchal",GU 19462,tr,,2024-09-28,True,BKG_000000442,2023-11-14,2026-08-16,2026-08-24,8,2,1,1,single,1,Web,Extra bed,True,2024-12-09,Hotel Closed,96.25,620.75,144.24,23.64,47.07,Refunded,Cash,Booking.com,PROMO431,53.02,2023-12-29 22:32:50,2025-10-16 18:45:28,SYSTEM,Pending,REV_00000442,2,Quite dream not protect say.,Strategy them around. Whose attorney interesting law debate push table.,"Jan 32, 2025",3,False,Nakuru,2025-08-10,Leisure,suite,MobileApp,2023-12-29 22:32:50,2025-10-16 18:45:28
H00658,Morris-Navarro,Argentina,Buenos Aires,budget hotel,1,410,"Pool,Gym,Spa",Nation base cut toward within page role. Black policy picture win perform.,Historic Site,-67.514628,70.639123,http://www.abbott.com/,C0003569,Audrey,Castillo,Audrey Castillo,smithwilliam@example.net,001-511-251-8453x264,1974-03-04,Other,South Africa,Pretoria,"27660 Silva Circle, Pretoria",XH 92192,es,Platinum,2023-06-02,True,BKG_000000443,2024-09-11,2025-04-21,2025-04-27,6,1,3,0,double,3,Phone,Late check-in,True,2025-05-23,Hotel Closed,988.82,479.19,44.42,77.83,818.55,Failed,Credit Card,Direct,PROMO529,190.26,0000-00-00,2025-06-03 07:33:31,AGENT,Cancelled,REV_00000443,1,Southern product their term to try design.,"Recently campaign draw fight. Produce wish light.
Weight current possible remain soldier again. Spend pay instead think all able.",2025-08-15,8,False,Bratislava,2025-01-16,Solo,single,APIGateway,0000-00-00,2025-06-03 07:33:31
H00344,"Shepard, Cabrera and Hardy",United Kingdom,Birmingham,Budget Hotel,4,338,"Pool,Gym,Spa",He seem player serve can some. Administration science property color.,Shopping Mall,-61.517504,-48.628343,http://www.fox.com/,C0002258,Mark,Carr,Mark Carr, rrowe@example.com ,000-000-0000,2004-07-07,F,Canada,Calgary,"423 Russell Skyway, Calgary",!!CX 27320,de,Platinum,2022-11-11,True,BKG_000000444,2024-07-25,2026-03-31,2026-04-12,12,3,0,0,single,1,Web,,False,,,1708.39,175.29,212.81,49.73,1415.03,Paid,Credit Card,Expedia,PROMO193,80.49,2024-06-26 11:04:49,2025-03-22 08:19:58,API,PENDING,REV_00000444,5,Question cold resource for buy cause.,Every movie vote key focus citizen community just. Perform stand short far true.,2025-02-13,40,True,Medellín,2025-10-02,Couple,suite,APIGateway,2024-06-26 11:04:49,2025-03-22 08:19:58
H00395,"Elliott, Compton and Green",Saudi Arabia,Riyadh,Resort,2,412,Free WiFi,Method speak test need I soon amount. Store who clear important end trouble say.,Shopping Mall,-26.50752,142.276772,http://www.glover.org/,C0003737,Wayne,White,Wayne White,coopereric@example.net,459.646.7033,1992-09-22,Other,South Africa,Pretoria,"78811 Schmitt Meadows Suite 040, Pretoria",KH 20789,es,Platinum,2025-09-29,True,BKG_000000445,2024-04-10,2026-05-07,2026-05-14,7,2,2,2,single,1,Web,No requests,False,,,1114.04,437.19,148.97,78.65,723.1,Refunded,paypal,Direct,,34.07,2025-08-19 03:55:28,2025-01-17 12:58:28,API,Cancelled,REV_00000445,5,Human occur forget push.,Low option now alone sign. High hot official else suggest owner rule.,2025-02-19,96,True,Stavanger,2025-04-10,Business,single,MobileApp,2025-08-19 03:55:28,2025-01-17 12:58:28
H00371,Luna Ltd,Bulgaria,Plovdiv,Boutique,9999,64,"Pool,Gym,Spa",Learn thousand get ever often future throughout. City great create performance.,"Beach,Museum,Park",54.100391,-82.678859,http://www.harrison.com/,C0000173,Ebony,Peterson,Ebony Peterson,sthompson@example.org,7236989562,1970-01-27,M,United Arab Emirates,Ajman,"68483 Henderson Underpass Apt. 641, Ajman",JC 67915,en,Bronze,2025-05-31,False,BKG_000000446,2024-10-21,2025-04-02,2025-04-12,10,4,0,0,single,3,Web,Extra bed,True,2025-05-16,,1275.24,1460.98,156.91,32.6,92.9,Paid,Credit Card,Direct,NO_PROMO,114.01,2025-09-09 08:13:32,2025-10-06 06:39:57,API,Confirmed,REV_00000446,4,,Go western radio maybe be quickly. Affect opportunity half finish see. Agent interesting either charge attention population whom.,2024-03-07,0,True,Ibadan,2025-08-11,Couple,single,LegacySystem,2025-09-09 08:13:32,2025-10-06 06:39:57
H00497,"Padilla, Baker and Palmer",Italy,Venice,City Hotel,1,140,Free WiFi,Ever family should expert training throw.,Shopping Mall,-75.842158,5.180004,https://hansen-dixon.com/,C0000594,Amy,Mendez,Amy Mendez,aroberson@example.com,001-854-326-4804x55882,1959-01-19,M,Finland,Tampere,"197 Zuniga Cliffs Apt. 418, Tampere",JM 30255,fr,Gold,2023-05-05,False,BKG_000000447,2025-07-31,2024-11-20,2024-12-03,13,1,3,0,suite,2,Web,No requests,True,2025-10-08, No Show ,1175.93,537.73,251.97,32.46,212.13,Refunded,Credit Card,TravelAgency,NO_PROMO,135.77,2024-06-25 21:27:52,2025-01-21 10:51:36,AGENT,Confirmed,REV_00000447,1,Exactly current until north student want whose.,Play protect upon both eight someone remain sea. Type style how sit scientist. During choose effort evening page something effect.,2024-04-07,23,True,Johor Bahru,2025-09-24,Solo,suite,MobileApp,2024-06-25 21:27:52,2025-01-21 10:51:36
H00506,"Leach, Morgan and Fields",Netherlands,Eindhoven,Budget Hotel,5,51,Restaurant,Travel stage program option board protect.,"Beach,Museum,Park",-37.786878,-179.861587,http://butler-martinez.biz/,C0003757,Amy,Soto,Amy Soto,carl62@example.com,(359)696-8587,,F,Indonesia,Bali,"8632 Carpenter Stream, Bali",PA 80018,fr,,2022-12-28,False,BKG_000000448,2024-02-06,2026-04-09,2026-04-16,7,3,1,1,single,3,Phone,Late check-in,False,,,1522.15,Five,200.98,33.97,381.31,Pending,Debit Card,Direct,,142.54,2024-02-14 21:42:46,2024-12-03 19:55:32,AGENT,Confirmed,REV_00000448,Ten,Form worry spend computer.,Population someone art do then. Prevent recently half air would point.,2024-03-02,98,True,Hangzhou,2024-11-17,Business,single,MobileApp,2024-02-14 21:42:46,2024-12-03 19:55:32
H00380,Green-Robinson,Philippines,Cebu,Resort,5,379,Restaurant,Movement protect discuss according office couple.,Historic Site,89.177346,163.998074,http://www.mcclain-washington.biz/,C0004063,Meagan,Collins,Meagan Collins...,garciamichael@example.org,631.593.8812x5399,02/30/2025,F,Japan,Nagoya,"094 Moses Green, Nagoya",JF 56495,de,Gold,2025-02-16,False,BKG_000000449,2024-03-01,2026-01-18,2026-01-31,13,2,1,2,single,1,Mobile App,Late check-in,False,,,1932.31,286.47,274.64,85.73,-1,Failed,Debit Card,Direct,NO_PROMO,102.5,2024-12-16 10:59:51,2025-04-03 14:02:11,AGENT,,REV_00000449,2,Consumer thus big might message paper style one.,Go you build those quite same whole. Music brother nature. Event early lay she white also rich.,2025-05-19,71,True,Bandung,2024-12-24,Leisure,suite,CloudBooking,2024-12-16 10:59:51,2025-04-03 14:02:11
H00834,Liu-Johnson,NORWAY,Bergen,Budget Hotel,4,441,"Pool,Gym,Spa",Show million because. Thank money ever choice on.,Shopping Mall,-72.236762,-104.187269,http://www.cunningham-miller.com/,C0002686,John,Harper,John Harper,melissapacheco@example.com,496-337-7467,1988-04-05,F,Austria,Innsbruck,"230 Tracey Stravenue Suite 554, Innsbruck",NK 21376,en,Bronze,2023-09-22,True,BKG_000000450,2023-11-25,2026-07-27,2026-08-05,9,1,3,1,suite,1,Phone,Extra bed,True,2025-10-01,Hotel Closed,Ten,1255.28,235.62,85.51,,Failed,--,Airbnb,PROMO679,Ten,2024-06-03 02:36:48,2025-10-24 01:54:30,!!SYSTEM,Pending,REV_00000450,1,Arm also evidence respond between line agree.,Professor sea off newspaper will. Bad order former.,2025-05-07,20,True,Bangkok,2025-06-05,Leisure,double,APIGateway,2024-06-03 02:36:48,2025-10-24 01:54:30
H00967,--,HUNGARY,!!Pecs,Business Hotel,4,125,"Pool,Gym,Spa",Thought herself show lay special time. Expect school reveal.,"Beach,Museum,Park",-47.639412,-148.842492,http://www.sanchez-morton.net/,C0001306,Gabriel,Martinez,Gabriel Martinez,@gmail.com,(972)730-5394,1962-08-21,M,Austria,Vienna,"195 Martin Branch, Vienna",CK 31874,en,Bronze,2023-12-04,True,BKG_000000451,2023-11-24,2025-04-26,2025-05-07,11,2,1,1,single,3,Phone,,True,,Hotel Closed,1232.38,1224.46,89.05,32.32,789.14,Pending,Debit Card,TravelAgency,NO_PROMO,50.81,,2025-07-14 20:43:42,AGENT,Cancelled,REV_00000451,4,Table song main past write enter plan.,Ten outside five price instead skin. Score suggest high deep build television everything dog.,2025-03-05,99,True,Bursa,2025-04-09,Couple,double,CloudBooking,,2025-07-14 20:43:42
H00160,Anderson-Brown,Serbia,Nis,Boutique,3,491,Restaurant,Buy anything wait write kid prepare difference field.,Shopping Mall,-23.116117,-153.608814,http://www.johnson.info/, C0004526 ,Christopher,Lee,Christopher Lee,jonathanhughes@example.com,001-785-552-1965x0195,2004-02-24,M,Japan,Kyoto,"6806 Wilson Loaf, Kyoto",TF 27618,fr,,2025-06-14,False,BKG_000000452,2025-03-12,2025-10-27,2025-10-29,2,4,2,0,suite,2,Mobile App,Late check-in,True,2025-01-13,Customer Request,1627.98,537.57,290.62,89.7,1175.18,Pending,PayPal,Expedia,,129.92,2025-04-07 19:40:38,2025-06-03 03:52:57,API,Cancelled,REV_00000452,4,Just bank when.,Race require at group finish story. Whole fight book ready under many score quality.,2024-07-16,51,True,Basel,2025-05-09,Solo,single,APIGateway,2025-04-07 19:40:38,2025-06-03 03:52:57
H00511,Michael Group,Hungary,Debrecen,Boutique,4,405,Free WiFi,Ground record dark office. Real past message fly. President federal now walk too item it.,"Beach,Museum,Park",79.337434,30.570678,https://warren-herrera.com/,C0004224,Alexandra,Ward,Alexandra Ward,maryperez@example.com,693.291.5420,1964-11-28,M,Nigeria,Lagos,"5451 Woods Summit Suite 259, Lagos",ZW 34526,tr,Gold,2023-07-13,False,BKG_000000453,2024-01-12,2026-08-22,2026-09-02,11,1,1,2,double,2,Mobile App,--,True,2024-11-29,Hotel Closed,1389.62,430.19,38.53,44.93,1314.1,Paid,,Booking.com,,133.53,2024-10-20 01:39:24,2024-12-22 07:56:17,USER,Confirmed,REV_00000453,4,Name including learn community vote half hair.,Sign beyond example stay. Theory budget computer. His receive yard add particularly chair.,2024-07-30,4,True,Salvador,2025-08-31,Couple,single,LegacySystem,2024-10-20 01:39:24,2024-12-22 07:56:17
H00638,Padilla and Sons,Bulgaria,Plovdiv,Luxury Hotel,3,219,Free WiFi,Boy dinner nor. Beyond interest about for condition action old.,"Beach,Museum,Park",-80.350303,-1.750493,http://www.nash-york.biz/,C0001618,,Gutierrez, Gutierrez,russellkevin@example.com,540-591-8104x2006,1989-11-20,M,Norway,Tromsø,"2188 Dennis Drives, Tromsø",RM 21078,fr,,2023-10-08,False,BKG_000000454,2025-01-20,2026-03-18,2026-03-21,3,4,0,9999,suite,3,Phone,Extra bed,,,,1441.61,43.21,5.79,65.41,555.69,Paid,PayPal,,,172.17,2024-05-29 17:56:50,2025-01-06 21:34:17,USER,Confirmed,REV_00000454,5,Young describe grow reason treatment put view.,Staff attorney soldier young town. Section thing provide certainly gun agreement. Prove kitchen skin force.,2024-12-11,18,False,Puebla,2025-04-04,Family,suite,CloudBooking,2024-05-29 17:56:50,2025-01-06 21:34:17
H00658,Fisher-Frederick,Ireland,Dublin,City Hotel,4,421,Free WiFi,Provide bed continue audience official very bank. Central million tough paper upon produce since.,"Beach,Museum,Park",-6.817968,-164.709611,http://www.rodriguez-ortiz.com/,C0004450,Melissa,Vasquez,Melissa Vasquez,bowerserin@example.com,328-332-1058x469,2004-03-05,Other,Sweden,,"83356 Johnson Forge, Malmö",CO 34769,--, Bronze ,2025-02-01,False,BKG_000000455,2024-10-06,2026-01-11,2026-01-15,4,1,2,0,double,2,Phone,,True,2025-01-28,No Show,1532.7,716.47,156.14,50.97,769.51,Failed,Credit Card,Direct,,20.0,2025-02-28 17:20:30,2025-03-05 00:11:25,AGENT,Confirmed,REV_00000455,2,???,Represent machine movie. Require recent book can goal. Picture hard company study night miss environment.,2023-12-22,36,False,Stavanger,2025-10-04,Couple,double,MobileApp,2025-02-28 17:20:30,2025-03-05 00:11:25
H00800,"Warren, Stevens and Gonzalez",Italy,Rome,Resort,1,254,Free WiFi,Design about doctor determine. Light standard provide notice trouble kind protect.,Shopping Mall,89.104363,60.315139,https://james.com/,!!C0004644, Julie ,Graham, Julie  Graham,caldwellmichael@example.org,786.336.0592x3246,1976-07-03,M,Chile,Viña del Mar,"200 Pearson Inlet Suite 992, Viña del Mar",SM 97191,de,Bronze,2024-09-12,True,BKG_000000456,2023-12-10,2025-12-14,2025-12-26,12,3,3,0,single,2,Phone,Late check-in,True,2024-11-16,,1024.35,508.49,179.09,92.26,377.85,Failed,Cash,Airbnb,NO_PROMO,71.74,2024-07-30 07:53:18,2025-01-28 14:32:55,AGENT,Confirmed,REV_00000456,4,Want left buy western notice.,NECESSARY COLLEGE LATER APPLY. ITSELF PAST WHOLE WALK JUST BY SEVERAL CONCERN.,2025-06-22,Five,False,Davao,2025-09-24,Business,single,MobileApp,2024-07-30 07:53:18,2025-01-28 14:32:55
H00717,Nelson-Kim,Mexico,Cancún,Boutique,2,465,"Pool,Gym,Spa",See make them end view town war. Bag amount open forget use stage.,Historic Site,-26.958108,79.682041,https://www.horton.biz/,C0002379,Briana,Allen,Briana Allen,debra06@example.org,853-714-4687x32356,1988-03-16,F,United Arab Emirates,Dubai,"46276 Mcbride Parkways, Dubai",WT 36188,es,Silver,2024-05-26,False,BKG_000000457,2025-09-04,2026-05-25,2026-05-25,1,3,0,2,double,1,phone,Extra bed,False,,,175.9,341.08,158.24,1.48,0.71,Paid,PayPal,Booking.com,,142.56,2024-10-08 07:30:09,2025-06-30 17:59:56,AGENT,Pending,REV_00000457,2,Morning ten bill choice.,"School memory once drug.
Offer fear need dog. Great sell country. Now large business husband among degree him. One according represent hear.",2024-10-11,30,False,LYON,2024-12-29,Business,single,CloudBooking,2024-10-08 07:30:09,2025-06-30 17:59:56
H00168,   ,Italy,Florence,Business Hotel,1,465,Restaurant,Also bill machine yes. Likely beyond how home seek major ago.,"Beach,Museum,Park",-54.9613,-172.883423,http://www.gray-jackson.com/,C0002311,Christopher,Daniel,Christopher Daniel,fbrown@example.net,961-227-0719,2006-10-21,F,Thailand,Phuket,"5908 Obrien Dale, Phuket",OM 46491,de,Silver,2023-05-29,True,BKG_000000458,2025-03-05,2025-12-07,2025-12-16,9,2,1,1,suite,2,Mobile App,Late check-in,False,,,152.42,177.04,26.06,8.54,57.51,Paid,Debit Card,TravelAgency,,88.43,2024-08-16 22:08:59,2025-03-07 00:31:22,USER,Confirmed,REV_00000458,2,Late real head.,Gun return such him set statement response factor.,2024-02-10,15,False,Bali,2025-05-31,Couple,suite,LegacySystem,2024-08-16 22:08:59,2025-03-07 00:31:22
H00543,"Trevino, Pratt and Hernandez",Portugal,Lisbon,Budget Hotel,3,59,free wifi,Others available realize analysis. Perform tree ever.,"Beach,Museum,Park",-27.430096,4.558532,--,C0004469,Stephen,Whitaker,--,vgoodman@example.com,+1-232-794-7797x60930,1981-02-02,M,Austria,Graz,"6049 Cameron Courts, Graz",ZZ 66575,es,Bronze,2025-04-20,True,BKG_000000459,2024-08-08,2025-10-27,2025-11-02,6,4,2,2,,1,Mobile App,No requests,True,2025-01-07,Hotel Closed,1681.69,892.93,204.22,32.65,981.83,Paid,Cash,TravelAgency,NO_PROMO,175.2,2025-07-20 14:52:14,2025-05-30 09:56:06,AGENT,Cancelled,REV_00000459,1,Civil summer community hope close beyond without.,But assume white health run however. Issue early thought cover very necessary right. Difficult next remain resource character.,2025-02-02,7,True,Turin,2025-07-14,Solo,suite,MobileApp,2025-07-20 14:52:14,2025-05-30 09:56:06
H00618,Thompson Inc,Portugal,Porto,Luxury Hotel,2,102,Free WiFi,Stand single effect lot win defense traditional. Radio town however television.,Shopping Mall,59.565909,-146.355428,https://www.saunders-shepherd.net/,C0001235,Leah,Mcclain,Leah Mcclain,teresa62@example.com,754-625-0484,1993-11-01,Other,Spain,Valencia,"759 Mcdowell Crossroad Apt. 375, Valencia",LR 47316,fr,Platinum,2023-12-04,False,BKG_000000460,2024-08-18,2025-03-27,2025-03-31,4,1,2,0,double,1,Web,No requests,False,,,982.53,847.75,118.86,67.79,494.3,Pending,Debit Card,TravelAgency,PROMO318,46.27,2024-08-02 06:03:14,2025-09-14 14:54:32,USER,Cancelled,REV_00000460,3,Star say decision easy man.,Something organization need maybe another model. None participant before his thought while. Capital doctor eight will other while part.,2025-01-24,25,False,Manchester,2025-08-08,Business,single,CloudBooking,2024-08-02 06:03:14,2025-09-14 14:54:32
H00676,hendricks-nelson,Czech Republic,Plzen,Business Hotel,4,344,Restaurant,Man popular population east traditional wide difference.,Historic Site,76.39033,-117.313967, https://www.hill.net/ ,C0000630,Tiffany,Blair,Tiffany Blair,medinarachel@example.net,+1-480-582-9837x278,1950-12-22,Other,Kenya,Nairobi,"258 Sanchez Turnpike, Nairobi",QK 73134,en,Platinum,2024-03-26,True,BKG_000000461,2025-05-16,2025-06-18,2025-06-29,11,1,1,1,double,3,Mobile App,No requests,False,,,881.26,534.01,292.26,8.03,423.31,Failed,Debit Card,Booking.com,NO_PROMO,164.34,2024-11-14 06:29:46,2025-02-18 21:54:29,USER,Confirmed,REV_00000461,Ten,Take form reason right address resource.,Issue list never training adult. Face within ever. Six price like buy him. Mention suddenly pressure term pretty full.,2025-05-12,29,True,Melbourne,2023-13-01,Solo,double,APIGateway,2024-11-14 06:29:46,2025-02-18 21:54:29
H00152,"Santos, King and Thomas",Norway,Bergen,Luxury Hotel,4,365,"Pool,Gym,Spa",Man this until suffer two. Become question paper. Full among pull star else head lose identify.,Shopping Mall,64.159537,60.939472,http://www.lynch.com/,C0003871,Jim,York,Jim York,thomasnatasha@example.org,+1-759-752-1627x5087,1983-11-15,F,New Zealand,Hamilton,"7296 Lindsey Estate Apt. 557, Hamilton",BC 44631,fr,,2024-12-25,False,BKG_000000462,2025-09-16,2026-09-23,2026-09-28,5,1,0,2,single,1,Mobile App,,True,2025-07-22,No Show,577.16,551.64,223.32,62.3,,Refunded,Cash,Booking.com,,91.26,2024-02-01 06:19:06,2025-05-31 00:18:14,API,Confirmed,REV_00000462,5,Whose watch environmental need.,Employee couple bring can throw. Wife think stay director truth.,2025-08-17,67,True,SINGAPORE,2024-11-24,Business,single,CloudBooking,2024-02-01 06:19:06,2025-05-31 00:18:14
H00560,Sims-Harvey,Hungary,Szeged,Luxury Hotel,2,143,"Pool,Gym,Spa",Arrive national mouth officer information. Identify next key talk.,"Beach,Museum,Park",71.580052,65.407919,http://ramirez.biz/...,C0004685,Jeffrey,???,Jeffrey ???,kylie86@example.net,492.456.0635,1998-06-23,F,Serbia,Subotica,"810 Logan Plaza, Subotica",VJ 23164,de,,2024-04-25,True,BKG_000000463,2025-07-22,0000-00-00,2026-07-10,11,1,1,1,suite,3,!!Web,Extra bed,True,2025-06-04,Hotel Closed,615.89,1259.02,118.12,52.28,403.68,Paid,Debit Card,Direct,,0,2024-04-25 12:36:06,"Jan 32, 2025",AGENT,Confirmed,REV_00000463,2,Certainly party response evidence director.,Short oil deep computer. Skin assume no chance parent citizen family. Nation evening them rather.,2025-04-02,95,True,Patras,2025-06-03,Solo,double,APIGateway,2024-04-25 12:36:06,"Jan 32, 2025"
H00498,Rodriguez-English,Australia,???,Budget Hotel,1,26,Restaurant,Whom item today analysis. Sell personal contain sort break picture two. Number not do sure program.,"Beach,Museum,Park",-30.639956,-156.266067,http://www.lopez.net/,C0002655,!!Vanessa,Hernandez,!!Vanessa Hernandez,calderonamanda@example.com,001-355-542-3644x46660,1993-05-03,Other,Austria,Linz,"930 Case Spring Apt. 003, Linz",YR 13355,!!tr,,2024-05-26,True,BKG_000000464,2025-08-12,2026-07-27,2026-07-31,4,2,1,0,suite,3,Phone,Late check-in,True,,,1074.3,954.44,90.73,0.01,860.65,Failed,Debit Card,Booking.com,PROMO314,96.44,02/30/2025,2025-09-25 00:03:30,SYSTEM,Cancelled,REV_00000464,1,Term probably always tell.,Use true bag economic agent continue. Establish administration control. Smile far possible year.,2025-02-05,93,False,Monterrey,2024-11-08,Family,DOUBLE, MobileApp ,02/30/2025,2025-09-25 00:03:30
H00975,Werner-Nelson,Switzerland,Bern,Boutique,2,182,Free WiFi,Trade yeah house garden. Different listen effect.,Shopping Mall,68.753413,-34.953817,https://www.hardin-davis.biz/,C0003612,Jeffrey,Bryant,Jeffrey Bryant,barnesjoan@example.org,(477)965-4555x7497,1956-11-24,Other,Czech Republic,!!Ostrava,"426 Steven Dam Apt. 735, Ostrava",TE 77818,fr,Silver,!!2024-08-18,True,BKG_000000465,2024-10-01,2026-09-10,2026-09-21,11,1,3,1,,1,Mobile App,Late check-in,True,2024-12-30,Customer Request,1721.84,190.71,76.53,14.44,184.93,Paid,PayPal,TravelAgency,,14.87,2023-13-01,2025-04-19 22:17:34,AGENT,Confirmed,REV_00000465,5,President season else car hold score kind how.,Church true begin decade necessary decade. Wonder seem really well while east.,2023-12-10,84,False,Cairo,2025-07-23,Family,single,LegacySystem,2023-13-01,2025-04-19 22:17:34
H00888,Townsend and Sons,Slovakia,Bratislava,Budget Hotel,4,259,Free WiFi,Opportunity degree machine positive. Season education father size activity away attention.,Shopping Mall,1.630726,-114.300684,,C0003763,Jenna,Thompson,Jenna Thompson,maria75@example.net,+1-678-410-6188x30567,1994-11-18,,Saudi Arabia,Jeddah,"6897 Eileen Key, Jeddah",!!AE 81235,fr,Bronze,2024-09-14,True,BKG_000000466,2025-04-17,2025-01-14,2025-01-18,Five,4,1,2,double,1, Agent ,,True,2025-04-09,No Show,1690.83,285.14,161.05,28.36,696.66,Pending,Cash,Expedia,NO_PROMO,171.18,2025-08-14 06:27:27,2025-09-06 00:06:29,API,Confirmed,REV_00000466,1,Information help article agent law remember local travel.,"Event first blood cost key but step blood.
Police energy give social across event. Lead could natural realize tend stay.",2024-12-07,96,True,Heraklion,2025-01-04,Solo,suite,APIGateway,2025-08-14 06:27:27,2025-09-06 00:06:29
H00224,Pitts LLC,New Zealand,Christchurch,Boutique,3,247,"Pool,Gym,Spa",Draw natural talk hand will natural. Real commercial research likely science.,___,46.901143,-80.303467,https://martin-washington.com/,C0001673,Raymond,Myers,Raymond Myers,jharrison@example.org,(340)431-3820x00188,1955-12-11,Other,Argentina,Buenos Aires,"3753 Samantha Loaf, Buenos Aires",RI 28176,de,Silver,2024-03-27,True,BKG_000000467,2024-09-20,2024-12-25,2024-12-25,1,4,1,0,single,2,Mobile App,Late check-in,False,,,336.94,407.14,40.31,48.16,118.45,Paid,PayPal,TravelAgency,NO_PROMO,142.06,2025-10-10 11:11:49,2025-09-02 19:22:31,USER,Confirmed,REV_00000467,5,Cultural worker similar director west vote shoulder.,Probably guy position sister number. Show my product often marriage cold. Responsibility information artist eat soon often beat realize.,2025-09-27,81,False,Dubrovnik,2025-01-13,Family,single,CloudBooking,2025-10-10 11:11:49,2025-09-02 19:22:31
H00883,"Nichols, Mills and Sweeney",Switzerland,Geneva,Resort,1,365,   ,Rock appear your inside identify. Public soldier arm there.,Shopping Mall,61.564438,-112.15218,http://www.gonzales.net/,C0004738,Jennifer,Mullen,Jennifer Mullen,donnajenkins@example.com,2156593502,1999-03-29,Other,Indonesia,Bali,"6492 Hayes Unions Suite 455, Bali",MF 64266,tr,Platinum,2024-01-22,False,BKG_000000468,2024-10-05,2025-07-23,2025-08-01,9,4,1,2,double,3,Web,extra bed,True,2025-04-07,Customer Request,1631.1,632.66,146.91,37.42,486.06,Paid,PayPal,Airbnb,,88.98,2023-12-19 06:01:07,2025-08-04 00:30:46,API,Confirmed,REV_00000468,2,Many whatever couple great certainly modern.,"Reality social necessary society. Impact expert gas range spend compare the.
List threat write he. Medical crime door see maintain.",2024-01-02,18,True,Oslo,2024-11-19,Couple,double,LegacySystem,2023-12-19 06:01:07,2025-08-04 00:30:46
H00485,"PARKER, HERRERA AND MCDONALD",Thailand,Chiang Mai,City Hotel,3,210,Restaurant,One high might. List wonder probably you.,"Beach,Museum,Park",-27.221169,-10.350108,http://www.parker.com/,C0002541,Marie,Thomas,Marie Thomas,marissayu@example.com,453-845-7856x11326,1989-12-06,Other,Nigeria,Lagos,"84148 Patricia Manor, Lagos",OQ 85208,fr,Bronze,2023-06-08,False,BKG_000000469,2025-05-07,2026-04-03,2026-04-15,12,4,0,2,suite,1,Web,,True,2025-09-30,No Show,1475.62,795.46,109.53,21.79,1081.69,Failed,PayPal,Booking.com,PROMO442,38.17,2024-12-01 08:59:13,2025-10-17 18:45:08,USER,Pending,REV_00000469,3,See section cup though third.,"During year modern contain minute. Wife open bed value.
Step story sing enjoy. Shake kitchen stand hot. Seat reflect grow beyond too range nearly.",2024-04-05,0,False,Varna,2024-11-05,Couple,double,LegacySystem,2024-12-01 08:59:13,2025-10-17 18:45:08
H00455,Ford-Leach,Romania,Cluj-Napoca,City Hotel,5,179,Restaurant,Hope option guess reduce. Serious several line teach at.,!!Historic Site,55.319023,5.866961,https://ross.com/,C0004768,Laura,Donovan,Laura Donovan,jwilliams@example.com,+1-903-958-5409x06293,1969-11-28,Other,Thailand,Phuket,"2470 Sara Avenue Apt. 067, Phuket",SN 15903,en,Silver,2024-04-07,False,BKG_000000470,2024-08-12,2026-06-28,2026-07-11,13,3,2,0,suite,3,Phone,extra bed,True,2025-02-14,Payment Failed,1103.81,751.08,66.26,9.85,110.65,Refunded,PayPal,Expedia,  ,93.89,2024-06-25 06:42:59,2025-10-23 22:41:06,API,Pending,REV_00000470,4,Throw likely president open.,Nation however hot court owner rich. Suffer common send identify expert decade ago we.,2024-01-23,93,True,Brasília,2025-07-06,Business,suite,LegacySystem,2024-06-25 06:42:59,2025-10-23 22:41:06
H00935,--,Spain,Madrid...,Business Hotel,3,448,Free WiFi,Already report general section certainly wife raise. Suggest official above money.,Shopping Mall,42.401738,117.64951,,C0004921,Benjamin,Garcia,Benjamin Garcia, cindy76@example.net ,830.830.5925x8725,1963-02-23,M,Morocco,Marrakesh,"89396 Johnson Forge Suite 672, Marrakesh",SQ 64550,tr,Platinum,2023-11-05,True,BKG_000000471,2024-01-25,2026-01-05,2026-01-16,11,2,2,0,___,3,Mobile App,,True,2025-04-10,Customer Request,269.54,379.87,130.26,72.37,153.48,Refunded,Credit Card,Airbnb,,73.49,2025-10-18 02:58:52,2024-11-22 04:32:31,API,Pending,REV_00000471,4,Language summer east tax perhaps method.,Daughter answer face garden still foreign government. Event college hard physical. Determine human argue upon worker.,2025-02-02,80,True,Beijing,2025-05-27,Leisure,single,MobileApp,2025-10-18 02:58:52,2024-11-22 04:32:31
H00562,Mcbride-Lee,norway,Tromsø,Boutique,3,143,"Pool,Gym,Spa",Employee size heart. Approach PM ok financial.,Historic Site,-7.87811,-107.107318,http://olson-mcfarland.info/,C0000394,Kevin,Gallegos,Kevin Gallegos,owenssteven@example.net,412-237-9561x651,1953-07-23,M,Morocco,Casablanca,"0684 Kirk Landing Suite 675, Casablanca",EE 88468,en,Gold,2024-07-16,False,BKG_000000472,2024-04-02,2026-10-21,2026-10-28,7,1,1,0,single,2,Web,Extra bed,False,,,212.66,1490.69,93.84,90.3,32.08,Paid,PayPal,TravelAgency,,103.91,2025-07-04 22:03:55,2025-06-15 05:17:34,API,Pending,REV_00000472,3,As throughout late law discuss day action.,Somebody they happy. Kind religious measure will low nature medical. Able if half month start mention mind tonight. That improve could late.,2024-04-09,42,True, San Francisco ,2025-04-14,Solo,suite,MOBILEAPP,2025-07-04 22:03:55,2025-06-15 05:17:34
H00116,"Fox, Farmer and Roberts",Norway,Oslo,Business Hotel,5,64,"Pool,Gym,Spa",As half give prove. Others wind population.,"Beach,Museum,Park",-83.695135,148.060033,http://www.shelton.com/,C0002764,Stephanie,Smith,Stephanie Smith,karen82@example.org,000-000-0000,1957-06-24,F,Nigeria,Abuja,"467 Thomas Plains Apt. 579, Abuja",XD 93094,es,Platinum,2025-06-04,FALSE,BKG_000000473,2024-10-21,2026-03-11,2026-03-23,12,3,0,1,single,2,Agent,Extra bed,True,2024-12-03,--,501.72,221.85,250.35,37.83,351.73,Paid,PayPal,TravelAgency,PROMO856,95.27,2025-10-25 13:50:01,02/30/2025,USER,Confirmed,REV_00000473,4,Add move news provide young own.,Campaign perhaps then. Rich property son finally wide clear.,2024-01-29  ,73,False,Birmingham,2025-01-19,Solo,suite,,2025-10-25 13:50:01,02/30/2025
H00309,___,Greece,Athens,Budget Hotel,4,199,Free WiFi,Class to safe. Leave certain family interview woman.,"Beach,Museum,Park",70.952417,-53.237081,http://cooper.biz/,C0000679,Joshua,hamilton,Joshua hamilton,gallagherchristine@example.com,+1-271-752-0810,2002-05-28,Other,Indonesia,Jakarta,"557 Sheila Streets, Jakarta",HE 29229,fr,Bronze,2024-06-19,False,BKG_000000474,2025-03-23,2025-08-21,2025-08-27,6,4,1,2,double,2,Agent,Extra bed,True,2025-02-03,Payment Failed,1505.02,479.29,9999,19.89,345.02,Paid,Cash,Airbnb,,171.52,,2025-05-10 03:44:52,SYSTEM,Pending,REV_00000474,3,Garden certainly unit media.,"Owner personal example far read.
Share health store most sit glass believe appear. Although put interview keep sometimes within.",2025-06-17,63,False,Manchester,2025-08-16,Family,single,CloudBooking,,2025-05-10 03:44:52
H00993,Maldonado PLC,South Korea,Daegu,Business Hotel,5,437,Free WiFi,Off serious form. Last hear behavior record so realize. Join structure similar sit for fill force.,Historic Site,-28.116848,71.923116,http://www.hart.net/,C0003346,Maria...,Webb,Maria... Webb,reesevirginia@example.net,(586)254-2156x67086,2002-12-04,F,Mexico,Puebla,"!!714 Kayla Walks Suite 081, Puebla",OZ 70771,es,Bronze,2023-09-03,True,BKG_000000475,2024-10-31,2026-03-12,2023-13-01,13,2,9999,0,single,3,Agent,Extra bed,True,2025-02-17,No Show,282.42,928.28,241.04,7.59,9.86,REFUNDED,PayPal,Booking.com,,15.83,2025-06-05 03:03:11,2025-09-17 08:57:58,USER,Confirmed,REV_00000475,3,Call site example great tend stand.,"Political theory level truth on party special.
Girl ready share. Themselves other various each black make matter although.",2025-07-07,14,True,Jerusalem,!!2025-08-06,Leisure,single,CloudBooking,2025-06-05 03:03:11,2025-09-17 08:57:58
H00349,Ramirez-Reeves,Thailand,Chiang Mai,Resort,1,393,Restaurant,Everybody mind early role. Painting glass course society.,"Beach,Museum,Park",-64.984976,51.269488,http://www.jones.org/,C0003085,Erik,Mejia,Erik Mejia,kathleen94@example.net,+1-729-234-2247,2006-04-02,F,Serbia,Nis,"8550 Rachel Lakes, Nis",ST 51568,en,Gold,2024-06-30,False,BKG_000000476,2024-10-17,2025-10-20,2025-10-25,5,1,1,1,single,1,Phone,No requests,True,2025-03-26,Customer Request,1368.57,766.78,74.38,71.9,1086.41,Paid,PayPal,Expedia,PROMO733,181.3,2023-12-28 17:18:38,2025-02-14 19:41:11  ,AGENT,Confirmed,REV_00000476,5,However student hotel scientist.,Others offer on make everybody protect traditional. Free represent call commercial allow tree.,2024-06-05,25,,Lisbon,2025-02-22,Business,double,,2023-12-28 17:18:38,2025-02-14 19:41:11  
H00555,Owens-Morris,Canada,Calgary,City Hotel,2,330,Restaurant,However start member toward imagine. Choose truth chair sometimes.,Shopping Mall,85.68396,71.221979,http://www.robinson.info/,C0001088,Debbie,Patton,Debbie Patton,johnsonanthony@example.com, 381.730.8988x53230 ,0000-00-00,M,Turkey,Antalya,"79160 Bobby Roads, Antalya",IW 86641,tr,Silver,2024-11-25,False,BKG_000000477,2025-08-03,2026-09-20,2026-09-25,5,4,2,0,suite,3,Phone,,False,,,1863.31,692.14,43.84,93.95,4.56,Failed,Credit Card,TravelAgency,,195.2,2025-07-04 19:36:16,2024-11-15 13:58:23,API,Cancelled,REV_00000477,2,Real after woman federal rate thought impact.,Weight tonight case model event. We hand represent be civil care research.,2025-08-30,15,False,Berlin,2025-05-16,Couple,single,APIGateway,2025-07-04 19:36:16,2024-11-15 13:58:23
H00598,Walker LLC,Hungary,Debrecen,Resort,5,251,Free WiFi,Dinner sometimes beautiful country wide. Boy increase learn study.,Shopping Mall,-43.38393,-18.095617,http://www.brooks-moody.info/,C0003759,Jason,Gonzalez,Jason Gonzalez,evelynprice@example.com,391-261-8896x010,1949-01-24,F,Spain,Valencia,"725 Sandoval Gardens Suite 464, Valencia",PA 82900,tr,Bronze,2024-10-03,False,BKG_000000478,2025-03-13,2025-08-12,2025-08-21,9,3,2,1,double,1,Web,,False,,,1060.15,0,121.44,59.4,1019.09,Failed,Cash,TravelAgency,,175.38,2024-08-25 18:41:41,2025-03-06 09:42:48,AGENT,Confirmed,REV_00000478,1,Central item discussion major those professor.,Message eye money represent. Rest need yes site.,2025-08-17,96,True,Fes,2025-03-05,Business,double,CloudBooking,2024-08-25 18:41:41,2025-03-06 09:42:48
H00213,"Thomas, Copeland and Singleton",Brazil,!!Brasília,City Hotel,Ten,239,Free WiFi,Force dark car car. Possible stand model project why according box.,"Beach,Museum,Park",-88.777246,-130.705088,https://www.kennedy-banks.com/,C0003995,Tracy,Rasmussen,Tracy Rasmussen,reginajones@example.com,,1983-08-27,Other,United States,Miami,"06969 Frazier Pike Apt. 039, Miami",OC 92002,fr,Gold,2024-04-07,False,BKG_000000479,2025-03-04,2025-10-08,2025-10-14,6,2,,0,single,1,Web,No requests,True,2025-09-12,,489.9,Five,266.04,82.49,163.62,Pending,Credit Card,Airbnb,NO_PROMO,12.43,2024-08-04 13:53:08,2025-07-21 18:09:12,???,Pending,REV_00000479,5,History do professional dark.,Benefit early staff. My week anyone picture. Later institution pretty majority control.,2023-11-14,11,True,Hamburg,2025-08-13,Business,single,CloudBooking,2024-08-04 13:53:08,2025-07-21 18:09:12
H00700,Fields-Dalton,Sweden,Linköping,Business Hotel,Ten,Five,Restaurant,Collection at law same other. Official mean instead dog box standard.,Shopping Mall,63.997324,-30.09521,https://www.davis.info/,C0002534,Jeffery,Bailey,Jeffery Bailey,qdavis@example.org,001-306-973-0178x9126,1993-04-09,Other,Colombia,Barranquilla,"5358 Cruz Isle Suite 743, Barranquilla",YS 74340,tr,,2024-09-23,False,BKG_000000480,2024-10-20,,2024-12-20,9,3,2,1,suite,2,Web,,True,2024-12-23,Customer Request,288.31,1307.02,133.8,69.71,152.28,Paid,Cash,Booking.com,PROMO728,178.76,2025-01-05 13:05:34,2025-01-22 21:46:36,AGENT,Cancelled,REV_00000480,4,Relate listen order his skin possible single.,Because cell travel matter something during power. And trial air inside camera particularly.,2025-05-07,51,True,Dublin,2025-09-26,Family,double,CloudBooking,2025-01-05 13:05:34,2025-01-22 21:46:36
H00796,Watkins-Buckley,Indonesia,Jakarta,City Hotel,3,287,Restaurant,"Activity senior whole mission friend.
Mind story note million. Media interview able phone.","Beach,Museum,Park",-7.925788,-141.93782,http://www.thomas-wells.biz/,C0001141,Larry, Moore ,Larry  Moore ,ingramdanielle@example.com,698.887.4508,1982-12-15,F,Mexico,Cancún,"468 Brown Ford Apt. 645, Cancún",RP 76063,en,Silver,2024-08-27,True,BKG_000000481,2025-07-05,2024-11-10,2024-11-12,2,1,1,2,double,2,Web,Extra bed,False,,,0,1128.08,217.85,22.03,0,Pending,Credit Card,Airbnb,NO_PROMO,0.0,2024-05-26 16:13:28,2025-07-04 18:48:02,AGENT,Pending,REV_00000481,1,School have various perhaps same sort.,Including improve majority because dream. Too site yard will product bar. Team fast suffer understand certain.,2025-10-10,28,True,Surabaya,,Solo,single,LegacySystem,2024-05-26 16:13:28,2025-07-04 18:48:02
H00159,"Richmond, Hamilton and Parks",SERBIA,Nis,Boutique,4,35,"POOL,GYM,SPA",Simple field meeting product. Language and whatever thousand impact. Money often rule foot not.,Historic Site,-82.118421,-171.925095,HTTP://WWW.WALLACE.ORG/,C0004336,Phillip,Johnson,Phillip Johnson,mramirez@example.org,+1-204-797-7296x1803,2003-10-06,Other,Singapore,Singapore,"65916 Jessica Views Apt. 692, Singapore",GF 20900,fr,Bronze,2023-07-23,True,BKG_000000482,2024-01-10,2026-02-02  ,2025-11-24,8,2,1,2,single,3,Agent,No requests,True,2025-03-18,Payment Failed,513.39,569.83,204.38,92.38,206.77,Paid,PayPal,Airbnb,!!,6.24,2024-05-18 03:36:48,2025-09-19 00:48:34,SYSTEM,Pending,REV_00000482,2,Like bed result near.,"Matter price focus season source tonight. Race activity mean.
I remember instead wide production some hospital.
Conference work big value.",2025-06-10,48,False,Ho Chi Minh City,2025-03-13,Couple,!!suite,APIGateway,2024-05-18 03:36:48,2025-09-19 00:48:34
H00423,Moody-Johnson,Finland,Tampere,--,1,393,"Pool,Gym,Spa",Few suffer note. Travel black attention good.,Historic Site,77.650696,-131.659968,http://www.carr-bird.com/,C0001598,Dana,Harris,Dana Harris,zburnett@example.com,506-731-5768x2162,1966-05-31,Other,South Korea,Busan,"5364 Michael Shore Apt. 055, Busan",LI 54147,es,Silver,2024-10-20,False,BKG_000000483,2024-06-10,2025-12-12,2025-12-12,1,3,2,2,suite,,Agent,Late check-in,True,2024-11-12,Payment Failed,1234.97,-1,101.46,78.56,33.89,Refunded,PayPal,Direct,PROMO755,139.28,2024-01-23 12:20:51,2025-05-28 11:33:33,API,Cancelled,REV_00000483,1,Debate skill wonder a mouth north such.,Hot kid change anyone building. Similar son continue reveal newspaper course. Chance together themselves.,2025-02-08,45,!!True,Brussels,2025-06-01,Family,single,LegacySystem,2024-01-23 12:20:51,2025-05-28 11:33:33
H00405,Morris-Wilson,South Korea,Seoul,Budget Hotel,2,33,"Pool,Gym,Spa",Foreign suddenly soon suddenly. Story cell we occur anything seven sing enter.,"Beach,Museum,Park",-46.676361,19.607907,http://castro.com/...,C0001656, Julie ,Cox, Julie  Cox,keitharmstrong@example.net,(508)708-8806x7902,1975-04-28,F,Peru,Cusco...,"234 Kenneth Knolls Apt. 581, Cusco",VE 22262,tr,,2024-06-13,True,BKG_000000484,2025-10-02,2025-01-17,2025-01-29,12,3,1,0,single,1,Mobile App,No requests,False,,,1007.25,1227.35,193.26,77.92,806.61,Paid,Debit Card,TravelAgency,,68.82,2025-03-10 14:09:11,2025-06-17 00:57:47,system,Cancelled,REV_00000484,2,Again people owner respond sport thousand environmental.,Food maybe history fight thank. Score suddenly often attack heavy rest spring structure.,2024-10-27,88,True,Funchal,2025-09-12,Leisure,double,CloudBooking,2025-03-10 14:09:11,2025-06-17 00:57:47
H00476,Colon and sons,Czech Republic,Brno,Luxury Hotel,4,451,Free WiFi,"Answer big without rock old.
Law star early society. Through thousand down growth.",Shopping Mall,49.228054,-170.326803,http://garcia.biz/,C0001285,Rodney,Scott,Rodney Scott,blakewashington@example.com,410.630.7242x2231,1963-06-09,M,,Berlin,"339 Trevor Islands Suite 936, Berlin",DI 37227,tr,,2023-01-25,False,BKG_000000485,2025-07-05,2025-07-14,2025-07-23,9,1,0,Ten,single,3,Mobile App,Extra bed,True,2025-10-25,Hotel Closed,1819.57,587.61,106.54,10.63,506.33,Pending,Debit Card,TravelAgency,PROMO277,112.19,2025-03-17 16:02:05,2025-01-06 07:20:42,SYSTEM,Cancelled,REV_00000485,5,Between official suffer as boy turn focus.,Join popular brother source government fear. Economic view tax work. Song point system better audience TV since.,2024-07-25,38,False,Edinburgh,2025-03-17,Leisure,double,LegacySystem,2025-03-17 16:02:05,2025-01-06 07:20:42
,"Foster, Tate and Rivera",New Zealand,Wellington,BUSINESS HOTEL,1,22,Free WiFi,Do strategy everyone hard. His gun probably something. Finally direction charge minute ask poor.,Shopping Mall,31.965049,-15.167806,http://www.cook.org/,C0001379,David, Campbell ,David  Campbell ,cynthia09@example.org,(264)762-4059,1953-06-12,,Czech Republic,Plzen,"808 Larry Bypass Apt. 357, Plzen",CW 42695,en,Gold,2024-05-29,True,BKG_000000486,2024-08-16,2026-06-15,2026-06-25,10,1,0,2,double,1,Mobile App,No requests,False,,,445.76,1217.55,285.96,67.91,332.94,Pending,Debit Card,Airbnb,PROMO263,180.55,,2025-06-30 18:38:44,AGENT,Cancelled,REV_00000486,2,Stop full would society degree boy.,Machine age star threat low create heart page. On make yes onto staff pretty argue. True try fast.,2023-12-27,0,True,Valencia,"Jan 32, 2025",Leisure,single,MobileApp,,2025-06-30 18:38:44
H00576,"Martinez, Conway and Chavez",Egypt,Sharm El Sheikh,Resort,5,35,Restaurant,However office move first decade.,Shopping Mall,-23.152613,50.297927,https://schmitt.com/,C0004514,Amanda,Garcia,Amanda Garcia,rodgersjennifer@example.org,+1-756-366-9206x7096,1946-02-21,F,Chile,Santiago,"0805 Andrew Lake, Santiago",HC 46160,en,Gold,"Jan 32, 2025",true,BKG_000000487,2025-04-04,2026-01-14,2026-01-19,,2,0,1,single,Ten,Mobile App,Late check-in,True,2025-01-22,Payment Failed,902.91,889.21,Ten,21.43,724.45,Refunded,Cash,TravelAgency,,104.03,2024-10-26 06:25:49,2025-01-18 17:45:09,API,Confirmed,REV_00000487,1,Fire fear politics record morning.,Light dog painting their while fact. Form house production policy prevent fall.,2024-12-08,31,False,Tokyo,2025-03-29,Couple,double,apigateway,2024-10-26 06:25:49,2025-01-18 17:45:09
H00193,"Richards, Hubbard and Hall",Portugal,Coimbra,Boutique,5,100,Free WiFi,Discuss note follow food them. Research political one any explain clearly.,Shopping Mall,-24.823963,-112.067436,https://velazquez.info/,C0000079,Thomas,Miller,Thomas Miller,jenniferrichardson@example.org,8652329235,1961-10-16,F,India,Mumbai,"78554 Alvarez Squares, Mumbai",SQ 75075,en,Bronze,2024-03-08,False,BKG_000000488,2025-10-23,2026-09-16,2026-09-20,4,1,2,1,single,2,Agent,Late check-in,False,,,449.36,614.26,211.05,Ten,143.22,Refunded,PayPal,Expedia,NO_PROMO,157.49,2025-09-23 02:15:57,2025-04-26 21:38:02,SYSTEM,Cancelled,REV_00000488,2,Control me matter do always article including order.,School value quality add. Rich director get matter hospital. Pay among report such live form.,2024-04-05,52,True,Jeddah,2025-04-03,Solo,suite,APIGateway,2025-09-23 02:15:57,2025-04-26 21:38:02
H00390,Gray-Hull,Chile,Concepción,City Hotel,2,30,Free WiFi,Cultural just skin weight. Education surface wide reality appear. Event knowledge worry treatment.,Shopping Mall,-68.235004,3.264084,http://brown.com/,,David,Nixon,David Nixon,brandonbutler@example.com,430-769-5697,1956-03-23,Other,Sweden,Gothenburg,"267 Michael Coves, Gothenburg",YB 57180,es,platinum,2024-12-11,False,BKG_000000489,2025-10-04,2025-09-25,2025-10-08,13,3,0,2,single,3,Phone,,True,2025-02-13,Customer Request,0,1371.65,12.85,1.35,0,Pending,Cash,TravelAgency,PROMO879,0.0,2024-06-10 13:25:15,2025-08-18 17:23:03,USER,Cancelled,REV_00000489,3,Expect issue hard rather we law.,Month professor exist my deep in light. Hotel feeling call many. Court executive wind mean four food wind.,2025-09-20,28,False,London,2025-01-23,Business,single,MobileApp,2024-06-10 13:25:15,2025-08-18 17:23:03
H00879,"Harvey, Floyd and Faulkner",Italy,!!Naples,Boutique,2,Five,Free WiFi,Own low blue activity its center.,"Beach,Museum,Park",73.827782,-14.355602,http://mckenzie.info/,C0004484, Madeline ,Flowers, Madeline  Flowers,hoganamy@example.com,+1-387-593-7533,1999-04-24,M,Canada,Calgary,,SW 81745,de,,2025-03-23,False,BKG_000000490,2024-04-16,2025-04-11,2025-04-21,10,2,3,1,single,3,Phone,,True,2025-03-17,Customer Request,117.66,140.54,88.88,90.34,109.9,Refunded,Credit Card,Booking.com,NO_PROMO,2.76,2024-10-12 14:38:01,2025-06-04 01:09:10,API,Confirmed,REV_00000490,3,Whole character image across form.,"Side end room offer response finish we. Them goal space too local night card.
Range Republican word issue. Staff official board no whose.",2025-03-24,95,False,Brno,2025-09-06,Leisure,single,MobileApp,2024-10-12 14:38:01,2025-06-04 01:09:10
H00134,Harris-Marquez,United Kingdom,London,Business Hotel,4,359,"Pool,Gym,Spa",Customer really at various enjoy change. Science ever my rate prevent. Civil trip instead.,"Beach,Museum,Park",-77.900113,31.565118,https://www.rivas.com/,C0003704,Justin,Sparks,Justin Sparks,lisa98@example.com,001-579-658-3176x9414,2003-06-11,M,Austria,Salzburg,"321 Brian Stravenue, Salzburg",GP 85030,tr,,2025-06-16,True,BKG_000000491,2024-12-16,2025-06-21,2025-06-28,7,4,2,2,suite,1,Web,No requests,True,2025-03-06,,1974.96,622.95,263.15,0,131.64,Paid,Credit Card,Airbnb,PROMO940,155.36,2024-10-23 20:19:27,2025-05-30 00:13:37,USER,Confirmed,REV_00000491,5,Nature hold major voice.,Particular office myself certainly. Old owner magazine especially reach character major.,2024-10-09,19,False,Nairobi,2025-08-20,Couple,double,MobileApp,2024-10-23 20:19:27,2025-05-30 00:13:37
H00265,Sanders-Kennedy,Romania...,Brasov,Budget Hotel,4,269,Free WiFi,Charge stock develop free admit political. Low true prove open career.,Shopping Mall,-7.133956,-177.974289,http://chavez.com/,C0002836,Thomas,Williams,Thomas Williams,,529.616.1096,1963-05-15,Other,India,Hyderabad,"53166 Teresa Place, Hyderabad",KC 49648,fr,Gold,2024-11-30,True,BKG_000000492,2025-05-25,2025-10-22,2025-11-03,12,3,1,0,single,2,Agent,No requests,False,,,1636.74,229.26,287.71,39.78,596.67,Failed,Cash,Booking.com,NO_PROMO,57.97,2025-09-10 07:07:23,2025-05-30 19:29:11,USER,Pending,REV_00000492,1,Case arrive consider area military level possible.,Support evening long major society. Can another team second big finish. Ask physical the building degree including.,2023-12-27,56,False,Bogotá,2025-02-02,Business,single,MobileApp,2025-09-10 07:07:23,2025-05-30 19:29:11
H00137,"Davis, Mills and Pugh",Turkey,Antalya,Budget Hotel,5,442,Free WiFi,Make speech all environmental information. Per small lose medical artist note alone.,"Beach,Museum,Park",-74.177769,109.955797,https://www.hogan.com/,C0002377,Gina,Marquez,Gina Marquez,tuckercaitlin@example.org,299.308.3076x562,1947-11-04,Other,Bulgaria,Sofia,"19791 Samuel Run Suite 687, Sofia",OZ 39244,tr,Gold,2024-10-12, False ,BKG_000000493,2025-08-16,2026-08-04,2026-08-08,4,2,0,1,suite,1,Agent,Extra bed,   ,2025-06-20,Hotel Closed,1672.43,Ten,80.48,,369.14,Pending,Debit Card,TravelAgency,,16.61,2024-01-02 01:42:09,2025-06-04 20:02:00,USER,Confirmed,REV_00000493,2,Certainly finish better thousand.,Nearly number writer plant system office bring. Miss open score. Compare amount kid wall record southern.,2025-06-14,33,True,Brno,2024-12-30,,suite,APIGateway,2024-01-02 01:42:09,2025-06-04 20:02:00
H00764,"Rodriguez, Smith and Flores",???,Bursa,City Hotel,2,254,Free WiFi,Store record no protect own away and. Dog business quite structure our list see.,Historic Site,63.651499,-177.688289,http://www.white.com/,C0003191,Sarah,Johnson,Sarah Johnson,benjamincalhoun@example.net,587.789.3177,1993-01-20,M,Saudi Arabia,Riyadh,"045 Padilla Squares Apt. 315, Riyadh",EI 55205,es,Platinum,2024-03-04,False,BKG_000000494,2023-11-19,2025-03-17,2025-03-30,13,1,2,1,double,Ten,Phone,Late check-in,True,2025-06-14,,664.23,864.7,183.24,39.3,549.28,Failed,PayPal,Booking.com,NO_PROMO,55.95,2023-12-27 14:23:00,2025-09-11 14:30:37,???,,REV_00000494,5,Hair less get two contain.,Me rule body care. Candidate state financial small loss.,2025-09-12,11,True,Galway,2024-12-31,Leisure,suite,CloudBooking,2023-12-27 14:23:00,2025-09-11 14:30:37
H00305,Williams and Sons,!!Chile,Viña del Mar,Business Hotel,3,171, Free WiFi ,Rate speech rest. Cost type growth degree blue.,"Beach,Museum,Park",-23.679513,-60.565098, https://reyes.com/ ,C0002863,Kent,Lopez,Kent Lopez,fsanchez@example.net,+1-885-302-9139,1946-02-20,F,Egypt,Cairo,"03936 Lisa Meadow Apt. 445, Cairo",QF 75209,es,,2024-05-08,False,BKG_000000495,2025-03-05,2025-02-11,2025-02-18,7,4,3,0,single,3,Agent,,True,2025-01-10,,1748.63,737.18,276.48,50.11,833.79,Paid,Debit Card,Booking.com,NO_PROMO,147.94,2025-10-18 03:43:30,2025-10-15 18:06:20,API,   ,REV_00000495,5,Material citizen reduce section team customer focus push.,Animal someone worry in executive maintain forget. Air career only environmental after wide how.,2024-11-21,78,False,Split,2025-01-28,Solo,double,APIGateway,2025-10-18 03:43:30,2025-10-15 18:06:20
H00258,Decker Group,Slovakia,Presov,Business Hotel,2,486,Restaurant,Financial along probably church almost. Now Mrs stock Congress within born upon first.,Historic Site,-58.175345,-171.126585,,C0004452,Peter,Patton,Peter Patton,virginia01@example.org,375.696.7819,1976-11-06,Other,Brazil,Salvador,"64091 Steven Route Apt. 503, Salvador",___,en,SILVER,2024-11-11,False,BKG_000000496,2024-10-24,2025-09-02,2025-09-02,1,2,0,1,suite,3,Mobile App,Extra bed,True,2025-06-28,Payment Failed,1916.38,259.5,123.89,75.13,1886.57,Failed,PayPal,Airbnb,,167.29,2025-01-27 20:41:00,2025-03-13 22:43:50,AGENT,Confirmed,REV_00000496,1,Student already vote whose others analysis strategy out.,Same him health. Senior party again more. Would direction floor spend.,2025-05-26,41,True,Rosario,2024-11-27,Business,double,CloudBooking,2025-01-27 20:41:00,2025-03-13 22:43:50
H00582,Contreras-Carter,Italy,Naples,Boutique,1,243,,Thought act power imagine size.,Historic Site,-35.193029,-171.242585,!!https://greene.com/,C0003519,Maria,Benton,Maria Benton,frogers@example.net,8934939614,1990-04-28,M,Germany,Cologne,"40311 Isabella Plain Suite 662, Cologne",QZ 65199,en,Silver,2025-02-16,   ,BKG_000000497,2025-08-21,2026-01-16,2026-01-23,7,3,2,0,suite,2,Mobile App,,True,,Hotel Closed,1395.89,819.05,70.24,96.8,746.5,Refunded,Cash,TRAVELAGENCY,,66.96,2024-03-02 13:12:33,2025-05-27 09:46:33,USER,Cancelled,REV_00000497,-1,Official space realize rest.,"Suffer seven term theory spring east. Water remember threat fall laugh range card.
Administration produce ok. Cultural hard floor society.",2025-10-18,41,True,Rosario,2025-07-17,Family,suite,LegacySystem,2024-03-02 13:12:33,2025-05-27 09:46:33
H00773,Logan-Turner,Saudi Arabia,Mecca,Business Hotel,2,293,Free WiFi,"After determine hotel. Page radio guess thousand drive.
Example husband true PM hot shake song.",Historic Site,-5.832389,-48.961352,http://martin.biz/,C0000385,Christopher,Anderson,Christopher Anderson,jacquelineibarra@example.net,+1-757-417-8305x63444,1975-06-09,M,France,Nice...,"6864 Shaw Streets Suite 134, Nice",IV 75292,de,Silver,2023-07-03,False,BKG_000000498,2025-09-24,2026-08-14,2026-08-23,9,3,1,1,double,1,Phone,No requests,False,,,1788.36,1290.63,,62.19,1323.52,Pending,Credit Card,Direct,NO_PROMO,34.72,2024-10-15 21:52:15,2025-08-23 04:43:44,SYSTEM,Confirmed,REV_00000498,3,Human continue prevent somebody voice respond game house.,Performance far often apply participant. Win seem cost condition start full hold.,2024-12-05,Ten,True,Mumbai,2024-11-09,Solo,double,MobileApp,2024-10-15 21:52:15,2025-08-23 04:43:44
H00363,Collins Group,Netherlands,Amsterdam,Budget Hotel,3,171,"Pool,Gym,Spa",Investment assume lose general suffer else. Treat mean another us tell.,Historic Site,-21.980676,-3.530992,https://williams.com/,C0001235,Adrian,Gray,Adrian Gray, hollycarter@example.net ,(606)601-4690x75996,1972-07-27,F,Norway,Trondheim,"9122 Sierra Mountain, Trondheim",IX 55709,tr,Silver,2023-04-04,False,BKG_000000499,2024-04-10,2026-06-27,2026-07-09,12,1,3,0,double,3,Mobile App,Extra bed,False,,,438.13,261.34,13.72,81.57,71.73,Failed,PayPal,TravelAgency,PROMO120,41.05,2025-05-10 00:19:56,2025-01-23 18:37:28,AGENT,Cancelled,REV_00000499,5,Now environment sport scene structure skill.,Late successful position above argue area. Total grow environment in. East feeling product ten.,2024-09-08,53,True,Leuven,2025-03-08,Couple,suite,APIGateway,2025-05-10 00:19:56,2025-01-23 18:37:28
H00357,Jones PLC,Turkey,Bursa, Budget Hotel ,2,253,"Pool,Gym,Spa",Name agent animal professional lead sometimes. Value parent little he practice drop.,Historic Site,-23.905408,130.646556,https://curtis-alvarez.com/,C0001201,Christy,Jackson,Christy Jackson,billy53@example.org,638.908.7910x90895,1987-03-26,Other,United Arab Emirates,Sharjah,"901 William Court Suite 785, Sharjah",SL 59209,fr,Gold,2023-12-26,False,BKG_000000500,2025-01-09,2025-01-03,2025-01-09,6,1,3,2,double,2,Agent,Late check-in,False,,,992.32,1116.91,140.85,79.0,377.74,Refunded,Credit Card,Direct,,77.1,2024-11-02 21:20:14,2025-02-07 07:08:19,SYSTEM,Pending,REV_00000500,2,School place teacher indicate.,Fish step morning. Buy run capital stay right. Deal one add scientist.,2025-07-03,23,True,Ankara,2025-07-12,Family,suite,CloudBooking,2024-11-02 21:20:14,2025-02-07 07:08:19
H00820,Allen Inc,Peru,Trujillo,City Hotel,5,135,"Pool,Gym,Spa",   ,Shopping Mall,-27.174442,-147.53534,http://rice-snow.com/,C0003484,Eric,___,Eric ___,zjohnson@example.com,674.973.5585x78864,1985-04-04,F,Slovakia,Kosice,"935 Ramirez Dale, Kosice",SY 32458,de,Bronze,2023-01-28,True,BKG_000000501,2023-11-02,2025-10-11,2025-10-16,5,1,3,0,suite,1,Agent,,True,2025-09-11,,302.71,972.54,295.21,37.4,41.34,Failed,PayPal,Booking.com,NO_PROMO,99.24,2024-12-29 16:06:30,2024-11-05 09:03:19,AGENT,Cancelled,REV_00000501,Ten,Reduce prevent particularly.,"World interview expert discuss security.
Work section save really. Stay partner military know sell be herself.",2024-10-13,77,TRUE,Berlin,2025-03-13,Leisure,   ,CloudBooking,2024-12-29 16:06:30,2024-11-05 09:03:19
H00277,"Hawkins, Carter and Salazar",???,,Budget Hotel,2,245,Free WiFi,Interview give him others form must figure level. moment themselves on wide teach.,Shopping Mall,-52.812053,87.637936,https://bryant-graves.com/,C0000729,Heather,wu,Heather wu,cherylcunningham@example.net,730.588.7556x23884,"Jan 32, 2025",Other,Peru,Trujillo,"774 Stephen Mill Suite 596, Trujillo",HM 11160,es,,2025-06-24,True,BKG_000000502,2025-08-03,2025-08-25,2025-08-29,4,4,1,2,suite,2,Mobile App,No requests,False,,,1025.13,71.39,156.14,86.78,1008.79,Paid,Cash,Booking.com,NO_PROMO,53.11,2023-12-23 03:16:12,0000-00-00,SYSTEM,!!Cancelled,REV_00000502,1,Room happen address instead.,"Surface maintain address. Occur region indicate walk maybe. Really animal direction figure they chair.
Choice answer language. Wind still per power.",2024-05-27,13,False,Warsaw,2025-01-14,Leisure,single,CloudBooking,2023-12-23 03:16:12,0000-00-00
H00695,"Moon, Thornton and Benitez",Spain,Barcelona,Business Hotel,1,66,Restaurant,Interesting wrong mind. Wear goal power card religious father.,"Beach,Museum,Park",-18.048418,74.966648,http://hudson.com/,C0003739,Briana,Jimenez,Briana Jimenez,johnsmith@example.net, (758)974-4915x40534 ,1972-12-16,Other,South Africa,Johannesburg,"524 Rivera Island, Johannesburg",TA 53940,tr,,2025-02-09,True,BKG_000000503,2025-09-03,2025-11-25,2025-12-05,10,4,2,2,suite,0,Agent,,True,2025-09-15,Payment Failed,583.17,794.54,208.2,-1,325.39,Refunded,PayPal,Airbnb...,NO_PROMO,78.42,2024-10-13 04:05:08,2025-01-19 10:17:34,???,Confirmed,REV_00000503,2,Weight keep professor brother.,Old onto peace generation star painting. True term you focus lay above artist likely. Past institution table financial debate. Speech still know his.,2024-05-31,88,True,Brno,2025-10-16,Solo,single,CloudBooking,2024-10-13 04:05:08,2025-01-19 10:17:34
H00800,"Davis, Martinez and Little",Denmark,Odense,Resort,5,84,Restaurant,House gas despite. Leg collection drug radio safe.,Shopping Mall,-72.100754,19.350185,https://carpenter.com/,C0000225,Brian,Edwards,Brian Edwards,kjames@example.com,593.814.0049x8336,1960-03-10,F,Hungary,Budapest,"40125 Jason Forges Apt. 146, Budapest",LI 94230,de,Silver,2024-09-20,True,BKG_000000504,2024-01-12,2026-09-17,2026-09-19,2,3,2,2,single,3,Phone,Late check-in,False,,,1629.26,225.83,7.15,39.3,1238.84,Paid,PayPal,Airbnb,,68.49,2024-01-03 06:56:51,2025-02-27 20:48:41,AGENT,Pending,REV_00000504,5,Popular affect build production water foreign.,Player impact professor that. Able yes style use east be. Fish main true leave.,2024-05-05,78,False,New York,2025-10-25,Couple,double,CloudBooking,2024-01-03 06:56:51,2025-02-27 20:48:41
H00407,"Hanson, Barton and Clark",Argentina,Buenos Aires,Budget Hotel,5,476,"Pool,Gym,Spa",Left relationship risk foreign number bad. Bit partner player hold ahead.,"Beach,Museum,Park",-7.909364,51.018762,https://www.johnson.biz/,C0003907,Derek,Parks,Derek Parks,rmann@example.com,617.229.3347x081,1985-02-24,???,Peru,Lima,"6215 Allen Summit, Lima",XI 90877,en,Gold,2023-02-16,True,BKG_000000505,2024-11-23,02/30/2025,2026-03-21,3,4,1,0,--,1,Agent,,False,,,1167.13,734.31,14.53,52.8,362.25,Pending,PayPal,TravelAgency,NO_PROMO,27.33,"Jan 32, 2025",2025-08-12 10:26:37,,Pending,REV_00000505,2,Ago seven her others coach worry.,I artist receive series indeed through. Policy everything compare window method police.,2025-06-05,4,True,Pecs,2025-04-14,Leisure,double,LegacySystem,"Jan 32, 2025",2025-08-12 10:26:37
H00971,"Lam, Long and Smith",Israel,,Business Hotel,1,193,"Pool,Gym,Spa",Hit mention three impact car education. Wrong attorney media painting.,"Beach,Museum,Park",10.862131,99.351447,https://www.beard-johnson.com/,C0000090,William,Mitchell,William Mitchell,jacquelinevasquez@example.com,798.824.1951,1980-10-08,Other,Kenya,Nakuru,"541 John Stravenue Suite 980, Nakuru",VZ 81733,es,Bronze,2024-11-26,True,BKG_000000506,2025-09-09,2026-01-28,2026-01-31,3,3,0,1,suite,1,Phone,,True,2024-11-16,Hotel Closed,1562.93,627.56,272.65,46.78,67.17,Pending,Cash,Airbnb,NO_PROMO,,2025-08-04 19:21:05,2024-11-22 17:19:51,USER,Pending,REV_00000506,3,Far wrong bag challenge doctor decade those.,Exactly sister store tree still. School stand institution prove voice by type. However somebody song central. Describe official establish most seek.,2025-04-24,96,False,Lima,2024-12-19,Leisure,suite,APIGateway,2025-08-04 19:21:05,2024-11-22 17:19:51
H00604,Singh-Kelley...,Morocco,Rabat,Business Hotel,5,339,"Pool,Gym,Spa",Even bad network floor decade current north thank.,Historic Site,-80.716032,-83.601703,http://www.anderson.com/,C0002019,William,Woods,!!William Woods,kim24@example.net,4802419711,1983-11-19,Other,Kenya,Kisumu,"92417 Ryan Cliffs, Kisumu",DA 64742,fr,Bronze,2025-02-10,False,BKG_000000507,2024-09-03,2025-01-12,2025-01-23,11,3,3,1,single,0,Phone,Late check-in,True,2025-06-30,No Show,1208.96,792.47,Ten,72.75,503.91,Pending,!!Debit Card,___,,75.4,2025-06-14 10:10:04,2024-11-06 18:53:51,API,Pending,REV_00000507,2,Movement move cover sign glass decide could.,Current various card story subject picture now together. Full beautiful executive media south.,2025-07-10,67,True,Shenzhen,2025-01-21,Business,single,MobileApp,2025-06-14 10:10:04,2024-11-06 18:53:51
H00223,Mayo-Gonzalez,Finland,Helsinki,Boutique,3,0,Restaurant,I interest although sea as often TV company. Rich treat you feeling capital.,"Beach,Museum,Park",83.319637,-102.392175,http://barrett.org/,C0000047,Douglas,Garza,Douglas Garza,chavezbrandon@example.com,376-542-1244x2132,1990-04-23,F,Nigeria,Abuja,"637 Dunn Path Apt. 433, Abuja",TO 92893,de,Platinum,2024-08-28,True,BKG_000000508,2025-02-18,2026-10-09,2026-10-13,4,4,Ten,0,double,3,Agent,No requests,True,2025-07-08,,1859.17,967.39,109.09,13.48,1658.16,Paid,Credit Card,Direct,PROMO765,93.32,2024-11-10 04:49:38,2025-05-29 18:56:48,SYSTEM,Confirmed,REV_00000508,1,School so return week.,Become by chair almost. Political hair worry shake drop information fish firm. Others then should share environment trade similar administration.,2024-02-28,6,True,Hiroshima,2025-08-19,Couple,double,CloudBooking,2024-11-10 04:49:38,2025-05-29 18:56:48
H00742,Johnson Ltd,Turkey,Antalya,Boutique,5,383,"Pool,Gym,Spa",Moment whether whether significant minute. Entire son along.,Historic Site,65.316713,107.148502,http://castillo.com/,C0002409,Kim,Oconnor,Kim Oconnor,test@,981.415.6574x1114,1958-06-02,F,Italy,Milan,"538 Riley Field, Milan",XU 71685,de,Platinum,2025-01-07,True,BKG_000000509,2024-05-09,2026-08-28,2026-09-07,10,3,2,1,double,3,Web,no requests,True,2025-06-24,,346.49,561.13,46.4,57.18,78.93,Pending,Debit Card,TravelAgency,NO_PROMO,86.77,2025-02-13 09:22:57,2025-05-04 00:23:35,API,Pending,REV_00000509,4,Until at available section.,Position top before. Tonight together may itself choose. Beyond the energy blue kitchen clear Mr there.,2024-10-01,81,True,,2025-09-26,Couple,double,LegacySystem,2025-02-13 09:22:57,2025-05-04 00:23:35
H00947,Ortiz-Buck,Colombia,Medellín,Luxury Hotel,3,297,Restaurant,Cost whatever training former sell best. Employee newspaper soldier east Mrs.,"beach,museum,park",38.577386,4.774252,http://meyer.com/,C0002807,Matthew,Hughes,Matthew Hughes,morrowpatricia@example.net,001-978-920-2875x7645,1988-12-15,Other,Ireland,Cork,"0233 Oneill Pines, Cork",EQ 49612,en,,2024-06-30,True,BKG_000000510,,2026-04-29,2026-05-09,10,2,0,2,???,3,Mobile App,,True,2025-08-03,Payment Failed,1324.28,292.69,131.26,-1,637.02,Failed,Cash,Booking.com,PROMO787,145.94,2025-01-31 12:09:05,2025-02-14 23:55:51,SYSTEM,Pending,REV_00000510,1,Democratic growth begin wear enter building common.,Student serve government than speech see whether. Material feel cold. Security blood science analysis strong.,2025-04-20,88,False,Arequipa,2025-10-14,Leisure,single,MobileApp,2025-01-31 12:09:05,2025-02-14 23:55:51
H00696,Davila-Boyd,Finland,Tampere,Business Hotel,2,359,"Pool,Gym,Spa",Field law born. You paper beat.,"Beach,Museum,Park",49.945102,-136.810281,https://www.gutierrez.com/,___,Mary,Miller,Mary Miller,ncampbell@example.net,001-779-695-1225,1989-07-20,M,___,Concepción,"70454 Amy Bypass, Concepción",ON 71355,de,Silver,2025-08-23,False,BKG_000000511,2024-01-26,2026-08-03,2026-08-14,11,2,9999,1,suite,2,Agent,Late check-in,True,2025-10-07,,73.0,283.7,8.71,11.72,47.31,Pending,Credit Card,TravelAgency,PROMO474,7.15,2024-09-15 05:55:18,2025-10-09 17:02:18,SYSTEM,Pending,REV_00000511,2,Beautiful development myself war music.,Recent piece stop research offer. When church glass ability part.,2025-01-18,49,True,Trondheim,2025-03-02,Solo,single,   ,2024-09-15 05:55:18,2025-10-09 17:02:18
H00892,"Morgan, Watkins and Kennedy",Austria,Linz,Boutique,5,207,Restaurant,Action picture culture team power wait range. Describe real watch. Nor cold general manage.,Historic Site,65.870078,-99.61914,http://smith-wells.com/,C0003977,Ashley,Chambers,Ashley Chambers,khill@example.org,711.816.2750x369,1960-11-09,M,Bulgaria,Varna,"61723 Christopher Valley Apt. 961, Varna",TH 44097,de,,2025-07-22,???,BKG_000000512,2024-01-14,2026-02-17,2026-02-24,7,4,3,1,,1,Web,,False,,,639.5,560.62,69.19,93.47,485.47,Refunded,Credit Card,Direct,NO_PROMO,144.91,2025-02-26 12:32:58,2025-10-21 08:15:50,SYSTEM,Confirmed,REV_00000512,3,Better theory me director throughout central.,Girl door meeting organization. Play huge idea hit beat wrong her. Thousand range peace reduce heart. Staff old teacher itself.,02/30/2025,57,True,Washington D.C.,2025-05-26,Couple,double,LegacySystem,2025-02-26 12:32:58,2025-10-21 08:15:50
H00521,   ,Switzerland,Bern,City Hotel,4,389,Free WiFi,Serious foreign everybody wait travel left summer. Should stay sort themselves offer.,Historic Site,-11.145135,-95.178971,http://fischer.com/,C0003534,Jose,Chavez,Jose Chavez,zhangdavid@example.org,+1-776-945-7394,1992-06-20,F,France,Nice,"57919 Kerr Meadows, Nice",JF 48165,es,Bronze,2023-03-09,True,BKG_000000513,2025-03-23,2025-05-22,2025-05-25,3,4,0,2,???,3,Web,No requests,False,,,987.72,384.39,191.85,74.82,519.16,Failed,PayPal,Booking.com,PROMO268,25.54,2024-04-04 21:41:41,2025-05-02 18:19:08,API,Cancelled,REV_00000513,3,Plan black help reduce action probably center.,"Very middle gas let live. Drug food successful. Open should hit story.
Television ever plant south place. Even lose school hit blue help.",2024-02-26,96,True,Plovdiv,2025-05-16,Solo,suite,CloudBooking,2024-04-04 21:41:41,2025-05-02 18:19:08
H00609,Caldwell-Johnson,Morocco, Rabat ,Luxury Hotel,5,441,Free WiFi,Conference beyond cell minute including. Any same their season.,Shopping Mall,82.667683,-1,http://www.carter-marks.org/,C0002249,Matthew, Barajas ,Matthew  Barajas ,daniellehorn@example.org,(381)466-2171x1854,1969-03-25,M,Vietnam,Hanoi,"59940 James Mountain, Hanoi",OE 93381,de,Platinum,2023-04-10,True,BKG_000000514,2024-08-27,2025-06-17,2025-06-30,13,4,3,0, double ,2,Agent,Late check-in,false,2025-07-29,,1956.72,1476.92,43.81,31.65,298.75,Pending,Cash,Airbnb,PROMO206,55.49,2024-01-10 11:15:58,2025-07-09 09:32:41,AGENT,Confirmed,REV_00000514,4,Price upon room husband she.,"Carry baby rich cell describe. Part enter machine career middle social.
Sort show move direction. Central simply so why particularly.",2024-12-10,66,True,LISBON,2025-05-13,Solo,suite,APIGateway,2024-01-10 11:15:58,2025-07-09 09:32:41
H00775,"Luna, Hess and Kim",Israel,Tel Aviv,Business Hotel,4,270,"Pool,Gym,Spa",Hour offer stay appear suffer doctor class tree. Human occur chair build left low last.,"Beach,Museum,Park",52.272232,48.522931,http://www.pruitt.com/,C0004594,Michael,Ortiz,Michael Ortiz,joseph26@example.net,!!001-919-542-4881x248,1971-05-04,M,Canada,Ottawa,"600 Wood Crescent, Ottawa",,es,Bronze,2025-02-22,False,BKG_000000515,2025-03-14,2025-02-13,2025-02-26,13,2,3,0,single,3,Phone,,False,,,244.94,1124.45,9999,99.79,154.3,Pending,Cash,Booking.com,PROMO602,20.22,2023-11-02 10:35:14,2025-01-01 05:41:05,USER,Confirmed,REV_00000515,2,Without off sit example major.,Position mention movie response three much list. Difference free its soon hospital husband amount. Reason leave against person move west mother.,2025-08-28,73,True,Beijing,2024-11-07,Family,single,APIGateway,2023-11-02 10:35:14,2025-01-01 05:41:05
H00944,MCLEAN-SAUNDERS,New Zealand,Auckland,Budget Hotel,5,327,Free WiFi,Media bank less. Foreign side meet team. Speech reflect high floor list southern up.,Shopping Mall,69.687712,29.789319,https://huff.info/,C0004049,Heather,Wells,Heather Wells,cindy97@example.org,334-254-1162x269,1960-02-02,M,Czech Republic,Brno,"75661 Felicia Loaf Suite 071, Brno",HX 11780,en,Silver,2023-10-17,True,BKG_000000516,2025-04-24,2025-07-08,2025-07-11,3,2,1,2,single,1,Web,???,True,2025-01-23,Payment Failed,664.4,104.42,298.51,35.91,373.55,Refunded,PayPal,Airbnb,,33.32,2024-04-03 08:55:20,2025-07-23 08:02:43,SYSTEM,Confirmed,REV_00000516,3,Station indeed over outside set contain tonight agent.,Soldier size attack find company per. Million full care interest win pressure. Home simple reach.,2025-07-13,61,True,Eindhoven,0000-00-00,Leisure,double,LegacySystem,2024-04-03 08:55:20,2025-07-23 08:02:43
H00015,"Anderson, Cook and Rodriguez",Saudi Arabia,Jeddah,???,5,383,Free WiFi,Impact item rest rate reduce. Production huge right member.,"Beach,Museum,Park",16.235184,,https://www.andersen-church.com/,C0002323,--,Leon,-- Leon,angela48@example.net,(943)889-8658x089,1981-12-11,F,South Africa,Cape Town,"336 Mason Plaza, Cape Town",LF 82513,de,Gold,2023-07-11,True,BKG_000000517,2024-05-04,2026-03-07,2026-03-11,4,1,1,1,double,3,Web,Extra bed,False,,,268.01,679.95,151.05,96.51,212.51,Failed,Debit Card,Booking.com,,120.53,2025-02-26 04:50:18,2024-11-05 18:27:33,USER,Confirmed,REV_00000517,4,Heavy fish same such strong rest computer.,   ,2025-02-13,0,False,Jakarta,2025-10-19,Solo,single,APIGateway,2025-02-26 04:50:18,2024-11-05 18:27:33
H00278,Floyd-Ray,United States,Washington D.C.,BUDGET HOTEL,5,396,"Pool,Gym,Spa",Much deal simple this total approach word. Indicate leg wear here able do.,Shopping Mall,-21.889151,112.232446,https://www.scott.info/,C0001778,Jordan,Carrillo,Jordan Carrillo,romeroshannon@example.net,346.784.6521x69584,1981-01-08,Other,Egypt,Alexandria,"6904 Haley Parks, Alexandria",XU 49517,en,Gold,2023-04-23,True,BKG_000000518,2024-01-03,2026-03-20,2026-03-27,7,4,3,1,suite,2,Phone,No requests,,,,1023.08,1097.97,115.24,57.15,51.69,Failed,debit card,Expedia,PROMO676,8.54,02/30/2025,2025-03-02 23:42:34,API, Confirmed ,REV_00000518,3,Watch newspaper they.,Professor election dark stand plan treat. Office become class responsibility specific. Role wall international.,2025-01-29,80,False,Perth,2025-07-24,,double,CloudBooking,02/30/2025,2025-03-02 23:42:34
H00780,"Grant, Bryan and Olson",Malaysia,George Town,Resort,5,464,Free WiFi,Resource part long. Threat include yard run network home theory.,Historic Site,,84.070358,https://www.wilson.biz/,C0001122,Michael,Black,Michael Black,mary46@example.com,123-456-7890,1979-01-25,Other,Colombia,Medellín,"48480 Maria Circles Apt. 646, Medellín",ZN 34053,de,,2023-12-09,True,BKG_000000519,2024-12-25,2025-09-25,2025-10-01,6,4,2,0,suite,1,Agent,,True,2025-07-01,???,942.16,812.26,259.38,75.55,62.56,Refunded,Debit Card,TravelAgency,,83.61,2024-10-20 17:04:11,2025-10-25 22:42:03,API,Confirmed,REV_00000519,2,Oil within already family stand.,Program offer bit major maintain eye we partner. Happy best man green dog. Face environment level establish decade write newspaper.,2025-02-16,10,True,New Delhi,2025-06-06,Family,suite,LegacySystem,2024-10-20 17:04:11,2025-10-25 22:42:03
H00910,Green Ltd,New Zealand,Hamilton,Resort,2,49,Restaurant,Movie door spend better act.,Shopping Mall,-47.256649,-124.218231,http://www.harper.info/,C0001463,Andrew,Bender,Andrew Bender,clementskristine@example.net,6397986732,1982-07-14,M,Norway,Stavanger,"8244 Bowman Ways, Stavanger",QF 68232,en,,2025-10-13,True,BKG_000000520,2025-09-07,2025-07-28,2025-08-10,13,3,1,1,single,1,Agent,Late check-in,True,2025-06-16,,870.27,289.76,262.31,12.94,343.49,Pending,PayPal,Booking.com,,186.93,2024-05-07 10:33:40,2025-08-10 15:06:13,AGENT,Confirmed,REV_00000520,1,Nor during drive lead major.,"Mr plan official stop put trade design. Involve sort dog.
Discuss campaign hospital less science.
Miss let know admit. What drive when popular.",2025-03-25,36,True,Sofia,2024-12-21,Leisure,single,APIGateway,2024-05-07 10:33:40,2025-08-10 15:06:13
H00146,"Short, Howard and Smith",Indonesia,Jakarta,Business Hotel,5,320,"Pool,Gym,Spa",Threat person small. Best none behavior before. Rock can condition yourself.,Historic Site,34.730298,-62.557053,http://mccullough-harris.com/,C0004401,Darrell,Huynh,Darrell Huynh,ericgoodman@example.org,915-845-2265x935,2000-08-04,M,Philippines,Cebu,"16870 Alexander Village, Cebu",FO 68713,es,Silver,2024-05-07,False,BKG_000000521,2025-05-29,2026-07-26,2026-07-28,2,2,2,Five,suite,1,Agent,No requests,True,2025-05-23,Customer Request,1914.55,965.62,29.39,21.23,1755.61,Failed,Cash,TravelAgency,PROMO794,197.33,2024-02-02 14:45:53,2025-05-04 06:04:07,AGENT,cancelled,REV_00000521,4,Eye article box.,"Imagine newspaper take same degree picture although.
International heavy air ahead similar. Religious purpose tree place subject memory nor.",2024-08-10,15,False,Jerusalem,2025-05-04,Solo,suite,APIGateway,2024-02-02 14:45:53,2025-05-04 06:04:07
H00655,Ward-Wright,Philippines,Davao,City Hotel,2,360,"Pool,Gym,Spa",Necessary better table level ability Mrs. Measure start glass reason travel.,"Beach,Museum,Park",-38.656794,-99.773776,https://coffey.net/,C0004717,Seth,Perez,Seth Perez,raytiffany@example.net,+1-452-997-1804x577,1957-02-07,M,Turkey,Antalya,"87711 Anderson Viaduct Apt. 333, Antalya",NZ 86005,es,Bronze,2023-06-05,False,BKG_000000522,2024-01-11,2025-10-04,2025-10-17,,2,3,0,single,2,Web,,False,,,279.17,1393.82,37.34,36.2,64.14,Refunded,Debit Card,Direct,No_promo,97.0,2024-01-20 17:56:46,2025-10-17 07:45:10,USER,Pending,REV_00000522,1,Speak financial particular character western put.,Born growth language worry whatever phone space career. Not next sit to bed college part. Good skin month trade. Offer research college story.,2024-03-23,39,False,Rhodes,2024-12-30,Family,double,MobileApp,2024-01-20 17:56:46,2025-10-17 07:45:10
H00406,Sullivan PLC,Turkey,Izmir...,Boutique,1,300,Restaurant,Down cover character economy improve hold. Color daughter economic two according natural.,Shopping Mall,-21.02856,-26.844737,https://www.brown-morales.net/,C0002092,John,Riley,John Riley,blevinsrobert@example.net,857.601.2826,1983-04-30,Other,Malaysia,Malacca,"447 Patricia Garden, Malacca",KD 23354,tr,,2025-08-31,False,BKG_000000523,2023-12-13,2025-06-10,2025-06-16,6,4,3,1,suite,2,Mobile App,Late check-in,True,2024-12-27,Customer Request,677.83,Ten,232.52,51.31,584.35,Paid,Credit Card,   ,NO_PROMO,153.04,2024-03-26 06:24:58,2025-08-19 14:51:53,SYSTEM,Pending,REV_00000523,1,Contain usually live exactly....,"Stage drug report possible man stock.
Value Mr game door listen reduce not. Recently impact ground long.",2023-12-19,36,False,Trujillo,2024-11-10,Family,,CloudBooking,2024-03-26 06:24:58,2025-08-19 14:51:53
H00067,"Roberts, Byrd and Garrett",Denmark,Aarhus,Business Hotel,3,267,Restaurant,Phone wait own reach effect course. Large reason far property south office cost show.,Shopping Mall,-45.722057,-15.522818,http://www.york.com/,C0000797,Brittany,Huff,Brittany Huff,ctaylor@example.com,(766)888-5447x88550,1958-03-27,M,Malaysia,Malacca,"98585 Gavin Mews, Malacca",HK 75285,tr,Gold,2025-01-17,False,BKG_000000524,2024-12-27,2026-09-03,2026-09-04,1,2,1,2,double,3,Web,No requests,False,,,1468.04,684.17,291.96,58.34,1063.93,Paid,PayPal,Booking.com,NO_PROMO,195.44,2024-10-02 08:49:49,2025-03-11 07:19:55,USER,Confirmed,REV_00000524,4,Station day cold education so factor defense.,Relate performance nation true I investment.,2023-11-14,99,False,Geneva,2025-10-06,Leisure,suite,APIGateway,2024-10-02 08:49:49,2025-03-11 07:19:55
H00751,"Bowman, Jones and Padilla",Indonesia,Bali,Budget Hotel,4,168,Restaurant,Garden audience resource like. Lawyer talk where economy.,Historic Site,-76.555614,60.521477,http://davis.org/,C0004907,Mark,Juarez,Mark Juarez,bradfordnathan@example.org,000-000-0000,1960-10-23,F,Switzerland,Zurich,"48694 Harvey Square, Zurich",GY 28459,de,Silver,2023-03-25,False,BKG_000000525,2024-12-30,2025-02-10,2025-02-21,11,1,3,2,suite,3,Mobile App,Extra bed,True,2025-05-31,,1738.84,911.76,115.35,92.29,425.57,Paid,PayPal,Direct,NO_PROMO,137.95,2025-05-06 21:09:42,2025-04-12 07:21:30,API,Confirmed,REV_00000525,3,Determine mention note he those music action.,Reality similar any phone time. Grow must there wide assume nearly whether. Method bad town onto rise.,,45,True,Stuttgart,2025-02-03,Couple,suite,CloudBooking,2025-05-06 21:09:42,2025-04-12 07:21:30
H00134,"Harper, Arnold and Roman",Finland,Tampere,Boutique,3,55,Restaurant,Matter PM third particular next. Prevent game although build. Guy material carry rule.,"Beach,Museum,Park",-24.747397,117.333803,https://www.west-ballard.com/,C0000466,Jordan,Perez,Jordan Perez,rickeypadilla@example.org,369-859-0711,1998-11-27,M,Slovakia,Kosice,"48166 Dawson Road, Kosice",FC 31411,fr,Gold,2023-01-17,False,BKG_000000526,2024-06-02,2025-04-12,2025-04-25,13,3,3,0,double,2,Phone,,False,,,307.58,592.54,109.26,92.88,306.11,Failed,Cash,Booking.com,,129.6,2024-03-28 01:28:32,2025-07-06 22:59:28,USER,Cancelled,REV_00000526,4,Action place pick focus car standard hundred.,"Radio process simple administration. Positive save character he.
Seem kitchen audience live house return. Throw way catch system.",2024-04-26,92,False,Nice,2025-02-14,Couple,double,CloudBooking,2024-03-28 01:28:32,2025-07-06 22:59:28
H00835,"Miller, Sullivan and Johnson",Kenya,Kisumu,Budget Hotel,5,373,"Pool,Gym,Spa",Edge often kind. Personal civil technology deal behavior suddenly.,Historic Site,Five,48.626976,,C0003965,David,Lyons,David Lyons,cynthia13@example.org,+1-230-224-4463,2003-11-28,Other,Germany,Berlin,"83099 Marsh Motorway Apt. 438, Berlin",SN 12229,en,,2024-04-11,True,BKG_000000527,2025-09-07,2026-01-05,2026-01-14,9,3,2,2,suite,3,Agent,No requests,False,,,195.56,956.51,207.23,44.42,120.53,Refunded,Credit Card,Expedia,PROMO963,90.39,2023-13-01,2025-06-07 20:56:58,USER,Cancelled,REV_00000527,5,Television speech whom trial beyond face.,Actually southern finish seek threat. Along hot officer. Fine listen from miss.,2025-06-21,50,False,Athens,2025-04-23,Solo,___,CloudBooking,2023-13-01,2025-06-07 20:56:58
!!H00737,"Gentry, Alvarez and Fisher",Egypt,Giza,Resort,3,500,Restaurant,Yourself benefit air sea. Remember art special my. Character wait draw become join street market.,"Beach,Museum,Park",-82.906081,-175.969865,http://mcdaniel-frederick.com/,C0003561,Christina,Thompson,Christina Thompson,tina60@example.net,+1-561-506-0058x633,1950-07-14,Other,Chile,Viña del Mar,"17193 Cameron Hill, Viña del Mar",LA 65453,fr,Silver,2025-03-04,False,BKG_000000528,2025-07-31,2026-08-14,2026-08-21,7,4,1,2,double,3,Mobile App,Late check-in,False,,,1732.61,139.26,72.29,97.9,596.71,Pending,Cash,Airbnb,NO_PROMO,0,!!2024-04-22 17:29:06,2025-07-16 22:24:45,API,Cancelled,REV_00000528,3,Get compare much environmental yes.,Break suggest play how parent listen never treat. Both born board even we.,2024-09-19,93,True,Cologne,2025-02-23,Solo,suite,CloudBooking,!!2024-04-22 17:29:06,2025-07-16 22:24:45
!!H00282,Howard and Sons,Singapore,Singapore,City Hotel,5,493,Free WiFi,Traditional former main truth into. Level care establish enjoy modern.,"Beach,Museum,Park",-53.945396,-29.225545,http://www.smith-smith.com/,C0001821,Nathan,Andersen,Nathan Andersen,jonathan04@example.com,+1-798-955-9889x487,2007-09-29,Other,Romania,Cluj-Napoca,"6127 Valdez Neck Apt. 321, Cluj-Napoca",MK 19605,tr,Gold,2023-09-28,False,BKG_000000529,2025-09-07,2025-10-05,2025-10-11,6,2,2,2,suite,1,Phone,Late check-in,False,,,1105.8,337.37,292.5,44.76,863.48,Failed,Credit Card,TravelAgency,PROMO870,59.92,2024-09-21 06:43:05,2025-06-16 17:09:43,API,Cancelled,REV_00000529,3,Choice show son will write address ask.,White go nation middle area thought. Reach manager meet cause nature hand.,2025-02-09,0,False,,2025-04-17,Leisure,single,CloudBooking,2024-09-21 06:43:05,2025-06-16 17:09:43
H00038,Ramirez-Coleman,Philippines,Davao,Business Hotel,4,173,"Pool,Gym,Spa",Government husband care study. Offer quickly treatment finally toward your.,"Beach,Museum,Park",-10.603467,-117.879387,http://www.smith-miller.net/,C0004467,Nicole,___,Nicole ___,anicholson@example.com, 7715969771 ,1946-02-04,Other,Greece,Rhodes,"4158 Herman Vista Apt. 012, Rhodes",CW 72553,en,Platinum,2024-10-30,True,BKG_000000530,2023-11-27,2025-04-08,2025-04-16,8,4,2,2,double,3,Agent,Extra bed,False,,,,328.51,192.26,76.01,0,Failed,Cash,TravelAgency,NO_PROMO,0,2024-11-13 03:01:17,2025-02-04 17:50:38,API,Pending,REV_00000530,2,Tough step say company whole against.,Indeed imagine huge movie central.,2025-04-12,76,False,Granada,2025-07-14,Leisure,suite,CloudBooking,2024-11-13 03:01:17,2025-02-04 17:50:38
H00739,Castro Ltd,--,Beijing,Luxury Hotel,1,,Free WiFi,"General all boy themselves. Box same his current.
Draw firm education across professor.",Shopping Mall,-36.029786,-44.525415,http://www.vance.biz/,C0000502,Laura,Jennings,Laura Jennings,ashley78@example.com,+1-566-865-9175x778,1957-11-13,F,Malaysia,Johor Bahru,"43821 Adams Harbors Apt. 567, Johor Bahru",KT 80163,tr,Bronze,2024-11-17,False,BKG_000000531,2025-04-22,2026-07-06,2026-07-12,6,Five,2,2,single,2,Phone,Extra bed,False,,,1945.52,600.63,91.63,25.43,1939.56,Pending,Debit Card,Direct,NO_PROMO,,2024-09-18 16:15:05,2025-04-20 16:32:20,AGENT,Pending,REV_00000531,2,Want popular light PM society.,Firm however similar smile mention play lead. Continue college hot class power lot compare religious.,2024-05-10,32,True,Stockholm,2024-11-13,Solo,suite,LegacySystem,2024-09-18 16:15:05,2025-04-20 16:32:20
H00424,Sanchez PLC,Malaysia,George Town,City Hotel,2,161,Free WiFi,Look real American modern none dark nothing. Film gas recently all buy thus sit cover.,"Beach,Museum,Park",-11.569753,52.411724,https://www.long.org/,C0000587,Maria,May,Maria May,franklincynthia@example.net,(637)465-9086,2001-11-18,Other,Vietnam,Hanoi,"33125 Cannon Locks, Hanoi",VV 81069,fr,,2024-01-18,True,BKG_000000532,2025-07-27,2025-01-30,2025-01-30,1,1,0,2,single,2,Mobile App,Extra bed,True,2025-04-16,Customer Request,727.5,735.24,45.33,96.79,305.06,Failed,Debit Card,,PROMO865,181.32,2025-10-30 12:52:43,2024-11-16 18:19:13,AGENT,Pending...,REV_00000532,3,Than public necessary join nature size.,"System compare model share off matter.
Wide baby future. Financial enter plan him. Only rise simply.",2024-01-14,100,False,Lima,2025-09-24,Business,double,APIGateway,2025-10-30 12:52:43,2024-11-16 18:19:13
H00798,"Richardson, Fisher and Mckee",Canada,Montreal,Business Hotel,Ten,376,"Pool,Gym,Spa",Those north field. Contain organization purpose nice ability power.,Shopping Mall,-78.592178,-166.360352,https://www.kelly.info/,C0003703,Dustin,Anderson,Dustin Anderson,cdoyle@example.org,967-678-5318x95905,1981-06-27,Other,South Korea,Daegu,"26398 Michelle Prairie Apt. 564, Daegu",FR 14187,es,,2025-09-26,False,BKG_000000533,2025-07-24,2025-09-28,2025-10-06,8,4,1,0,single,2,Phone,,True,2025-01-05,Customer Request,275.58,343.01,212.85,57.81,133.12,Refunded,PayPal,Airbnb,,123.34,2024-12-15 00:24:56,2025-02-10 02:21:31,USER,Confirmed,REV_00000533,5,Bank indeed rock from cut player few.,Medical parent anything practice so most authority difference. Pattern might thus seven artist wide PM. Just network word cup book.,2024-04-21,44,False,Stavanger,2025-07-18,Family,double,LegacySystem,2024-12-15 00:24:56,2025-02-10 02:21:31
H00417,!!Long-Jackson,Hungary,Szeged,Boutique,1,152,Restaurant,Important individual gas environmental present. Phone tend radio management public theory century.,"Beach,Museum,Park",,165.518593,http://atkins-smith.info/,C0000786,Robert,Doyle,Robert Doyle,hamptonashlee@example.org,+1-735-581-0807x436,1945-08-08,!!F,,Luxor,"627 Reed Shoals Apt. 513, Luxor",DT 72660, de ,,2025-01-18,False,BKG_000000534,2023-11-17,2025-12-11,2025-12-14,3,4,1,1,single,3,Phone,Extra bed,True,2025-06-01,Payment Failed,128.64,892.77,113.87,93.2,74.05,Paid,PayPal,TravelAgency,,95.89,2024-08-30 12:17:45,2025-08-06 13:20:39,AGENT,Cancelled,REV_00000534,9999,Laugh wind most sell history.,Tell major management life by certainly particularly. Low quite claim would bar million.,2023-12-23,5,False,Hamburg,2025-07-11,Solo,,LegacySystem,2024-08-30 12:17:45,2025-08-06 13:20:39
H00971,___,Egypt,Cairo,Boutique,1,483,Restaurant,Live during civil my effect other key. While term away lay final.,Shopping Mall,-68.743825,76.208357,http://www.spencer.net/,C0002276,Robert,Weber,Robert Weber,jlove@example.com,(840)659-5078,1978-09-24,Other,India,Chennai,"981 Juan Green Apt. 487, Chennai",RB 24828,fr,Gold,2023-01-17,True,BKG_000000535,2025-01-02,2025-05-14,2025-05-22,8,1,Five,2,double,3,Web,,False,,,159.55,970.92,40.9,35.9,80.31,Refunded,Credit Card,Direct,PROMO395,121.67,2024-04-07 17:58:32,2025-08-02 13:22:04,AGENT,Cancelled,REV_00000535,2,Control truth wonder and task.,Such campaign throughout increase. Moment care tonight seek place book bed require. Plant new send same outside green.,2024-07-22,3,False,Calgary,2025-05-22,Solo,single,MobileApp,2024-04-07 17:58:32,2025-08-02 13:22:04
H00331,,Singapore,Singapore,Boutique,4,354,Free WiFi,Research thank garden radio. Manage group real. Decade day hot threat.,Shopping Mall,-58.370298,91.741236,http://fowler.com/,C0001689,Mary,Sims,Mary Sims,watkinsallison@example.com,404-418-1483,1967-06-01,Other,Turkey,Izmir,"71271 Kathleen Plaza Apt. 285, Izmir", XY 90838 ,es,,2023-03-10,True,BKG_000000536,2024-09-20,2025-10-27,2025-10-31,Five,1,0,0,suite,1,Agent,No requests,False,,,301.22,196.62,232.63,90.06,235.87,Pending,Cash,Expedia,NO_PROMO,48.95,2025-07-17 23:27:16,2025-03-25 20:51:00,SYSTEM,Pending,REV_00000536,5,Police eat certain particular.,Or line loss member direction. Camera authority role white represent.,2024-05-13,17,False,Medina,2025-03-24,Business,single,CloudBooking,2025-07-17 23:27:16,2025-03-25 20:51:00
H00183,,Nigeria,Lagos,City Hotel,5,269,Restaurant,Focus wonder nice natural. Describe or better drop traditional.,"Beach,Museum,Park",86.660553,-157.763139,https://www.jones-reeves.info/,C0002175,David,Hodges,David Hodges,joyce72@example.com,(426)813-5995,1988-09-14,F,Slovakia,Kosice,"40814 Timothy Brooks, Kosice",XC 10391,de,Bronze,2024-10-14,True,BKG_000000537,2025-02-03,2025-02-28,2025-03-10,10,3,3,2,single,3,MOBILE APP,No requests,True,2025-04-08,Customer Request,390.83,1242.29,111.29,52.73,358.2,Paid,Credit Card,Booking.com,PROMO794,129.46,2024-11-12 18:50:02,2024-12-23 13:45:43,USER,Confirmed,REV_00000537,2,???,???,2025-06-24,77,False,Singapore,2024-11-11,Business,suite,APIGateway,2024-11-12 18:50:02,2024-12-23 13:45:43
H00183,Hart Ltd,Belgium,Ghent,Budget Hotel,1,157,Restaurant,Travel sign deep list campaign successful.,Historic Site,-54.431548,-133.879552,https://www.johnson-dunlap.com/,C0004371,Jason,Ward,Jason Ward,rjones@example.net,981.915.6059,1975-06-22,Other,Ireland,Limerick,"5453 Timothy Corners, Limerick",ZT 43702,   ,,2024-01-20,True,BKG_000000538,2024-10-22,2025-07-14,2025-07-19,5,1,1,1,single,1,Mobile App,No requests,True,2025-09-30,Customer Request,1746.8,752.97,217.22,12.94,476.33,Paid,PayPal,Booking.com,NO_PROMO,147.75,2025-09-28 16:20:14,2025-03-13 15:42:26,AGENT,Confirmed,REV_00000538,1,Push country travel current structure never.,Body officer window teacher writer wife. Back along likely notice relationship. Town fire bad.,2025-01-12,91,True,Montreal,2024-12-17,Leisure,double,MobileApp,2025-09-28 16:20:14,2025-03-13 15:42:26
H00022,Vargas PLC,Saudi Arabia,Mecca,Resort,4,165,Restaurant,"True office threat eye who movement pass. Film painting money nothing.
Detail section develop.","Beach,Museum,Park",-12.367428,35.466936,https://salazar.com/,C0004997,Dawn,Salazar,Dawn Salazar,halljoe@example.com,001-230-854-0816x127,1946-01-17,F,Bulgaria,Varna,"69266 Mary Branch, Varna",PZ 25121,,Platinum,2023-05-23,False,BKG_000000539,2024-02-04,2025-01-08,2025-01-11,3,2,0,2,suite,1,Phone,Late check-in,,,,805.96,,169.48,23.92,Ten,Failed,Cash,TravelAgency,PROMO216,34.04,2025-03-07 22:12:37,2025-02-23 22:18:25,--,Pending,REV_00000539,5,Must wide authority although authority.,Strategy measure second field. Mouth region information dog. Run air itself we society color fall serious.,2025-01-21,58,True,Leuven,2025-05-05,Family,double,APIGateway,2025-03-07 22:12:37,2025-02-23 22:18:25
H00496,Sanchez-Jackson,Colombia,Barranquilla,Business Hotel,5,157,Restaurant,Edge mother single no fast fear. Federal use five party much. Away high blue itself compare.,Historic Site,84.863388,-29.476155,http://evans.com/,C0000179,Kylie,Wilson,Kylie Wilson,mariakelley@example.com,(460)903-8171x2778,2007-07-26,M,Norway,Bergen,"82259 James Heights, Bergen",PL 68502,fr,,2023-07-03,True,BKG_000000540,2023-11-16,2025-12-20,2025-12-20,0,3,,1,single,3,Web,Extra bed,False,,,706.28,1454.7,98.04,99.67,301.42,Refunded,Credit Card,Airbnb,PROMO975,35.02,2024-07-28 04:47:19,2025-03-24 17:20:48,USER,Cancelled,REV_00000540,9999,Those citizen personal there....,By before myself age impact campaign.,,78,True,Espoo,2025-01-27,Solo,suite,LegacySystem,2024-07-28 04:47:19,2025-03-24 17:20:48
H00898,Fields-Davis,Serbia,Nis,Business Hotel,5,265,Free WiFi,International space cup conference up true major. May light class person machine morning agree.,Historic Site,15.462933,80.019475,https://jordan.com/,___,Samuel,Robbins,Samuel Robbins,james49@example.org,404.443.9258x85615,1985-12-08,F,Switzerland,Zurich,"33454 Berry Circles, Zurich",FK 35707,fr,Bronze,2025-09-10,False,BKG_000000541,2025-09-04,2025-02-03,2025-02-14,11,4,2,2,double,3,Mobile App,, True ,2025-08-13,Payment Failed,722.71,1305.26,67.46,46.18,196.49,Pending,PayPal,Direct,NO_PROMO,9999,2025-01-24 03:34:58,2025-06-17 23:29:17,USER,Cancelled,REV_00000541,2,Floor see physical mind big throughout condition.,"Carry environment student. Painting sing contain central civil.
Fight perform when fly spring year.",2024-01-26,93,False,Haifa,2025-03-08,Family,single,LegacySystem,2025-01-24 03:34:58,2025-06-17 23:29:17
H00273,"Miller, Ray and Burke",Peru,Arequipa,Luxury Hotel,3,216,Restaurant,Tend away art piece until. Perhaps not model brother century.,Shopping Mall,-12.048336,138.036092,http://www.martinez.com/,C0002485,Anthony,Edwards,Anthony Edwards,stephanie72@example.com,309-674-2845x2645,1950-04-06,F,Portugal,Braga,"61179 Heath Ridges, Braga",TC 63396,tr,,2024-04-03,False,BKG_000000542,2025-09-03,2025-02-27,2025-03-03,4,2,0,1,suite,3,Web,Late check-in,False,,,1480.95,589.75,271.82,22.32,536.63,Paid,Cash,TravelAgency,PROMO663,199.6,2024-02-11 23:11:39,2025-02-07 19:24:42,API,Cancelled,REV_00000542,2,Southern set car general.,Lawyer group account. Attention through seat often take cell. Tough friend TV blue hospital a institution.,2023-11-19,57,True,Salzburg,2025-07-18,Solo,single,MobileApp,2024-02-11 23:11:39,2025-02-07 19:24:42
H00646,Haas-Morgan,Chile,Santiago,Business Hotel,1,312,Free WiFi,"Federal sort TV.
Year understand bag win. Enough sport push security themselves.","Beach,Museum,Park",0,166.823863,https://smith-mason.com/,C0004333,Christina,Jones,Christina Jones,timothy59@example.com,589.391.2168,1956-09-18,Other,Bulgaria,Varna,"96769 Juan Trafficway Suite 238, Varna",MW 20719,FR,Silver,2022-12-15,False,BKG_000000543,2023-12-08,2025-11-27,2025-12-04,7,3,0,2,single,2,Web,Late check-in,False,,,218.27,1102.33,92.9,64.35,135.92,Failed,Debit Card,Booking.com,!!,134.2,2025-09-21 18:21:06,2025-05-04 05:18:14,SYSTEM,Pending,REV_00000543,2,Type event senior early throughout better kid.,--,2024-10-07,89,False,Rabat,2025-09-01,Family,double,APIGateway,2025-09-21 18:21:06,2025-05-04 05:18:14
H00833,"King, Wilkerson and Douglas",United States,San Francisco,Budget Hotel,5,396,"Pool,Gym,Spa",Sea more collection heavy reach nice lawyer.,"Beach,Museum,Park",16.614757,-9.202872,___,C0001441,Dana,Jackson,   ,angela88@example.net,001-353-521-3978x33975,1963-06-03,F,Israel,Haifa,"048 Alyssa Way, Haifa",ZD 45547,es,Gold,2025-01-03,True,BKG_000000544,2025-03-12,2025-03-31,2025-04-03,3,2,2,0,single,1,Agent,,False,,,909.94,623.59,240.54,53.51,90.82,Paid,PayPal,Airbnb,,160.79,2025-01-10 09:01:16  ,2025-10-09 23:42:54,USER,Cancelled,REV_00000544,2,Country sea girl society human sometimes plan.,Mean record why often section. But lay much explain sound pick national. Newspaper participant son success list offer.,2024-11-25,84,True,Linköping,2025-02-03,Solo,double,APIGateway,2025-01-10 09:01:16  ,2025-10-09 23:42:54
H00988,"Sandoval, Williams and Bradley",Germany,Frankfurt,City Hotel,Ten,305,Restaurant,Create phone talk government. Soon than pull though daughter. Us film answer sign.,Historic Site,-6.559642,-113.412974,http://wyatt.com/,C0004387,Kevin,Parks,Kevin Parks,melissa39@example.net,000-000-0000,1957-10-07,Other,Nigeria,Abuja,"27058 Amanda Field, Abuja",QC 82820,fr,Bronze,2022-11-05,True,BKG_000000545,2024-11-27,2025-05-06,2025-05-15,9,2,0,0,double,2,Mobile App,Extra bed,True,2025-01-23,,1694.78,609.89,51.09,77.54,1240.66,Pending,Credit Card,TravelAgency,PROMO181,90.55,2024-03-13 16:41:37,2024-11-16 19:06:39,SYSTEM,Confirmed,REV_00000545,5,Recognize but name star.,Property stuff situation glass people make. Carry management person measure memory wear.,2024-08-09,52,False,Buenos Aires,2024-11-23,Business,single,MobileApp,2024-03-13 16:41:37,2024-11-16 19:06:39
H00047,Edwards Inc,United Kingdom,Birmingham,Luxury Hotel,4,333,Free WiFi,Entire involve feeling ready feeling. Important suddenly now. Goal source type look.,Historic Site,49.626183,110.564456,https://gonzalez-cooper.com/,C0003191,Damon,Dickerson,Damon Dickerson,dana08@example.net,857-619-3833x9009,1979-11-13,Other,United Arab Emirates,Dubai,"27881 Laurie Shoal, Dubai",CO 44823,de,Bronze,2023-10-23,True,BKG_000000546,,2025-07-08,2025-07-17,9,2,0,1,single,2,Mobile App,,True,2025-03-17,Hotel Closed,1085.36,632.62,210.01,26.62,492.66,Paid,Credit Card,TravelAgency,PROMO702,78.32,2024-01-03 13:56:34,2024-12-14 16:14:08,USER,Pending,REV_00000546,1,They increase fish front field.,Hair onto responsibility bad senior foreign clearly. Business cost our boy rich.,2024-03-19,7,True,Hamilton,2025-08-29,Couple,suite,APIGateway,2024-01-03 13:56:34,2024-12-14 16:14:08
H00833,Campbell PLC,Romania,Timisoara,City Hotel,2,488,Restaurant,"Appear rather determine beyond next.
Month something capital voice important north.",Shopping Mall,6.098327,-23.008252,https://www.richards.org/,C0001212,Wayne,Torres,Wayne Torres,marvin53@example.org,(797)488-3673x7439,1977-08-14,F,Vietnam,Ho Chi Minh City,"61443 Savage Glen, Ho Chi Minh City",QO 22653,es,Bronze,2025-05-16,False,BKG_000000547,2024-08-09,2026-01-23,2026-02-02,10,1,3,1,double,2,Web,No requests,False,,,1884.1,1392.35,49.57,90.37,951.42,Failed,Credit Card,Direct,,195.03,2024-07-12 17:50:27,2024-11-07 01:22:35,SYSTEM,Pending,REV_00000547,3,Social animal respond suffer dinner rise.,"Though entire cost expert affect six. Opportunity time size experience expect pattern computer.
Firm score decide which save sure draw.",2025-04-28,64,False,,2025-04-10,Couple,suite,CloudBooking,2024-07-12 17:50:27,2024-11-07 01:22:35
H00506,Anderson LLC,Israel,Tel Aviv,Boutique,2,32,"Pool,Gym,Spa",Guy add eye. Forget star light left.,Historic Site,85.512884,-17.778266,https://www.wilson-mcknight.com/...,C0004414,Amy,Jensen,Amy Jensen,brownthomas@example.org,812-664-7371,1968-01-21,F,Brazil,Rio de Janeiro,"389 Mills Loaf Suite 877, Rio de Janeiro",PV 74074,tr,Gold,2022-11-08,True,BKG_000000548,2025-03-13,2026-02-12,2026-02-15,3,4,1,1,suite,1,Phone,,False,,,1445.36,1095.36,56.77,4.2,122.03,Failed,Debit Card,TravelAgency,PROMO521,Ten,2023-11-27 04:55:56,2025-01-25 13:40:17,USER,Cancelled,REV_00000548,3,Pm draw I send send Republican.,"sense accept guy open throw home involve. general exist thought food plan resource.
medical someone remain he next. note set under before idea.",2024-12-25,6,False,Hamburg,2025-01-19,Couple,suite,LegacySystem,2023-11-27 04:55:56,2025-01-25 13:40:17
H00329,Hudson Ltd,Nigeria,Abuja,Boutique,1,151,Restaurant,Option over dinner past. Fall relationship land. Open under official especially low perform idea.,Historic Site,-52.606894,-130.118779,https://thomas-cantu.biz/,C0000118,Arthur,Montgomery,Arthur Montgomery,kennethhester@example.net,123-456-7890,1968-11-15  ,Other,Switzerland,Lausanne,"34569 Morales Glen, Lausanne",QG 41928,tr,Bronze,2023-01-09,False,BKG_000000549,2024-09-28,2025-09-08,2025-09-21,13,4,0,2,double,2,Phone,Extra bed,False,,,1547.78,1287.28,0,6.8,600.55,Failed,Debit Card,Airbnb,PROMO303,29.72,2024-10-03 12:46:28,2025-07-22 14:04:55,API,Pending,REV_00000549,2,Amount prepare since develop.,Perform free far local. Fast miss western today bar. Company play nor fine past season recognize.,2025-05-22,51,False,Sydney,2025-06-13,Couple,single,LegacySystem,2024-10-03 12:46:28,2025-07-22 14:04:55
H00631,"Hill, Donovan and Vazquez",Ireland,Dublin,Budget Hotel,4,181,"Pool,Gym,Spa",Experience wide even. Tend truth situation. Figure cause defense hit.,Shopping Mall,43.649627,168.034044,https://www.tucker.com/,C0001223,Laura,Donaldson,Laura Donaldson,user@.com,976-832-7068,2003-09-07,M,Mexico...,Puebla,"02920 Alice Valley Apt. 644, Puebla",YM 63488,fr,Bronze,2024-06-04,FALSE,BKG_000000550,2024-03-28,2026-10-19,2026-10-19,1,2,1,1,single,1,Mobile App,,False,,,1451.2,1235.06,112.68,95.33,Five,Refunded,PayPal,Expedia,,156.88,2024-06-21 09:38:40,2025-08-09 01:28:43,AGENT,Pending,REV_00000550,2,Treat drop box data front.,Building purpose see listen professional four sign. Light state gas west. Article seek sure full. Prepare art better natural physical organization.,2024-10-05,81,True,Salzburg,2025-04-09,Leisure,double,MobileApp,2024-06-21 09:38:40,2025-08-09 01:28:43
H00904,Robbins-Hughes,Belgium,Antwerp,Resort,1,334,Free WiFi,His garden oil different else second.,"Beach,museum,park",-0.278949,177.915735,http://www.coleman-hayes.info/,C0001859,--,Mendoza,-- Mendoza,gary48@example.com,9834193963,1977-12-15,M,Serbia,Subotica,"6720 Douglas Ports Apt. 382, Subotica",   ,es,Silver,2025-05-17,False,BKG_000000551,2025-06-29,2025-08-07,2025-08-16,9,2,2,0,double,2,Agent,Extra bed,True,2025-05-21,Hotel Closed,62.85,62.85,215.53,55.12,28.44,Pending,Cash,Airbnb,NO_PROMO,11.12,2024-11-06 07:21:11,2025-10-02 13:21:24,API,Cancelled,REV_00000551,4,Increase fear stand me onto on.,Item address environmental behind past small. Between reason TV mother address.,2024-12-23,46,True,Kisumu,2025-10-02,Business,suite,APIGateway,2024-11-06 07:21:11,2025-10-02 13:21:24
H00848,Thompson-Estrada,Sweden,Gothenburg,Luxury Hotel,1,67,Free WiFi,Education nearly appear religious threat unit. Answer owner never establish provide finish little.,"Beach,Museum,Park",78.518325,115.13627,http://www.olsen.org/,C0003712,Jessica,Montoya,Jessica Montoya,uwang@example.org,(964)303-3927,1993-01-23,M,Brazil,Salvador,"933 Ingram Rapids Suite 190, Salvador",QB 52248,tr,,2024-12-04,False,BKG_000000552,2024-09-11,2025-08-31,2025-09-03,3,4,3,1,double,1,Agent,Extra bed,False,,,266.58,621.58,225.17,39.97,147.95,Refunded,Debit Card,Direct,PROMO458,104.39,2025-03-29 16:01:21,2024-12-23 08:20:18,SYSTEM, Pending ,REV_00000552,Five,Computer hold age help pass stand society Congress.,Spend social street several. Lay others already understand structure.,2024-04-10,66,True,Naples,2023-13-01,Leisure,double,APIGateway,2025-03-29 16:01:21,2024-12-23 08:20:18
H00391,"Nunez, Bender and Robertson",Nigeria,Lagos,Business Hotel,1,36,"Pool,Gym,Spa",No energy learn only federal bar. Ground eye wish serve condition leg.,Shopping Mall,-62.926848,77.213639,http://thomas.info/,C0000912,Christina,Wise,Christina Wise,,961.481.7837,1955-08-29,M,Austria,Innsbruck,"945 Sara Burg, Innsbruck",SU 63728,fr,Silver,2023-10-12,True,BKG_000000553,2024-02-14,2026-01-17,0000-00-00,13,1,0,,suite,2,Phone,Extra bed,True,2025-05-22,Payment Failed,881.63,872.59,61.86,34.69,753.43,Paid,PayPal,Direct,PROMO447,150.1,2024-10-26 10:42:42,2025-05-28 19:07:10,SYSTEM,Pending,REV_00000553,3,Letter will address range high assume.,Continue reason above listen. Line official cost feel. Point culture month.,2024-02-15,41,True,Venice,2025-10-30,Couple,suite,MobileApp,2024-10-26 10:42:42,2025-05-28 19:07:10
H00165,Charles Group,Czech Republic,Brno,Luxury Hotel,1,223,Restaurant,Ever around admit require list specific. Somebody report foot book claim budget any.,Shopping Mall,35.821906,-22.048346,http://king-smith.com/,C0002053,Lisa,Mclaughlin,Lisa Mclaughlin,natalie09@example.net,+1-709-608-7387x41670,1958-07-23,M,Romania,Cluj-Napoca,"9473 Miller Track, Cluj-Napoca",KG 48711,en,Gold,2025-06-22,True,BKG_000000554,2024-08-29,2026-02-10,2026-02-18,8,2,3,1,suite,1,Web,,True,2025-04-09,Customer Request,756.08,338.19,204.48,60.7,75.51,REFUNDED,Debit Card,Booking.com,___,171.48,2024-05-13 06:19:32,2025-04-30 12:32:24,???,???,REV_00000554,Ten,Key realize those experience each building at.,Eat mission clearly grow course off. Season economy shake nearly free recognize nor medical. Mother miss catch only service.,2024-11-03,81,False,Toulouse,2025-02-08,Leisure,single,APIGateway,2024-05-13 06:19:32,2025-04-30 12:32:24
H00412,"Welch, Murphy and Martinez",Norway,oslo,Budget Hotel,2,49,"Pool,Gym,Spa",Agent age military.,Historic Site,-43.468275,165.417214,https://martinez.com/,C0001185,___,Smith,___ Smith,nancy96@example.com,(400)718-3634,1946-06-01,M,South Korea,Incheon,"158 Jones Walks Apt. 823, Incheon",RV 97340,en,Bronze,2024-12-04,False,BKG_000000555,2025-07-17,2025-12-13,2025-12-18,5,2,0,2,suite,3,Mobile App,Extra bed,,,,1370.14,175.76,93.92,8.84,396.11,Failed,PayPal,Direct,PROMO730,33.92,2025-06-03 06:10:34,2025-09-17 14:03:05, SYSTEM ,Pending...,REV_00000555,2,Manage serious teacher rest smile red make.,Provide already hold bit she take. Wonder treatment couple for agent may. Actually deal two along resource police. Land notice trial than.,2025-03-05,60,False,Casablanca,2025-06-15,Couple,single,APIGateway,2025-06-03 06:10:34,2025-09-17 14:03:05
H00159,"Ryan, Smith and Pham",Bulgaria,Plovdiv,Boutique,4,9999,Restaurant,Democrat fact specific until. Window court avoid. Though product political sister knowledge.,Historic Site,-16.156199,-69.933719,http://www.schultz.com/,C0003367,Justin,Buckley,Justin Buckley,@gmail.com,+1-283-475-3623x82431,1979-12-12,F,Slovakia,Nitra,"793 Breanna Plaza, Nitra",BD 40948,TR,Gold,2023-05-21,True,BKG_000000556,2024-12-16,2025-07-07,02/30/2025,11,3,0,1,suite,1,Mobile App,,False,,,1050.56,413.89,172.87,83.55,778.31,Failed,Debit Card,Airbnb,NO_PROMO,124.16,2024-07-29 17:49:40,2025-03-19 03:26:23,AGENT,Confirmed,REV_00000556,4,Practice law feel director.,"Center type hundred science test right. Discussion identify alone whole.
Real few agency face then environmental cold. Kid yourself simple year.",2024-09-02,15,False,Ibadan,2025-09-20,Leisure,double,CloudBooking,2024-07-29 17:49:40,2025-03-19 03:26:23
H00133,,Nigeria,Kano,Business Hotel,,191,Free WiFi,Sit current spring blood. Rest school including national unit natural.,Historic Site,-88.852932,-152.220065,http://gomez-james.org/,C0001865,Alexander,Knapp,Alexander Knapp,hharvey@example.com,001-635-942-0305,1957-12-11,F,Italy,Naples,"6895 Holly Squares Suite 574, Naples",PA 20520,de,,2023-08-22,False,BKG_000000557,2025-04-14,2026-03-14,2026-03-24,10,4,Five,0,suite,3,Agent,,False,,,1339.97,,211.74,50.91,363.97,___,Debit Card,Airbnb,PROMO286,121.01,2024-07-09 20:24:30,2025-07-14 01:08:08,SYSTEM,Pending,REV_00000557,2,Wall information work close particularly once.,Support edge trip senior challenge board unit. Couple standard usually meeting. Stuff none special analysis after.,2025-08-06,25,False,Manchester,2025-05-10,Couple,suite,CloudBooking,2024-07-09 20:24:30,2025-07-14 01:08:08
H00305,Martin-Peterson,Belgium,Brussels,Luxury Hotel,2,164,Restaurant,Woman since while trial month. Billion thousand hit.,"Beach,Museum,Park",-72.092263,79.777964,https://www.gutierrez.com/,C0002669,Donna,Hughes,Donna Hughes,qtaylor@example.com,000-000-0000,1987-04-26,Other,Brazil,Rio de Janeiro,"406 Bruce Coves Apt. 460, Rio de Janeiro",TG 98251,tr,Platinum,2024-02-26,True,BKG_000000558,2025-04-25,2026-06-14,2026-06-17,3,4,2,2,single,2,Agent,No requests,False,,,1076.45,501.25,200.79,28.54,171.73,Refunded,Credit Card,Expedia,NO_PROMO,98.46,2025-10-03 23:38:23,2025-06-02 18:03:31,SYSTEM,Confirmed,REV_00000558,5,Certain clearly crime keep.,Read land note newspaper executive pressure material. Make the manage particularly sure style. Information four give they.,2025-01-21,22,False,Split,2024-12-18,Solo,single,MobileApp,2025-10-03 23:38:23,2025-06-02 18:03:31
H00668,Smith-Torres,Canada,Calgary,Boutique,3,33,"Pool,Gym,Spa",Cover different during radio best stage reason. Unit camera development believe.,Historic Site,54.28864,-111.184386,___,C0001943,Daniel,Adams,Daniel Adams,kevinprice@example.com,000-000-0000,1972-12-27,F,New Zealand,Christchurch,"24870 David Mission Suite 652, Christchurch",CV 24846,en,Platinum,2024-07-26,,BKG_000000559,2025-06-21,2026-01-16,2026-01-20,4,1,0,2,suite,3,Mobile App,,True,2025-02-03,Customer Request,1565.11,738.93,82.38,3.07,1121.01,Paid,Debit Card,TravelAgency,,Five,2024-08-28 13:55:22,2024-12-02 13:42:29,SYSTEM,Confirmed,REV_00000559,3,Add impact everything speak.,Back since mission. Its particularly only whole man top.,2024-11-22,13,False,Graz,2025-10-07,Couple,double,MobileApp,2024-08-28 13:55:22,2024-12-02 13:42:29
H00102,___,Kenya,Mombasa,City Hotel,3,130,Restaurant,Today medical until suffer final art.,Historic Site,-58.161805,75.372837,http://www.parker-keller.com/,C0004337,Kim,Murphy,Kim Murphy,kpearson@example.com,(627)527-1093,1977-01-21,F,Croatia,Rijeka,"74400 Richard Ville, Rijeka",XZ 83990,de,Platinum,2025-01-16,False,BKG_000000560,2024-03-11,2024-12-22,2024-12-31,9,1,1,2,single,3,Mobile app,Extra bed,True,2024-12-28,,470.38,Ten,26.44,18.94,185.84,Pending,Cash,Direct,NO_PROMO,132.49,2025-09-02 20:47:21,2025-10-15 18:06:35,API,Confirmed,REV_00000560,4,Mention every decade.,Week painting ground same. There idea against shake lead big. Onto way people process worry.,2024-01-13,51,True,Seville,2025-09-27,Business,double,LegacySystem,2025-09-02 20:47:21,2025-10-15 18:06:35
H00567,"Collins, Meyers and Simpson",Belgium,Leuven,Resort,2,206,Free WiFi,Rather experience hold meeting writer to support word.,Historic Site,Ten,-77.45426,https://www.rodriguez.com/,C0001155,Stephanie,Lamb,Stephanie Lamb,erik06@example.net,000-000-0000,2002-04-12,M,Vietnam,Hanoi,"42078 Carter Court, Hanoi",FV 45952,de,Gold,2025-02-21,False,BKG_000000561,2024-06-07,2025-09-09,2025-09-14,5,3,3,2,double,1,Phone,___,True,2024-12-28,Hotel Closed,1654.51,635.29,142.75,87.09,888.46,Refunded,Debit Card,Booking.com,,Five,2025-04-25 23:03:14,2025-09-13 15:11:03,SYSTEM,Confirmed,REV_00000561,1,Wonder teacher industry movement service., Product value loss eight always. These modern money my religious third book walk. Perform lot senior charge. ,2025-03-27,51,True,Timisoara,2025-09-14,Leisure,suite,CloudBooking,2025-04-25 23:03:14,2025-09-13 15:11:03
H00129,Adams Group,South Africa,Durban,City Hotel,1,349,"Pool,Gym,Spa",Occur all trip officer.,"Beach,Museum,Park",-30.976498,44.9362,https://www.reed-nicholson.com/,C0001349, Joseph ,Rodgers, Joseph  Rodgers,timothyhutchinson@example.org,001-861-519-0552,1974-12-28,F,Nigeria,Kano,"837 Stephanie Crest Apt. 920, Kano",WC 24558,fr,Platinum,2024-09-25,True,BKG_000000562,2024-02-26,2026-04-01,2026-04-11,10,2,1,1,single,1,!!Mobile App,,FALSE,2024-12-19,No Show,1799.11,1228.26,213.66,25.95,1426.45,Refunded,PayPal,Direct,PROMO627,187.16,!!2025-02-06 17:23:47,2024-12-01 15:30:32,SYSTEM,Confirmed,REV_00000562,4,Against can board pull carry.,Third institution way election history government continue. Idea up citizen matter wrong. It approach girl process include particular.,2023-11-11,75,False,Nis,2025-10-18,Couple,double,LegacySystem,!!2025-02-06 17:23:47,2024-12-01 15:30:32
H00284,Lopez LLC, Germany ,Cologne,Luxury Hotel,2,350,Restaurant,Hand occur radio former.,Shopping Mall,-79.848651,106.886231,http://www.ross-manning.com/,C0003501,Justin,Villanueva,Justin Villanueva,salasjohn@example.org,690-708-0056,1971-01-04,M,Slovakia,Nitra,"836 Reid Shores, Nitra",TT 42952,tr,Silver,2023-08-03,FALSE,BKG_000000563,2024-06-14,2026-09-05,2026-09-12,7,4,2,2,single,1,Mobile App,No requests,True,2025-10-22,Hotel Closed,Ten,1400.53,290.73,14.92,0,Pending,Debit Card,Expedia,,0,2024-02-01 21:29:45,2025-01-18 12:44:01,USER,Confirmed,REV_00000563,2,Yeah most coach form.,Behavior everything who way series break. Effort consider south environmental pull mention end. Remain event because more notice memory.,2025-09-12,6,True,Cebu,2025-10-25,Solo,suite,APIGateway,2024-02-01 21:29:45,2025-01-18 12:44:01
H00040,"Moses, Hernandez and Miller",Belgium,Leuven,Budget Hotel,3,74,Restaurant,Left live table positive little left single. Say within check order yard buy early beautiful.,Historic Site,12.311707,14.92521,http://wood.com/,C0000881,Deanna,Gonzalez,Deanna Gonzalez,clarkjennifer@example.net,+1-458-306-8187x15432,1961-09-15,!!F,Brazil,Belo Horizonte,"08494 Sparks Stream Suite 989, Belo Horizonte",ZL 72842,tr,Platinum,2024-11-17,False,BKG_000000564,2024-11-14,2026-02-11,2026-02-14,3,1,3,2,suite,2,Agent,Extra bed,False,,,130.23,329.71,104.63,90.09,85.65,Refunded,PayPal,Expedia,PROMO739,22.31,2025-08-27 22:16:32,2025-05-07 04:11:47,SYSTEM,Pending,REV_00000564,1,Line peace especially give process citizen look up.,Tend industry use help yourself expert news. Month develop senior many avoid.,2024-01-31,11,True,Bogotá,2025-10-25,Family,double,APIGateway,2025-08-27 22:16:32,2025-05-07 04:11:47
H00337,Moore Ltd,Germany,Stuttgart,Luxury Hotel,4,90,Restaurant,Must agency force player better. Parent word voice enjoy cut media.,Shopping Mall,8.135747,-176.948029,https://carter.info/,--,Kathryn,CRANE,Kathryn CRANE,dcraig@example.net,(701)334-8171x9243,1980-10-27,M,Poland,Gdansk,"05696 Samantha Lane Apt. 157, Gdansk",UD 11178,fr,Silver,2023-12-10,True,BKG_000000565,2025-02-20,2026-10-01,2026-10-02,1,3,1,0,double,3,Phone,Late check-in,False,,,316.92,591.77,146.64,5.06,264.52,Failed,Cash,Expedia,PROMO654,63.6,2024-05-07 02:42:10,2024-11-27 04:11:20,USER,Cancelled,REV_00000565,4,Bit travel investment economy half.,Responsibility who north. Pull family part consider nation her.,2024-06-20,4,True,Florence,2025-01-11,Family,double,APIGateway,2024-05-07 02:42:10,2024-11-27 04:11:20
H00140,"NGUYEN, ROSE AND SMITH",Indonesia,Bali,Business Hotel,3,481,"Pool,Gym,Spa",Guy together group subject office. Tough kind north would professor report.,Shopping Mall,-73.802837,155.617332,https://www.willis.biz/,C0000840,Brian,Stewart,Brian Stewart,murphycynthia@example.com,499-471-9204,1959-12-16,F,Slovakia,Nitra,"70203 Bobby Trace Suite 966, Nitra",BO 10938...,es,,2023-09-14,True,BKG_000000566,2024-08-20,2024-11-21,2024-11-21,9999,1,2,2,single,1,Mobile App,No requests,False,,,1792.79,1467.75,245.59,67.57,0,   ,Credit Card,TravelAgency,???,132.42,2024-03-29 12:17:43,2025-01-11 21:41:07,AGENT,Cancelled,REV_00000566,4,Man wonder meet our explain course.,Over find feeling response item. Interesting west party beautiful culture imagine they guess. Future science public provide before different.,2024-09-06,,False,Kuala Lumpur,2025-02-22,Leisure,double,APIGateway,2024-03-29 12:17:43,2025-01-11 21:41:07
H00944,"Solomon, Phillips and Hubbard", Japan ,,Business Hotel,5,473,Restaurant,Television tonight important soon dark. When spend after name reduce training.,"Beach,Museum,Park",-6.922368,4.549861,http://www.holt-lee.biz/,C0001638,Tammy,Perez,Tammy Perez,ostrong@example.com,318.593.8737,1957-04-09,F,Malaysia,Johor Bahru,"245 Wright Prairie, Johor Bahru",WU 36181,fr,Bronze,2024-09-15,True,BKG_000000567,2023-11-01,2026-04-21,2026-05-03,-1,3,3,1,suite,1,Phone,Late check-in,True,2025-03-06,,,1062.29,Ten,24.44,0,Pending,Credit Card,Expedia,,0,02/30/2025,2025-09-20 01:00:35,AGENT,Pending,REV_00000567,3,Life area responsibility four benefit thank while.,"Land standard cultural give blood think. Same society manage beyond try.
Ability quality it social prove.",2024-05-01,76,False,Medina,2025-09-17,Couple,suite,APIGateway,02/30/2025,2025-09-20 01:00:35
H00099,Brown-Jones...,Switzerland,Bern,Boutique,3,144,Restaurant,Mention book amount should try concern.,Shopping Mall,-24.674336,-27.406867,https://www.crawford.net/,C0003616,Anne,Williams,Anne Williams,,+1-298-898-7104,1950-02-15,M,Peru,Cusco,"21544 Valencia Harbor, Cusco",OT 63319,de,Gold,2025-03-23,False,BKG_000000568,2024-01-11,2026-04-08,2026-04-16,8,3,2,2,suite,3,Agent...,Extra bed,False,,,931.77,574.86,216.56,49.79,328.69,Paid,Cash,Booking.com,NO_PROMO,113.27,2025-02-22 18:34:35,2025-02-09 21:58:37,SYSTEM,Confirmed,REV_00000568,5,Long answer yourself finally skill.,Impact begin page significant federal. Course style movie. Occur body suddenly phone consumer environment anything. Candidate daughter red energy.,2024-09-21,54,True,Salvador,2025-10-20,Solo,double,APIGateway,2025-02-22 18:34:35,2025-02-09 21:58:37
H00623,Perez Ltd,???,Santiago,Budget Hotel,5,248,Restaurant,--,Shopping Mall,37.72309,-169.134646,https://garza.com/,C0003390,Robert,Lee,Robert Lee,pdickerson@example.net,001-560-434-4177x2098,1951-10-04,Other,New Zealand,Wellington,"15020 Miller Turnpike, Wellington",IE 34500,en,Bronze,2023-08-19,True,BKG_000000569,2025-09-27,2025-07-21,2025-07-25,4,2,1,1,double,3,Agent,,True,2025-01-08,,1032.8,1139.45,84.78,61.9,754.79,Failed,Debit Card,Direct,,Five,2025-01-29 20:09:14,"Jan 32, 2025",SYSTEM,CANCELLED,REV_00000569,2,Article country tax year worker.,Green decide do audience million player. Just food effort member see. Available instead summer Democrat. Threat live room test property.,2025-06-04,51,False,Jeddah,2025-07-22,Couple,double,MobileApp,2025-01-29 20:09:14,"Jan 32, 2025"
   ,"Reed, Moreno and Escobar",Greece,Heraklion,Business Hotel,3,133,Restaurant,Many hear fill attorney garden such. At break several tree summer strategy head near.,Historic Site,-20.184443,-125.369604, http://hall.info/ ,C0003659,Robert,Turner,Robert Turner,marvin55@example.net,387.426.3471x252,1945-08-21,M...,Slovakia,Nitra,"2121 Page Canyon, Nitra",LC 88578,de,,2025-06-18,False,BKG_000000570,2024-08-28,2025-05-05,2025-05-17,12,2,3,1,double,3,Mobile App,Late check-in,True,2025-09-09,No Show,635.14,-1,,35.69,272.0,Failed,Cash,Direct,NO_PROMO,25.1,2024-09-05 07:51:19,2025-09-22 13:53:48,SYSTEM,Cancelled,REV_00000570,5,Will really or fire near.,"Probably figure both threat race gas.
Subject result somebody send. Natural explain ask show.",2025-05-15,67,False,Trondheim,2024-12-24,Leisure,suite,APIGateway,2024-09-05 07:51:19,2025-09-22 13:53:48
H00772,"Carpenter, Gibbs and Armstrong",Sweden,Gothenburg,Resort,1,467,Free WiFi,Bit poor choice member heart source.,Historic Site,-32.145752,168.859086,https://burke.info/,C0004078,Kelly,Guerra,Kelly Guerra,cdavis@example.net,478-414-9474,0000-00-00,F,Spain,Granada,"69797 Zimmerman Crescent, Granada",JP 74538,tr,Bronze,2023-03-24,False,BKG_000000571,2025-05-25,2026-08-26,2026-08-26,1,4,2,2,   ,1,Agent,,False,,,1209.55,689.73,290.03,22.49,299.54,Paid,PayPal,TravelAgency,,160.88,2025-06-30 14:20:39,2025-09-28 15:33:48,AGENT,Confirmed,REV_00000571,5,Skin per assume policy fire machine writer.,"Play face fire probably inside tough. Morning spend subject cost throw blue.
Also wide catch none. Hour benefit cover design market billion fund.",2025-05-12,26,True,Alexandria,2025-05-09,Couple,suite,CloudBooking,2025-06-30 14:20:39,2025-09-28 15:33:48
H00393,Moore-Marshall,Peru,Trujillo,Boutique,2,478,Free WiFi,Almost trade bit difficult. Couple out during contain financial line.,Shopping Mall,-61.515189,128.156257,https://www.wilson-reed.com/,C0004601,Andrew,Hill,Andrew Hill,janet51@example.com,2294793210,1972-07-31,Other,Croatia,Rijeka,"6999 Martin Canyon Apt. 425, Rijeka",YP 37698,de,Silver,2024-08-20,True,BKG_000000572,2024-10-19,2025-09-01,2025-09-14,13,2,2,0,suite,1,Web,Late check-in,False,,,682.46,1172.83,35.66,Five,585.89,Paid,Credit Card,Expedia,,133.17,2025-07-05 03:36:30,2025-07-08 09:05:40,USER,Cancelled,REV_00000572,3,Continue we actually such drive per serious will.,Wrong strategy coach two increase writer huge. Lawyer interesting home address big source staff. Tend special most blue finally.,2025-09-02,93,True,Brussels,2025-02-07,Leisure,single,LegacySystem,2025-07-05 03:36:30,2025-07-08 09:05:40
H00224,"Craig, Caldwell and Diaz",ITALY,Florence,Luxury Hotel,1,243,Free WiFi,Marriage manage respond condition. Leg accept particular point view PM whose.,Shopping Mall,79.184354,160.167535,https://www.terry-nguyen.com/,C0004835,Ashley,Spencer,Ashley Spencer,jenniferjackson@example.net,,2001-07-07,M,Austria,Graz,"032 Obrien Burgs Suite 949, Graz",YV 40713,es,Platinum,2024-12-04,False,BKG_000000573,2024-04-30,2025-08-14,2025-08-14,1,3,2,2,suite,3,Agent...,Late check-in,True,2025-07-02,,919.55,Ten,22.3,17.94,274.45,Failed,Debit Card,Airbnb,,114.27,2024-07-30 01:36:50,,API,Confirmed,REV_00000573,3,Water everyone same summer group.,"Old open crime seem tonight. Hair again he air.
Factor together necessary option. Level respond might attention.",2025-04-25,16,True,Granada,2025-01-02,Family,single,CloudBooking,2024-07-30 01:36:50,
H00845,"Hayes, King and Scott",Portugal,Coimbra,Boutique,2,392,Free WiFi,Decide throughout two similar important. Machine be reflect investment.,Shopping Mall,36.394734,-149.765896,http://elliott-smith.com/,C0001770,Andrew,Brown,Andrew Brown,nancy45@example.com,329.705.7291,1955-04-18,Other,Slovakia,Presov,"07182 Cox Lane, Presov",AR 24351,es,Gold,2025-04-23,True,BKG_000000574,2024-11-04,2026-04-20,2026-05-03,13,3,0,2,single,3,Agent,,,,,Five,382.86,206.48,9999,0,???,Credit Card,Airbnb,NO_PROMO,0,2025-09-22 16:47:16,2025-01-06 11:24:03,SYSTEM,Confirmed,REV_00000574,1,Recognize generation article window movie article reflect personal.,Student probably position still science financial capital. Paper past again hit rule certainly industry. Fall plan consumer itself early white.,2024-09-10,84,False,Sofia,2025-08-22,Business,suite,LegacySystem,2025-09-22 16:47:16,2025-01-06 11:24:03
H00551,"Jackson, Wolfe and West",Colombia,Bogotá,City Hotel,4,195,Restaurant,West else right gun evening discuss article. Station miss from defense run cost.,"Beach,Museum,Park",-80.086375,-100.199001,http://perez.org/,C0000162,Natalie,Wade,Natalie Wade,daniellawson@example.org,982.285.3633x488,1948-04-12,F,Canada,Vancouver,"19832 Anthony Alley Suite 267, Vancouver",UE 95001,es,Platinum,2025-06-02,False,BKG_000000575,2024-06-09,2026-03-01,2026-03-01,1,2,2,0,single,2,Phone,Late check-in,True,2024-11-16,Hotel Closed,1504.68,508.53,293.81,46.86,1122.06,Paid,PayPal,TravelAgency,,199.98,2024-01-18 01:32:37,2024-12-24 03:31:51,AGENT,Confirmed,REV_00000575,5,Yard ball smile six.,Body chance serious sell. Scene seem wait morning phone trip college.,2025-02-11,0,False,Toulouse,2025-04-02,Business,double,MobileApp,2024-01-18 01:32:37,2024-12-24 03:31:51
H00314,Bailey-Carter,Indonesia,Jakarta,Business Hotel,4,56,"Pool,Gym,Spa",Crime their oil evening life court. Figure bank southern pattern.,Shopping Mall,78.555401,167.787963,http://www.thornton.info/,C0003553,Aaron,Cole,Aaron Cole,kjohnston@example.net,001-227-472-4083x4354,1975-11-07,F,,Linköping,"7579 Jackson Common Suite 017, Linköping",FM 42836,fr,,2025-05-02,False,BKG_000000576,2025-05-24,2025-12-27,2026-01-04,8,3,0,0,suite,3,Mobile App,Extra bed,False,,,133.85,738.65,76.28,45.59,89.02,Pending,PayPal,Expedia,PROMO671,88.18,2025-02-21 14:46:56,2025-05-24 05:42:29,___,!!Confirmed,REV_00000576,2,First body standard nation within.,"Cost pick smile suddenly sit trial film today.
Piece whom card address consumer policy lead. Continue buy open will level benefit.",2024-07-20,42,False,Warsaw,2025-03-04,Family,double,MobileApp,2025-02-21 14:46:56,2025-05-24 05:42:29
H00085,Fernandez Group,serbia,Nis,business hotel,3,109,"Pool,Gym,Spa",Yet race own seven such. Major move list view health doctor.,"Beach,Museum,Park",-36.035017,-18.408876,http://woods.biz/,C0001271,Danielle,Harris,Danielle Harris,stoutaaron@example.com,+1-985-870-6477,1984-11-19,Other,Switzerland,Bern,"1238 Wallace Stravenue Suite 619, Bern",EU 83474,en,,2023-03-21,True,BKG_000000577,2024-10-04,2025-10-19,2025-10-22,Five,4,3,0,single,1,Mobile App,No requests,True,2025-08-27,,1474.01,932.41,190.43,25.23,232.15,Failed,Credit Card,Airbnb,PROMO974,Five,2025-08-01 12:50:58,2025-07-28 15:37:49,AGENT,Pending,REV_00000577,4,Others technology at determine when ball.,Growth example off thing. Else clear process owner pattern clear. Opportunity arm conference later.,2024-12-12,15,True,Hiroshima,2025-01-02,Business,double,APIGateway,2025-08-01 12:50:58,2025-07-28 15:37:49
H00511,Torres Group,Germany,Frankfurt,Resort,4,394,Free WiFi,Well language product walk again. Type act get company.,"Beach,Museum,Park",,26.392804,https://henry-foster.com/,C0002469,Virginia,Garcia,Virginia Garcia,gonzalezdiana@example.org,822.875.6129,1952-02-16,M,Poland,Poznan,"8128 Kim Shoal Apt. 999, Poznan",NS 81896,tr,Bronze,2025-04-10,True,BKG_000000578,2025-05-03  ,2026-07-31,2026-08-02,2,4,2,1,single,1,Phone,   ,False,,,1510.98,49.77,52.48,59.18,908.64,Refunded,Credit Card,Expedia,NO_PROMO,125.31,2024-06-03 08:58:09,2023-13-01,USER,Confirmed,REV_00000578,1,Opportunity work game available matter ago religious.,"Food happen film truth free tough middle.
sing sing small attorney child alone. such each discuss deep degree issue.",2024-10-12,34,False,Bogotá,2025-09-27,Business,single,LegacySystem,2024-06-03 08:58:09,2023-13-01
H00534,Davies-Foster,???,Mumbai,Budget Hotel,9999,Five,Restaurant,Way list present cut fish. Lay find goal very step value evening.,"Beach,Museum,Park",-34.468447,18.069332,http://long.com/,C0000547,Danielle,Hall,Danielle Hall,andrewssteven@example.com,782-354-6025x8429,1995-07-09,Other,Italy,Turin,"9996 Scott Turnpike, Turin",RD 68430,de,Platinum,2025-08-21,False,BKG_000000579,0000-00-00,2025-08-23,2025-09-04,12,2,3,1,double,2,Phone,Late check-in,True,2025-06-02,No Show,1031.79,939.82,280.83,29.01,62.4,Refunded,Debit Card,Expedia,,178.89,2025-05-10 20:53:56,2025-09-29 08:17:15,USER,Confirmed,REV_00000579,2,Box five economy behavior dog.,Particularly ask teach answer anything music something term. Win reduce site born coach responsibility.,2024-04-16,39,True,Zurich,2025-10-04,Family,double,MOBILEAPP,2025-05-10 20:53:56,2025-09-29 08:17:15
H00625,!!Wagner Inc,Poland,Warsaw,Luxury Hotel,1,313,"Pool,Gym,Spa",A information away management. Human and coach throw material early discuss.,Shopping Mall,84.757472,75.289283,https://marshall-henderson.info/,C0004196,Brandon,Gray,Brandon Gray,mirandathompson@example.com,+1-525-314-9314x6315,1981-01-06,M,Peru,Arequipa,"242 Martin Flats, Arequipa",XT 71091,es,Platinum,2024-12-29,True,BKG_000000580,2024-07-05,2026-09-18,2026-10-01,13,1,1,2,single,1,Web,Late check-in,True,!!2025-03-08,,1471.94,1383.2,161.42,40.04,1271.71,Pending,Cash,Expedia,,93.82,2023-12-01 00:33:43,2025-04-13 13:09:25,SYSTEM,Confirmed,REV_00000580,3,Improve according western way church its bar.,Type century generation discover. Plant kind could three health reveal tax. Happy idea term could continue maintain.,2024-03-07,48,True,,2025-07-31,Leisure,suite,CloudBooking,2023-12-01 00:33:43,2025-04-13 13:09:25
H00411,Marshall LLC,Indonesia,Surabaya,budget hotel,9999,82,Free WiFi,Picture school reveal alone then chance. Similar age because store forget professional.,Historic Site,-61.830644,170.6138,!!https://marshall.org/,C0001050,Jessica,Anderson,Jessica Anderson,corykeller@example.com,4464195257,1969-03-30,M,Poland,Warsaw,"085 Alexander Lakes, Warsaw",WS 33718,de,,2023-03-12,True,BKG_000000581,2025-06-03,2024-10-31,2024-11-08,8,4,,0,suite,2,Agent,Late check-in,False,,,545.39,907.61,217.4,3.75,214.04,Refunded,Cash,Airbnb,NO_PROMO,94.33,2024-01-03 14:58:31,2025-07-13 12:24:04,--,Confirmed,REV_00000581,5,Air about politics simply.,Energy grow agent arm. Phone anything close media cause some. Voice performance professional TV exactly stuff local.,2024-08-25,81,False,Bursa,2025-10-09,,suite,APIGateway,2024-01-03 14:58:31,2025-07-13 12:24:04
H00326,,--,New York,Business Hotel,5,383,Free WiFi,Business film author that situation describe beyond. Which painting instead across site.,Historic Site,-22.97192,-102.451814,http://www.holmes.com/,C0004100,Jeffrey,Gutierrez,Jeffrey Gutierrez,wjacobson@example.net,(864)582-4862x6589,1967-01-10,Other,Indonesia,Bali,"453 Philip Overpass, Bali",UJ 86489,es,Silver,2023-10-17,True,BKG_000000582,2023-11-24,2025-05-11,2025-05-22,11,1,3,1,suite,3,Mobile App,--,False,,,821.8,92.48,132.21,2.79,355.17,Paid,Credit Card,TravelAgency,,17.23,2024-04-21 16:27:49,2025-02-24 16:46:38,USER,Confirmed,REV_00000582,2,These offer air yes play remember off bad.,Magazine right part society lot new baby. Stock gas government west step. Him man series PM large vote.,2024-09-03,17,True,Aarhus,0000-00-00,Leisure,single,APIGateway,2024-04-21 16:27:49,2025-02-24 16:46:38
H00367,"Parker, Morales and Ramirez",Kenya,Mombasa,Luxury Hotel,2,,Free WiFi,During side there statement area. Back rate day difference.,Historic Site,23.67465,-76.031575,HTTP://SUTTON.COM/,C0004865,Tracy,Hodges,Tracy Hodges,,000-000-0000,1983-10-04,M,Brazil,___,"4054 Little Centers Suite 892, Rio de Janeiro",WT 97125,fr,Silver,2023-13-01,False,BKG_000000583,2025-10-27,2025-12-31,2026-01-08,8,1,1,1,single,1,Phone,Late check-in,True,2025-03-10,Payment Failed,1464.9,0,17.22,56.07,1049.77,Paid,Debit Card,Airbnb,PROMO224,190.93,2025-05-03 20:13:52,2025-06-15 11:25:33,API,Confirmed,REV_00000583,2,Deep new house off movement single.,Option themselves dark who fast could. This fact affect question high free themselves. Government chair view not join work admit.,2024-02-25,54,False,Oslo,2024-12-28,Business,suite,CloudBooking,2025-05-03 20:13:52,2025-06-15 11:25:33
H00043,Velez Ltd,Denmark,Copenhagen,Budget Hotel,2,402,"Pool,Gym,Spa",Agree to beautiful style news talk start. Security reveal beautiful. Never my nor hair well.,Historic Site,-46.665423,-13.082655,http://www.ward.org/,C0003762,Heather,Mcdonald,Heather Mcdonald,kristaharris@example.com,900-440-2485x022,1962-01-24,M,Ireland,Dublin,"531 Ariana Turnpike Apt. 126, Dublin",FU 61373,tr,Silver,2024-10-29,True,BKG_000000584,"Jan 32, 2025",2025-09-16,2025-09-17,1,3,-1,2,suite,2,Phone,Late check-in,false,2025-01-31,Payment Failed,1328.39,111.25,251.25,17.97,1087.42,Paid,PayPal,Airbnb,,40.29,2024-11-10 06:35:28,2025-03-04 04:36:34,API,Confirmed,REV_00000584,5,Area call imagine fine.,White not paper audience. Somebody real study future wide interview. Material change prove let financial.,2024-05-04,74,True,Budapest,2024-12-16,Business,double,MobileApp,2024-11-10 06:35:28,2025-03-04 04:36:34
H00994,Anderson-andrews,Kenya,Nairobi,Budget Hotel,5,421,"Pool,Gym,Spa",Sign watch wrong expect. Key magazine soon.,historic site,24.246391,Ten,http://delacruz.com/,C0002566,Emily,Lopez,Emily Lopez,@gmail.com,+1-615-858-6343x7356,1956-12-04,F,Portugal,Coimbra,"4014 Mendez Shoal, Coimbra",BF 47723,tr,Gold,2023-09-30,False,BKG_000000585,2024-05-12,2026-08-01,2026-08-14,13,2,Five,0,single,1,Mobile App,Extra bed,True,2025-07-21,No Show,893.64,266.69,9999,20.16,120.93,Failed,Credit Card,Expedia,,119.08,2024-02-21 18:15:37,2024-12-23 06:26:11,USER,Pending,REV_00000585,5,Environment talk history.,Front kitchen positive rule ok draw security low. Loss argue note and.,2025-10-23,14,False,Eilat,2025-09-25,Solo,suite,CloudBooking,2024-02-21 18:15:37,2024-12-23 06:26:11
H00342,Stephens-Reyes,Netherlands,Eindhoven,Resort,5,458,Restaurant,Fill without any. Result fine step another soon.,"Beach,Museum,Park",46.603874,-164.493237,https://www.martinez.com/,C0001743,Samuel,Bridges,Samuel Bridges,diana91@example.org,939-890-4598x891,1957-05-13,F,Vietnam,Hanoi,"3984 Green Cove, Hanoi...",MK 33604,de,Platinum,2023-05-23,True,BKG_000000586,2024-04-23,2026-07-02,2026-07-10,8,1,2,2,double,3,???,Late check-in,False,,,1291.44,148.96,151.8,10.88,781.18,Paid,Credit Card,Direct,NO_PROMO,192.92,2024-08-12 11:51:44,"Jan 32, 2025",USER,Pending,REV_00000586,5,Year be miss relate pass.,"Outside analysis game head everyone give maintain. Talk become now number identify enter actually.
Fly president bank time western small live.",2025-03-09,58,True,Barranquilla,2025-03-26,Leisure,double,LegacySystem,2024-08-12 11:51:44,"Jan 32, 2025"
H00692,"Keith, Jones and Stevenson",Philippines,Cebu,Resort,3,172,Restaurant,Education service receive. Trade prepare interest.,"Beach,Museum,Park",-51.934959,29.32063,--,C0002510,Emily,Ray,Emily Ray,edwardsandrea@example.com,001-931-881-9092,1973-06-11,Other,South Africa,Johannesburg,"78725 Hicks Islands Suite 453, Johannesburg",DB 16518,es,Platinum,2023-07-23,True,BKG_000000587,2025-03-08,2025-08-19,2025-08-28,9,1,3,0,double,1,Agent,No requests,True,2025-08-15,Hotel Closed,1793.56,1254.91,270.98,87.83,568.46,Paid,Debit Card,Expedia,PROMO239,166.33,2025-07-30 09:24:41,2025-10-04 18:53:02, API ,Confirmed,REV_00000587,4,Realize detail agree anything accept.,Republican as administration view determine. Born artist give thousand learn scene expert.,2024-07-08,60,False,Heraklion,2025-07-27,Couple,suite,APIGateway,2025-07-30 09:24:41,2025-10-04 18:53:02
H00696,Walker-Ortiz,Nigeria,Lagos,Business Hotel,5,456,Restaurant,Everybody general between rise act degree. Serious north none everything south well avoid.,Historic Site,-57.685861,94.689801,https://www.jones-johnson.com/,C0004008,Tara,Potts,Tara Potts,ericdavis@example.org,684.794.5142,1961-03-10,--,Turkey,Bursa,"9796 Wells Fork Suite 726, Bursa",YP 25193, fr ,Silver,2023-03-12,True,BKG_000000588,2023-11-21,2026-08-14,2026-08-26,12,4,3,0,single,2,Web, Extra bed ,False,,,150.1,401.7,25.91,88.99,96.85,Refunded,Debit Card,Booking.com,,147.97,2025-03-14 16:25:34,2025-08-06 09:37:27,SYSTEM,Cancelled,REV_00000588,,Hope save increase out dream.,Still four early process relate interesting hour. Force even cover authority. Stand information staff happen already security.,2025-09-08,5,False,Edinburgh,2025-08-18,Couple,double,MobileApp,2025-03-14 16:25:34,2025-08-06 09:37:27
H00819,Bryant-Singleton,   ,Monterrey,Luxury Hotel,2,208,"Pool,Gym,Spa",Up financial several mother. Old issue why.,"Beach,Museum,Park",-67.631497,-88.721742,http://king-allen.com/,C0002598,   ,???,    ???,kburke@example.com,+1-665-833-1100x53250,1980-01-24,F,Chile,--,"56640 Dalton Villages, Valparaíso",EG 10599,es,Silver,2025-09-05,False,BKG_000000589,2024-05-14,2025-03-01,2025-03-05,,4,1,2,suite,0,Mobile App,No requests,True,2025-07-06,Payment Failed,1075.32,Ten,210.31,1.36,566.14,Paid,Credit Card,Airbnb,PROMO157,134.08,2025-01-15 09:53:08,2025-04-02 20:06:40,AGENT,!!Confirmed,REV_00000589,1,Write inside deal grow argue herself attorney.,Defense short song speak. Enough less approach. Huge feeling go deal citizen life.,2025-05-27,Ten,False,Thessaloniki,2025-10-05,Leisure,!!double,CloudBooking,2025-01-15 09:53:08,2025-04-02 20:06:40
H00378,--,Norway,Stavanger,Boutique,4,458,Free WiFi,Pressure outside property decision. Hit system west source.,Shopping Mall,49.222342,-88.481073,https://www.smith.net/,C0004742, Kevin ,Haynes, Kevin  Haynes,abbottmarc@example.com,365-625-2543x4700,0000-00-00,F,Malaysia,George Town,"8664 Tina Manors, George Town",CF 17695,es,Gold,2025-10-02,False,BKG_000000590,2025-07-15,2026-05-27,2026-05-29,2,3,0,2,suite,2,!!Web,No requests,True,2025-01-27,No Show,362.04,1193.9,110.64,38.83,144.01,Refunded,Cash,Booking.com,,76.1,2025-05-11 23:51:15,2025-04-23 22:44:05,API,Pending,REV_00000590,1,Decision thought national become our.,Price tax guess. Camera federal consider tell and. With pull notice identify blue. Property certainly girl issue body back.,2024-03-30,7,False,Lagos,2025-02-10,family,suite,LegacySystem,2025-05-11 23:51:15,2025-04-23 22:44:05
H00473,Hickman Inc,Bulgaria,Varna,Resort,2,228,"Pool,Gym,Spa",Sort as majority side point speak training few. Different range attention someone little.,Shopping Mall,25.401426,69.427,http://www.delacruz-rodriguez.com/,C0001232,Kimberly,Anderson...,Kimberly Anderson...,qpatterson@example.net,(289)999-9613x5955,,Other,Norway,Stavanger,"3667 Mark Radial, Stavanger",PL 59213,es,Gold,2023-11-25,True,BKG_000000591,2024-09-24,2025-08-13,2025-08-26,13,1,0,1,single,3,Agent,,True,2025-10-19,,Ten,1136.64,89.65,81.76,0,Paid,Debit Card,Airbnb,,0,2025-10-07 23:22:09,2025-10-24 22:53:06,API,Confirmed,REV_00000591,3,Production choose large per name why.,Hot interesting mind write again way. Ask office past leave evening modern. Tv cell both staff. Scene yourself law brother executive now theory sea.,2025-05-25,96,False,Vienna,2025-01-28,Leisure,suite,APIGateway,2025-10-07 23:22:09,2025-10-24 22:53:06
___,Ryan and Sons,Belgium,Leuven,Boutique,4,228,???,Policy hit matter after. Push young model writer.,Shopping Mall,,139.819941,http://www.cannon-garcia.org/,C0004265,David,Cantu,David Cantu,davidgarcia@example.com,000-000-0000,1992-06-27,Other,South Africa,Durban,"799 Zachary Hill, Durban",--,de,Bronze,"Jan 32, 2025",False,BKG_000000592,2025-01-16,2026-04-08,2026-04-20,12,2,0,0,suite,1,Mobile App,Extra bed,True,2025-03-18,Customer Request,1376.83,1092.01,155.93,5.99,659.21,Refunded,Debit Card,Booking.com,PROMO976,128.66,2025-05-13 06:30:42,2025-09-17 10:47:00,USER,Pending,REV_00000592,5,Little agree tonight.,Box hour she rich score. If seat even Democrat. Lose student type magazine own school.,2025-06-05,41,True,Istanbul,2025-07-28,Leisure,double,LegacySystem,2025-05-13 06:30:42,2025-09-17 10:47:00
H00864,Brown and Sons,Singapore,Singapore,Business Hotel,3,335,Free WiFi,Maintain fire effort play himself pattern such. Cultural do nation dream box medical.,Historic Site,-60.434973,42.664615,https://murphy.com/,C0001978,,Jefferson,None Jefferson,fuenteslindsey@example.org,845.579.4324,1999-06-12,F,Thailand,Bangkok,"162 Evelyn Underpass Suite 968, Bangkok",LW 99789,de,,2025-09-09,False,BKG_000000593,2025-08-29,2026-07-23,2026-07-23,1,4,1,0,suite,2,Phone,,True,2024-12-02,Customer Request,1277.43,1476.74,261.91,1.35,183.04,Refunded,Credit Card,TravelAgency,PROMO135,138.5,,2025-07-01 03:05:09,API,Confirmed,REV_00000593,1,Adult scene again nature wall maintain give.,Majority government suggest them road. Short capital national total. Name account act box hope.,2025-04-04,,True,Rabat,2025-07-20,Business,suite,CloudBooking,,2025-07-01 03:05:09
H00613,"Garcia, Mills and Pacheco",India,Bangalore,Business Hotel,3,335,Free WiFi,"Despite size a always.
Protect avoid carry glass.
Main whole commercial response oil necessary.","Beach,Museum,Park",50.082835,63.535043,https://sanders-anderson.org/,C0000904,Jade,Brown,Jade Brown,melissa88@example.net,(781)679-4920,1985-07-11,___,Spain,Barcelona,"73016 Walker Burg, Barcelona",QB 36238,fr,,2023-10-03,True,BKG_000000594,2024-09-05,2025-06-02,2025-06-03,1,3,3,2,suite,1,Phone,Extra bed,False,,,326.13,1263.29,147.85,27.17,153.14,!!Refunded,Credit Card,Direct,PROMO408,Five,2025-01-05 02:25:27,2025-07-31 08:30:22,USER,Pending,REV_00000594,4,Go reach guess.,Upon have car early worker action. Respond difficult list such far particular forward.,2024-08-02,14,False,Hiroshima,2025-03-02,Couple,suite,APIGateway,2025-01-05 02:25:27,2025-07-31 08:30:22
H00747,Moon Group,Colombia,???,--,4,68,"Pool,Gym,Spa",Story with already somebody. Local someone chance red center.,Shopping Mall,-44.934124,33.766784,https://love.biz/,C0003249,John,Hayes,John Hayes,zcarr@example.net,+1-680-394-5187x815,1998-09-27,Other,Australia...,Adelaide,"90752 Christina Island Suite 083, Adelaide",ME 43033,es,Platinum,2025-01-23,False,BKG_000000595,2024-05-19,2025-08-14,2025-08-27,13,1,1,2,suite,3,Web,Late check-in,True,2025-07-07,Payment Failed,1744.73,9999,8.7,24.19,374.48,Paid,Credit Card,Booking.com,NO_PROMO,187.17,2025-06-01 20:21:27,!!2025-06-30 09:01:06,AGENT,Cancelled,REV_00000595,1,Professional mission affect future listen let Mr.,Admit myself region white. Until edge player scientist concern. Whatever require realize accept compare weight determine.,2024-04-25,95,True,CHIANG MAI,2025-09-14,Business,single,CloudBooking,2025-06-01 20:21:27,!!2025-06-30 09:01:06
H00710,Valenzuela-Cannon,Spain,Madrid,City Hotel,5,473,"Pool,Gym,Spa",According operation effort become.,Shopping Mall,-29.25543,-140.73659,http://www.garcia.com/,C0002410,Michele,Turner,Michele Turner,@gmail.com,463.218.3897x614,2006-07-02,M,Brazil,Belo Horizonte,"86631 Medina Meadow Apt. 226, Belo Horizonte",YM 52627,fr,Gold,2025-02-08,False,BKG_000000596,2024-10-15,2026-01-18,"Jan 32, 2025",9,4,,0,suite,2,Agent,Extra bed,False,,,1565.61,,187.96,63.59,1055.88,,!!Debit Card,Expedia,PROMO687,108.86,2025-06-24 11:43:50,2025-07-31 01:26:56,API,Confirmed,REV_00000596,3,Others though drive race.,Full economy off almost little. Travel option start walk first great hear. Live a performance price receive positive entire.,2023-11-24,36,True,Antwerp,2025-08-20,Business,single,,2025-06-24 11:43:50,2025-07-31 01:26:56
H00242,Morris-Brown,Switzerland,Lausanne,Business Hotel,1,223,Free WiFi,Board control chance piece. Guess push policy.,Historic Site,-13.306327,9999,https://valencia.net/,C0001148,Louis,Parks,Louis Parks,jenniferhunt@example.net,700-655-5589,1974-09-28,Other,Israel,Eilat,"7643 Charles River, Eilat",NU 56594,fr,Gold,2025-03-25,True,BKG_000000597,2025-04-17,2026-05-29,2026-05-31,2,2,3,2,suite,1,Phone,Late check-in,False,,,81.2,1278.19,247.11,59.98,Five,Pending,PayPal,Booking.com,PROMO256,33.46,2025-03-02 21:16:31,2025-03-17 09:04:05,USER,Pending,REV_00000597,5,Exactly human lose off can executive realize.,Off goal rather. Environmental weight region seek study read. Difference police of our moment.,2024-09-17,68,True,Tromsø,2025-09-13  ,Business,double,APIGateway,2025-03-02 21:16:31,2025-03-17 09:04:05
H00292,Armstrong-Holt,,Plzen,City Hotel,5,500,"Pool,Gym,Spa",Pick Mr marriage work right. Pretty growth know.,Shopping Mall,73.125404,-161.107649,http://www.summers-smith.com/,C0001610,Jesse...,Fernandez,Jesse... Fernandez,michaelgarcia@example.net,+1-766-655-8064x02206,02/30/2025,Other,Romania,Brasov,"7763 Joseph Curve, Brasov",IZ 90863,es,Gold,2024-02-11,False,BKG_000000598,2025-08-06,2026-06-07,2026-06-15,8,3,0,1,single,1,Web,,True,2025-04-29,Hotel Closed,1927.6,1169.85,151.63,14.46,874.91,Paid,PayPal,Expedia,NO_PROMO,94.07,2025-03-17 23:35:54,2025-05-26 05:07:40,SYSTEM,Confirmed,REV_00000598,0,Same then alone.,Property leader imagine history. Investment wall radio step without. Various report local morning Congress collection resource bar.,2024-04-28,11,True,Florence,2025-04-25,Solo,single,LegacySystem,2025-03-17 23:35:54,2025-05-26 05:07:40
H00290,"Bryan, Ramirez and Franklin",Greece,Athens,Luxury Hotel,4,305,Free WiFi,"Go TV future per. Public experience pull case cold.
Thousand big send after.",Historic Site,-18.926245,91.513819,https://www.martin.com/,C0002810,Gregory,Ross,Gregory Ross,mthomas@example.org,(751)650-9362,1996-08-29,Other,Serbia,Belgrade,"8609 Burnett Street, Belgrade",UZ 36447,de,,2024-02-11,True,BKG_000000599,2024-05-04,2024-12-09,2024-12-19,10,2,1,0,single,1,Agent,,False,,,1382.66,809.84,263.41,53.58,1289.79,Paid,Debit Card,Booking.com,,176.65,2024-05-29 10:57:44,2025-10-17 16:06:29,USER,Cancelled,REV_00000599,2,Report another ahead until.,Direction where hard accept. Including Mr clearly month best occur stop.,2024-07-02,48,True,Antalya,2025-04-20,Leisure,suite,CloudBooking,2024-05-29 10:57:44,2025-10-17 16:06:29
H00124,"Jimenez, Gardner and Lawrence",Argentina,???,Budget Hotel,1,26,"Pool,Gym,Spa",Box return go paper material land control. Meeting much available note. Seven fight us year again.,"Beach,Museum,Park",-35.625445,-131.462834,https://www.landry.com/,C0004265,Matthew,Waters,Matthew Waters,alexander26@example.org,248.806.6947x7093,1978-09-24,M,Indonesia,Bandung,"110 Janet Cape, Bandung",DI 61189,fr,Platinum,2023-08-21,False,BKG_000000600,2024-03-17,2026-06-12,2026-06-19,7,1,2,9999,double,1,,Late check-in,False,,,366.88,1130.8,81.8,50.24,103.68,Failed,Cash,Expedia,PROMO916,19.56,2024-09-24 19:14:13  ,2025-03-27 13:56:09,USER,Cancelled,REV_00000600,5,Sound side Republican moment.,Unit discussion your result answer imagine dinner. That order right hold total miss chance project.,2025-03-21,29,False,Bangalore,2024-12-25,Business,suite,MobileApp,2024-09-24 19:14:13  ,2025-03-27 13:56:09
H00482,Walsh-Wilson,Spain,Granada,Business Hotel,1,304,"Pool,Gym,Spa",Mrs environment rich PM. Affect no trip structure development floor thank.,"Beach,Museum,Park",62.631543,119.983137,http://ryan-proctor.org/,C0000986,James,Barnes,!!James Barnes,john80@example.net,879-324-3636,1965-02-24,F,India,Bangalore,"05278 Michael Plaza Apt. 948, Bangalore",LE 62907,de,Platinum,2024-12-24,False,BKG_000000601,2024-09-15,2026-07-18,2026-07-30,12,3,3,0,suite,3,Phone,No requests,False,,,933.68,1288.35,70.69,77.42,253.19,Failed,Credit Card,___,NO_PROMO,176.47,2024-05-04 13:21:23,2025-05-12 15:58:28,USER,Confirmed,REV_00000601,2,Amount inside factor red mind population spring.,"Blue food speech or. Event actually sound nor name production government.
Friend start machine relationship personal. Risk world ahead.",2025-10-11,45,False, Seville ,2025-05-29,Family,suite,MobileApp,2024-05-04 13:21:23,2025-05-12 15:58:28
H00894,Calhoun-Archer,Brazil,Rio de Janeiro,Resort,2,330,Free WiFi,Suffer send both agency appear black tell. Maybe sport likely.,"Beach,Museum,Park",-73.641459,-159.467936,https://www.vincent.com/,C0003968,Kevin,Nguyen,Kevin Nguyen,richard01@example.com,972-866-7689x3899,1975-03-13,Other,Morocco,Rabat,"09938 Long Stravenue Apt. 645, Rabat",OJ 12126,tr,Bronze,2025-08-22,True,BKG_000000602,2024-11-09,2026-07-20,2026-07-24,4,2,3,2,suite,1,Agent,Late check-in,True,2025-06-28,Hotel Closed,1907.05,208.15,114.94,89.77,780.31,Pending,Cash,TravelAgency,No_promo,129.76,2025-07-24 11:59:01,2025-03-05 11:49:05,AGENT,Confirmed,REV_00000602,4,Position decade protect city particularly.,According pattern instead again alone yes perhaps. Blue despite again be party country rule become.,2024-02-17,45,True,Graz,2025-03-15,Business,single,LegacySystem,2025-07-24 11:59:01,2025-03-05 11:49:05
H00729,Jensen-Gray,,Guangzhou,Luxury Hotel,2,444,"Pool,Gym,Spa",Expect feeling wide few life. Long answer imagine smile.,Historic Site,-59.30742,87.910531,http://www.wolf.biz/,C0000523,Tina,Rasmussen,Tina Rasmussen,jesusharris@example.org,783-218-8985x00709,1947-09-30,F,Sweden,Gothenburg,"72542 Ashley Rue, Gothenburg",NS 11109,fr,,2023-01-07,True,BKG_000000603,2025-05-12,2025-11-06,2025-11-12,6,2,1,0,suite,3,Mobile App,Late check-in,True,2025-04-03,Payment Failed,297.67,Ten,244.51,60.81,278.97,Paid,Credit Card,Expedia,PROMO913,67.72,2024-12-19 11:08:09,2025-08-06 19:18:00,AGENT,Cancelled,REV_00000603,2,Room break national class father.,"Say this after create. Sign mother happy current avoid plan deep read.
Reduce past star article break true international. Others level reduce.",2024-03-09,51,True,Barcelona,2025-10-03,Leisure,double,LegacySystem,2024-12-19 11:08:09,2025-08-06 19:18:00
H00788," Hall, Porter and Townsend ",Colombia,Barranquilla,City Hotel,1,446,"Pool,Gym,Spa",Wear several somebody push of rate. According see why this treatment wish.,"Beach,Museum,Park",-70.241529,51.622016,https://www.ward-white.com/,C0002171,Cody,Mitchell,Cody Mitchell,parkerbruce@example.org,(754)332-9219x86945,1954-11-03,F,   ,Durban,"8393 William Mission Suite 210, Durban",UP 21428,es,Bronze,2023-01-19,False,BKG_000000604,2024-02-09,2026-07-15,2026-07-23,8,3,1,1,double,1,Agent,,True,2024-11-08,customer request,494.46,543.85,34.23,76.96,68.42,Paid,PayPal,Direct,PROMO323,-1,2024-04-26 01:45:57,2024-11-02 13:39:34,AGENT,Pending,REV_00000604,9999,Question usually stage nearly Republican successful serve.,Their I need enjoy. Early cost girl know table close. Television fine six no director threat.,2024-09-28,1,True,Singapore,2025-06-29,Leisure,single,LegacySystem,2024-04-26 01:45:57,2024-11-02 13:39:34
H00933,Phillips-Johnson,Finland,Tampere,Boutique,,357,Restaurant,Have read lose. Sense student do education reality hard eye. Size energy area push quality.,Historic Site,-67.419962,164.069523,http://ryan-cowan.org/,C0004654,Cynthia,???,Cynthia ???,lindasimmons@example.com,+1-849-331-2925x7682,1980-12-08,M,Belgium,Leuven,"71209 Foster Plaza Apt. 423, Leuven",RN 36492,en,Platinum,2025-10-04,True,BKG_000000605,2025-03-23,2024-11-12,2024-11-16,4,4,0,0, suite ,3,Agent,___,False,,,1455.44,1163.83,244.08,7.71,202.38,Refunded,PayPal,Direct,PROMO633,190.97,2024-02-21 23:04:55,2025-03-22 10:04:20,USER,Cancelled,REV_00000605,3,Guy serious author cold friend year guess.,Start hot beyond professional forget world strategy. Focus program model suffer sit.,2025-03-26,83,False,Mumbai,2025-06-22,Family,double,APIGateway,2024-02-21 23:04:55,2025-03-22 10:04:20
H00053,Collins-Vaughan,United Kingdom,Manchester,,4,432,"Pool,Gym,Spa",Card history available us information.,Historic Site,7.427767,-49.06426,http://www.sims.com/,C0004384,Lauren,Nelson,Lauren Nelson,tanner67@example.org,4863359407,1950-03-20,Other,Serbia,Subotica,"43390 Shaw Manor Suite 030, Subotica",CF 32695,es,Gold,2025-01-22,False,BKG_000000606,2025-05-02,2024-12-05,2024-12-12,7,4,2,2,suite,2,Web,Late check-in,True,2025-05-01,Customer Request,1417.11,477.65,110.99,85.57,729.78,Pending,Cash,Booking.com,,136.69,2025-08-23 23:52:54,2023-13-01,SYSTEM,Cancelled,REV_00000606,5,Voice tax statement hair red.,Picture police old spring authority. Sit section across more deal itself. Foot morning everything artist.,,83,True,Manila,2025-01-16,Family,single,MobileApp,2025-08-23 23:52:54,2023-13-01
H00719,Barker Group,Belgium,???,Budget Hotel,4,155,"Pool,Gym,Spa",City able year once degree. Hospital wrong factor office owner.,Shopping Mall,-81.319315,0,https://scott.com/,C0004377,Darin,Harper,Darin Harper,karilivingston@example.org,000-000-0000,1953-03-11,F,Serbia,Novi Sad,"7371 Edwards Street Suite 074, Novi Sad",Ep 46920,fr,,02/30/2025,True,BKG_000000607,2024-10-24,2026-09-06,2026-09-14,8,2,1,2,double,2,mobile app,Extra bed,False,,,277.01,1215.96,58.21,59.13,260.93,Paid,Debit Card,Airbnb,NO_PROMO,82.89,2024-02-05 07:41:29,!!2024-11-29 19:34:04,SYSTEM,Cancelled,REV_00000607,3,Current road compare example image little send.,Stand matter your me her bag data. Current high system like first evidence. Expect never something claim.,2024-09-28,26,True,Utrecht,2025-04-14,Solo,double,MobileApp,2024-02-05 07:41:29,!!2024-11-29 19:34:04
H00632,"Parker, Watkins and Green",Philippines,--,Luxury Hotel,3,73,Restaurant,South indicate Mrs performance number when. Reach fight poor be near.,"Beach,Museum,Park",-15.234711,-95.64542,http://www.turner.com/,C0003763,Mary,Martinez,Mary Martinez,seanhardin@example.net,(536)847-0538x34681,1967-01-13,M,Nigeria,Kano,"9301 Diamond Inlet, Kano",DX 31725,tr,Bronze,2024-12-24,False,BKG_000000608,2024-02-04,0000-00-00,2025-10-20,11,2,0,0,double,1,Web,,False,,,212.81,1224.81,86.49,17.85,121.68,Refunded,Credit Card,Airbnb,PROMO770,155.82,2025-08-28 05:09:53,2025-04-05 12:18:31,API,???,REV_00000608,2,Best place hundred itself size.,Lawyer within production trade force focus.,!!2024-12-15,4,False,Trujillo,2025-10-06,Family,double,CloudBooking,2025-08-28 05:09:53,2025-04-05 12:18:31
H00003,Ward Ltd,Belgium,antwerp,Luxury Hotel,1,166,"Pool,Gym,Spa",More foot usually grow.,"Beach,Museum,Park",-25.026826,106.073172,https://jones.com/,C0002956,Nathaniel,Aguilar,Nathaniel Aguilar,snyderlouis@example.net,,1980-12-28,Other,Peru,Lima,"542 Weber Parks, Lima",CR 38095,tr,Platinum,2025-06-27,???,BKG_000000609,2024-09-06,2026-08-21,2026-08-30,9,2,3,2,single,2,Agent,,False,,,243.42,569.44,216.55,36.0,4.47,Pending,Credit Card,Booking.com,NO_PROMO,62.11,2024-09-18 14:42:04,2025-10-21 02:29:08,AGENT,Pending,REV_00000609,1,Role north discussion these skin none open.,Especially explain owner join majority be daughter radio. Debate concern kind risk federal.,2024-02-01,43,True,Surabaya,2025-02-08,Solo,single,MobileApp,2024-09-18 14:42:04,2025-10-21 02:29:08
H00425,Dominguez LLC,Poland,Warsaw,Boutique,4,64,Restaurant,Opportunity because scientist that represent imagine member. Wait military ago.,Historic Site,,64.802617,https://greene.com/,C0001357,Jacob,Mayo,Jacob Mayo,edward75@example.com,+1-839-573-2481x5906,2007-07-11,Other,,Perth,"9970 Walters Lodge, Perth",TC 35401,en,,2025-02-11,False,BKG_000000610,2025-09-06,2026-07-26,2026-07-28,2,3,3,0,suite,2,Mobile App,No requests,True,2025-04-22,,1492.05,768.44,Ten,26.64,1252.77,Pending,!!PayPal,Direct,PROMO344,35.41,2024-06-29 20:49:44,2025-07-27 23:53:43,AGENT,Cancelled,REV_00000610,4,Middle language performance try.,Painting mission reflect available pattern. Issue certain young both person policy. Travel mind top positive close tax a.,2024-09-07,73,False,Bandung,2025-08-16,Business,suite,CloudBooking,2024-06-29 20:49:44,2025-07-27 23:53:43
H00104,Chen PLC,Colombia,Cali,City Hotel,5,456,Free WiFi,Other hour throw girl property where. Month fact to really stand.,shopping mall,-18.765767,-37.777912,https://ray-figueroa.biz/,C0004634,Eric,Wise,Eric Wise,nhall@example.net,663.389.0049x4368,1944-11-19,F,Denmark,Odense,"91148 Samantha Ville, Odense",ZN 42674,en,Platinum,2024-08-26,False,BKG_000000611,2024-08-19,2026-01-07,2026-01-09,2,Five,0,2,double,3,Mobile App,Late check-in,False,,,438.14,57.23,266.62,9999,290.5,Failed,PayPal,Expedia,___,18.74,2024-11-20 14:25:52,2025-05-26 17:42:38,SYSTEM,Cancelled,REV_00000611,5,Want lead suddenly.,Behind least call name benefit research model. Arm board manager along purpose. Without boy sister picture interview place we.,2024-01-01,65,True,Braga,2025-02-16,Business,double,LegacySystem,2024-11-20 14:25:52,2025-05-26 17:42:38
H00513,,Morocco,Rabat,Budget Hotel,Ten,294,Restaurant,Success administration some class leader. Industry might than drop the lose.,Historic Site,26.297309,-86.435999,http://meyer-cortez.biz/,C0003905,Susan,Roberts,Susan Roberts,kmartin@example.net,001-764-515-9600x766,1961-09-02,F,Japan,!!Kyoto,"08303 Williams Mews, Kyoto",WL 69155,tr,   ,2025-07-29,True,BKG_000000612,2024-10-27,2026-02-23,2026-02-26,3,3,1,1,suite,3,Mobile App,!!No requests,False,,,1292.58,622.68,282.48,3.96,476.8,Failed,Cash,Booking.com,NO_PROMO,119.18,2024-11-15 15:16:23,2025-04-05 21:22:06,AGENT,Confirmed,REV_00000612,2, Note during old day. ,Born despite along. Story whether bring late yes. Property serious air trouble about wind ability.,2024-07-15  ,31,False,Berlin,2025-03-10,Family,suite,CloudBooking,2024-11-15 15:16:23,2025-04-05 21:22:06
H00516,Morris Inc,Denmark,Aalborg,Resort,2,254,Free WiFi,Each little material accept action treat. Go most east radio prepare. Cell commercial other more.,Shopping Mall,-20.853884,-78.159347,___,C0000568,Daniel,Thomas,Daniel Thomas,john00@example.org,(499)955-6756,2003-01-04,Other,Denmark,Aalborg,"55668 Nathan Island, Aalborg",EJ 91889,tr,Silver,2023-07-26,False,BKG_000000613,2024-09-11,2025-09-05,2025-09-13,8,4,0,0,single,2,Phone,,   ,2025-02-15,,580.35,839.83,123.17,61.92,546.26,Paid,Cash,Direct,,183.0,2024-07-16 14:53:57,2025-01-04 22:13:37,agent,Cancelled,REV_00000613,5,On various read green.,"I control beat outside only. Recent dog news form.
Scientist of discuss smile gas. That right star ago suggest explain.",2023-11-15,15,False,The Hague,2025-04-24,Leisure,double,LegacySystem,2024-07-16 14:53:57,2025-01-04 22:13:37
H00260,"Lara, Kelly and Newman",Kenya,Nairobi,Business Hotel,5,389,"Pool,Gym,Spa",Else response agree keep society. Collection military low news form win.,Historic Site,37.474147,-123.045185,https://molina-mckee.com/,C0001587,Lindsay,Williams,Lindsay Williams,erikahampton@example.com,123-456-7890,"Jan 32, 2025",F,Slovakia,Bratislava,"3853 Perkins Hills, Bratislava",IW 30212,de,Silver,2025-01-04,False,BKG_000000614,2023-11-18,2025-06-22,2025-06-28,6,1,1,1,single,2,Phone,No requests,False,,,1348.54,879.07,96.8,85.79,1287.3,Pending,Credit Card,Airbnb,,131.83,2023-12-07 15:54:49,2025-09-03 01:55:22,USER,Confirmed,REV_00000614,3,Team investment country really agreement sign.,Science them land. Fly evening main require shake.,2024-01-15,,True,Bratislava,2025-03-17,Solo,single,MobileApp,2023-12-07 15:54:49,2025-09-03 01:55:22
H00348,,Peru,Cusco,Business Hotel,4,466,"Pool,Gym,Spa",Focus weight view. Say wide range whom appear state.,Historic Site,15.85016,147.50858,http://reed.net/,C0000617,David,Shaw,David Shaw,hernandezkrista@example.org,(763)430-9971,1952-01-11,F,United Kingdom,Manchester,"9740 Tracy Heights Apt. 429, Manchester",WJ 42306,en...,Platinum,2023-09-21,True,BKG_000000615,2025-02-03,2025-10-07,2025-10-19,12,1,2,2,single,3,Web,Extra bed,False,,,1997.49,1262.74,18.04,44.78,1715.87,Pending,Debit Card,Airbnb,,121.3,2024-01-01 04:51:25,2025-07-28 20:43:06,api,Pending,REV_00000615,1,Read seem rock tonight remember rock accept low.,Course director hold collection course. Off watch choose possible relationship public. Performance field hope person own turn thank.,2025-08-15,84,False,Ostrava,2025-07-22,Business,suite,LegacySystem,2024-01-01 04:51:25,2025-07-28 20:43:06
H00495,Garcia PLC,Slovakia,Kosice,Business Hotel,4,116,Free WiFi,Admit television room believe. Act join than fact building drop hotel.,Historic Site,-14.600703,-167.172731,https://lopez.biz/,C0002136,Lindsey,--,Lindsey --,ymason@example.net,001-441-771-2948x7454,1974-10-13,F,Czech Republic,Ostrava,"921 Edwards Land Apt. 359, Ostrava",XZ 93050,es,Gold,2023-05-05,False,BKG_000000616,2025-07-17,2025-09-16,2025-09-19,3,3,1,2,single,1,Agent,Extra bed...,False,,,1489.56,1200.17,281.64,14.45,216.33,Refunded,Credit Card,TravelAgency,NO_PROMO,149.66,2024-10-26 13:09:36,2025-04-01 14:42:40,AGENT,Confirmed,REV_00000616,4,Available relate notice particular tend result type.,Step our science interest there management. Machine near research support. Stage power others without.,2025-10-16,79,False,Nairobi,0000-00-00,Family,double,CloudBooking,2024-10-26 13:09:36,2025-04-01 14:42:40
H00569,"Newton, benson and jones",Germany,Berlin,Business Hotel,-1,428,Restaurant,Threat everybody lead understand. Letter who few page election.,"Beach,Museum,Park",-78.404716,-0.492179,https://moore.org/,C0003184,John,Sullivan,John Sullivan,shafferjennifer@example.com,+1-992-925-9366x31802,1958-01-10,F,France,Lyon,"96181 Thompson Garden, Lyon",EZ 19667,tr,Gold,2025-05-13,False,BKG_000000617,2024-07-24,2026-06-18,2026-06-26,8,4,1,1,single,2,Web,Extra bed,False,,,1640.83,1012.85,279.92,10.08,1172.27,Failed,Credit Card,Airbnb,NO_PROMO,75.68,2025-01-12 02:59:10,2025-02-26 17:11:17,USER,Confirmed,REV_00000617,5,___,Break special draw somebody girl of general. Bag commercial well religious store.,2025-04-15,76,False,Busan,2025-03-04,--,single,MobileApp,2025-01-12 02:59:10,2025-02-26 17:11:17
H00296,"Sharp, Higgins and Olsen",United Kingdom,Liverpool,Resort,1,398,"Pool,Gym,Spa",Politics project identify involve eye raise. Fall though time fly attack ready.,Historic Site,-22.602007,-70.237548,https://www.rose-arnold.com/,C0004446,William,Morgan,William Morgan,stephen52@example.com,001-788-650-1965,1971-01-23,M,Ireland,Cork,"4159 Katrina Lodge Apt. 690, Cork",JF 56405,tr,Gold,2025-09-06,False,BKG_000000618,2025-03-14,2026-10-17,2026-10-26,9,3,1,1,suite,3,Mobile App,Extra bed,false,2025-04-03,No Show,1390.36,1122.17,276.69,44.35,994.34,Pending,Cash, Direct ,PROMO107,27.24,2025-09-12 05:42:32,2024-12-12 03:20:50,API,Confirmed,REV_00000618,5,Understand career avoid former rich every.,,2024-03-02,84,True,Turku,2025-09-07,Couple,suite,CloudBooking,2025-09-12 05:42:32,2024-12-12 03:20:50
H00506,Holland-Nolan,Italy,Venice,Boutique,3,87,Free WiFi,Just fish authority piece nice alone build. Of place partner protect everything.,Historic Site,13.030476,-41.808678,http://mathis-li.org/,C0000499,,Giles,None Giles,nicholas49@example.org,001-316-652-0109x86776,1982-02-06,M,,Coimbra,"28627 Courtney Creek Suite 521, Coimbra",NU 78461,en,,2024-10-16,False,BKG_000000619,2024-10-14,2025-03-14,2025-03-15,1,4,2,1,suite,1,Agent,,False,,,388.39,1438.64,8.91,27.84,63.6,Failed,Cash,Airbnb,NO_PROMO,0,2025-10-25 20:52:08,2025-09-09 00:54:30,SYSTEM,Pending,REV_00000619,2,Turn product protect little theory music far.,"Human old local general western person.
Action push behind change pull. No send east perhaps.",2025-10-26,39,False,Ankara,,Family,single,MobileApp,2025-10-25 20:52:08,2025-09-09 00:54:30
H00191,Mcgrath Group,Greece,Rhodes,Luxury Hotel,3,9999,Restaurant,Recent support deal whose anyone. Information cut street themselves occur.,"Beach,Museum,Park",-5.428076,50.444104,https://russell.org/,C0000669,David,Guzman,David Guzman,,382.407.2980x38477,1946-07-19,Other,___,Jeddah,"6980 Patricia Drive Apt. 817, Jeddah",YW 98151,es,Bronze,2023-01-19,True,BKG_000000620,2024-01-30,2026-01-06,2026-01-18,12,3,2,0,suite,1,Phone,Extra bed,False,,,1906.31,213.62,284.46,99.72,619.71,Refunded,Credit Card,Booking.com,NO_PROMO,37.43,,2025-06-12 13:21:16,API,Pending,REV_00000620,5,Remember move father citizen moment.,Yet spring entire future resource very. Open bank behind fast.,2025-02-13,60,True,Dublin,2025-06-12,Couple,suite,APIGateway,,2025-06-12 13:21:16
H00592,Anthony-Khan,China,Chengdu,City Hotel,4,457,Free WiFi,Air night together goal either create. Area indeed so three board.,Shopping Mall,-84.268045,-160.291681,http://www.fletcher.com/,C0002535,Tonya,Smith,Tonya Smith,kellykimberly@example.org,761.674.8528x459,1960-02-15,M,Denmark,Aarhus,"4940 Matthew Center, Aarhus",KG 79253,es,Silver,2023-04-21,True,BKG_000000621,2025-10-06,2025-01-09,2025-01-15,,2,2,0,double,3,Agent,No requests,False,,,1569.58,1218.47,56.9,91.71,0,Pending,PayPal,Booking.com,PROMO106,166.18,2024-12-07 02:21:12,2025-08-24 16:20:40,SYSTEM,Cancelled,REV_00000621,2,Sport along challenge total.,"Station professional develop would instead.
Material father worry page. Choose majority station experience. Take woman able family or outside.",2024-11-05,92,False,Subotica,2025-08-29,Family,suite,CloudBooking,2024-12-07 02:21:12,2025-08-24 16:20:40
H00969,"Hall, Crawford and Villanueva",Morocco,Fes,Budget Hotel,3,180,Restaurant,Necessary what major compare sell start imagine born.,Historic Site,-29.245425,133.341833,???,C0004439,Amy,Vaughn,Amy Vaughn,andreasaunders@example.net,+1-646-861-9993x613,1992-02-08,M,Canada,Montreal,"00532 Collins Lakes, Montreal",VY 30126,--,Silver,2024-05-25,False,BKG_000000622,2023-12-24,2025-02-27,2025-03-07,8,2,0,0,suite,2,Web,Extra bed,True,2025-07-16,Payment Failed,1674.6,774.75,144.05,35.18,483.85,Failed,Credit Card,Expedia,,5.46,2024-03-21 05:48:15,2025-06-12 19:58:59,USER,Cancelled,REV_00000622,2,She letter class because bad style week.,Model government former keep. Produce rise individual economic population the carry.,2025-05-20,88,False,Subotica,2025-10-23,Family,suite,APIGateway,2024-03-21 05:48:15,2025-06-12 19:58:59
H00158,Bautista-Silva,Bulgaria,Varna,Luxury Hotel,2,220,Restaurant,Own speak sense again point employee despite. Us western after return.,"Beach,Museum,Park",41.320734,87.578999,http://watson.com/,C0004842,Whitney,Griffin,Whitney Griffin,ykelly@example.net,220-951-8321,1955-05-10,,Hungary,Szeged,"488 Mcneil Mission Suite 396, Szeged",NT 65429,tr,--,2025-06-08,False,BKG_000000623,2024-01-10,2025-01-13,2025-01-20,7,2,2,0,single,3,Web,Extra bed,True,2025-07-23,Payment Failed,489.05,148.3,131.37,18.02,25.25,Failed,Cash,Booking.com,PROMO946,106.46,2024-02-14 19:28:06,2025-02-14 15:54:00,SYSTEM,Pending,REV_00000623,2,Authority organization may bank home apply.,Start cost huge. Smile staff the guy treatment. Heart onto house trip.,,19,True,Limerick,2025-03-01,Family,double,MobileApp,2024-02-14 19:28:06,2025-02-14 15:54:00
H00232,"Sanders, Henry and Carter",United States,Washington D.C.,Business Hotel,5,459,"Pool,Gym,Spa",Great teach radio night. Rock away become consider news high local make. Large sell treat.,Shopping Mall,14.68751,44.323421,https://bryant.com/,C0000932,Kiara,Duncan,Kiara Duncan,donnamiller@example.com,967.849.1158x95848,1951-08-19,F,Serbia,Novi Sad,"471 Nicole Oval Apt. 884, Novi Sad",HG 21318,tr,___,2023-11-14,True,BKG_000000624,2025-08-07,2026-06-15,2026-06-19,4,1,3,1,suite,3,Phone,Extra bed,False,,,955.15,1267.86,32.73,6.7,,Pending,PayPal,!!Expedia,PROMO800,190.89,2024-01-05 19:29:19,2025-01-29 10:40:11,SYSTEM,Cancelled,REV_00000624,1,Military reach condition reveal ever.,Number low friend eat line four thus interest. Least can behavior contain.,2025-07-04,54,False,Da Nang,2024-11-17,Family,suite,APIGateway,2024-01-05 19:29:19,2025-01-29 10:40:11
H00513,"Oliver, Collins and Allen",Czech Republic,Ostrava,Boutique,2,124,"Pool,Gym,Spa",Fill lead window several. Sure father officer. Past husband traditional star to movie war.,"Beach,Museum,Park",-1,-165.209064,https://esparza-morales.com/,C0004525,Lacey,Torres,Lacey Torres,joshuahaynes@example.org,618-755-8480x64052,1972-01-28,Other,Saudi Arabia,Jeddah,"641 Walker Port Suite 091, Jeddah",JL 33228,es,Bronze,2024-01-17,True,BKG_000000625,2025-09-02,2026-04-08,2026-04-21,13,3,2,2,double,3,Agent,No requests,True,2025-04-14,Customer Request,1977.14,204.8,20.07,42.89,1824.63,Pending,PayPal,TravelAgency,,164.3,2025-07-09 09:41:18,2025-05-20 15:33:09,API,Cancelled,REV_00000625,2,And realize fine decade theory dark something method.,Material PM down range indeed. East left call hit happen. Customer customer civil fact action beautiful.,2024-05-06,13,False,Funchal,2024-12-10,Business,double,LegacySystem,2025-07-09 09:41:18,2025-05-20 15:33:09
H00569,Baker Ltd,Poland,Warsaw,Business Hotel,4,333,Restaurant,Within beat trade hotel. Present exist through available.,Shopping Mall,-55.766549,137.682124,https://www.perkins-hale.com/,C0004447,Shelley,Nixon,Shelley Nixon,paula37@example.net,215-249-6397x5114,2007-09-14, Other ,Argentina,Córdoba,"4505 Renee Passage, Córdoba",EZ 45111,es,,2025-02-07,True,BKG_000000626,2025-09-18,2026-02-01,2026-02-09,8,3,0,2,double,1,Agent,Late check-in,False,,,1544.11,1423.84,70.73,10.77,245.35,Failed,Debit Card,TravelAgency,,144.71,2024-04-29 05:45:35,2025-07-08 09:26:20,SYSTEM,Confirmed,REV_00000626,3,Television especially alone generation second growth.,Cup have hot consumer. Husband morning so. From industry program guess catch success.,2024-03-18,39,True,Stockholm,2024-12-29,Solo,double,CloudBooking,2024-04-29 05:45:35,2025-07-08 09:26:20
H00996,Kent Group,Netherlands,Rotterdam,Budget Hotel,1,272,"Pool,Gym,Spa",Everyone finally just issue this. Religious wonder entire.,Historic Site,62.916004,88.587338,https://patrick.info/,C0004631,Sara,Phillips,Sara Phillips,patriciadelacruz@example.com,348-914-7401x02324,1995-02-01,M,Portugal,Coimbra,"15624 Mendez Turnpike, Coimbra",UC 76856,tr,Gold,2025-04-15,False,BKG_000000627,2024-04-20,2025-06-01,2025-06-09,8,2,9999,0,single,3,Web,Extra bed,False,,,563.85,1347.63,202.72,44.8,80.77,Pending,Credit Card,Booking.com,,164.85,2024-11-08 12:32:08,2024-12-20 20:41:02,AGENT,Pending,REV_00000627,3,Father story this deal.,"North right common large this level six. Discover candidate form issue health true.
General when view hard tax.",2024-05-20,5,True,Arequipa,2025-06-01,Solo,suite,CloudBooking,2024-11-08 12:32:08,2024-12-20 20:41:02
H00338,Gonzalez LLC,Vietnam,Ho Chi Minh City,Business Hotel,4,49,"Pool,Gym,Spa",Occur dinner challenge spring. Thought least surface control.,Historic Site,16.253734,-57.196576,https://www.ramos-key.com/,C0000242,Christina,Montoya,Christina Montoya,warrenbenjamin@example.net,(829)653-9587x965,1974-11-12,F,Argentina,Córdoba,,IV 43976,fr,Gold,2024-03-28,False,BKG_000000628,,2026-07-03,2026-07-14,11,1,0,2,single,3,Web,,True,2025-09-21,No Show,95.59,926.86,44.78,58.32,18.33,Paid,Credit Card,Booking.com,NO_PROMO,70.51,2024-08-17 14:17:31,2025-06-18 10:12:57,USER,Pending,REV_00000628,1,Really television hold.,Southern computer yeah meet exist. Measure position six continue product of. Arm only court wall.,2024-05-09,22,True,Toronto,2025-04-05,Business,double,MobileApp,2024-08-17 14:17:31,2025-06-18 10:12:57
H00543,Wright-Craig,Czech Republic,Brno,Luxury Hotel,3,452,Free WiFi,Note call wind through. Likely interview little put.,Historic Site,33.205061,-171.136398,https://www.hansen-carter.com/,C0001702,Francis,Salazar,Francis Salazar,nstein@example.net,001-201-423-9701x419,2001-11-17,Other,Egypt,Alexandria,"44823 Lopez Plains Suite 072, Alexandria",SQ 49864,tr,Platinum,2025-05-17,True,BKG_000000629,2024-03-02,2026-08-18,2026-08-25,7,2,3,1,suite,1,Agent,Late check-in,False,,,1974.04,1228.16,141.11,48.88,1581.22,Refunded,PayPal,Booking.com,NO_PROMO,98.98,2024-05-13 09:49:46,2025-01-16 22:50:26,AGENT,Confirmed,REV_00000629,3,Pm road admit action include.,Surface night concern stock according. Before scientist it certain.,2023-11-02,39,True,Dublin,2025-10-01,Business,suite,MobileApp,2024-05-13 09:49:46,2025-01-16 22:50:26
H00411,Berg and Sons,Argentina,Buenos Aires,City Hotel,5,340,,COVER BABY COMPARE ME ITS AFFECT FRONT DIFFERENT.,Shopping Mall,37.505276,,http://www.wood-logan.net/,C0004523,Kimberly,Horn,___,marygibson@example.net,+1-786-850-8060x959,1957-08-15,F,New Zealand,Christchurch,"86073 Matthew Lodge, Christchurch",HI 67962,es,Gold,2024-03-30,False,BKG_000000630,2025-10-08,2025-11-01,2025-11-04,3,4,1,0,double,2,Agent,Extra bed,False,,,1264.48,1313.64,7.04,54.1,1197.72,Paid,Credit Card,Airbnb,PROMO722,88.14,2024-05-26 22:38:52,2025-10-22 11:01:19,USER,Confirmed,REV_00000630,2,So individual far usually best.,Cold price feel identify community perhaps hair. Significant attention into artist.,2024-02-10,18,True,Toulouse,2025-08-14,Leisure,double,CloudBooking,2024-05-26 22:38:52,2025-10-22 11:01:19
H00541,Thompson-Pearson,Serbia,Subotica,Boutique,2,254,???,Involve compare purpose each treat suffer mouth. Thing college few gun.,Historic Site,10.301681,32.138244,http://www.wilson.info/,C0003653,Christopher,Green,Christopher Green,miabailey@example.com,758.759.1345x46190,1980-02-01,F,Poland,Wroclaw,"0131 CARSON FLATS APT. 926, WROCLAW",XO 41921,tr,Gold,0000-00-00,False,BKG_000000631,2024-11-09,2026-05-13,"Jan 32, 2025",5,4,1,2,suite,3,Phone,Late check-in,True,0000-00-00,,1757.62,883.37,60.8,84.12,1341.03,Paid,Credit Card,Direct, PROMO696 ,47.74,2025-07-26 16:41:39,2024-11-02 00:21:05,USER,Pending,REV_00000631,2,Between foreign cold much none computer question.,Him something identify choice language series seek. Team actually show us. Office blue series page offer. Take democratic need friend.,2024-06-24,23,True,Cape Town,2024-11-25,!!Leisure,double,LegacySystem,2025-07-26 16:41:39,2024-11-02 00:21:05
H00887,"Reid, Green and Daniels",Ireland,Dublin,Boutique,2,483,Restaurant,Subject able source range. Job bag throw increase. Again travel sound.,"Beach,Museum,Park",64.907458,-150.686177,https://flores-diaz.com/,C0002321,SUSAN,Le,SUSAN Le,robertsangela@example.com,291.300.0813,,M,Colombia,Bogotá,"519 Nathan Crescent, Bogotá",WB 41576,fr,Platinum,2024-08-21,False,BKG_000000632,2025-06-12,2024-11-02,2024-11-15,13,1,0,1,single,3,Phone,No requests,False,,,928.41,1194.01,298.02,44.96,862.37,Paid,Credit card,Airbnb,NO_PROMO,155.77,2023-12-20 15:10:25,2025-08-04 03:40:26,!!USER,Pending,REV_00000632,2,Strong red first loss early finish.,"More prove fight writer ahead. Detail tonight sport recent catch.
This care score right nation across. Director thing if exactly help.",2024-11-01,62,True,Gothenburg,2025-08-14,Family,double,LegacySystem,2023-12-20 15:10:25,2025-08-04 03:40:26
H00881,Mitchell Group,United Kingdom,Liverpool,Luxury Hotel,2,38,Free WiFi,Here inside able question oil. Head course win other every argue against.,Historic Site,0,-66.915192,https://www.barnett.com/,C0004744,Jessica,Gonzalez,Jessica Gonzalez,sarahnichols@example.net,4043510600,2000-11-08,F,Argentina,Buenos Aires,"311 Carlos Bypass Suite 867, Buenos Aires",GR 73074,en,Silver,2023-06-04,False,BKG_000000633,2025-08-13,2025-09-20,2025-09-21,1,2,1,2,suite,2,Web,Late check-in,False,,,1434.19,728.17,174.34,34.02,1349.37,Failed,Cash,Expedia,,122.41,2025-07-31 22:59:10,2024-12-18 19:18:23,USER,Cancelled,REV_00000633,1,Cultural particular fire our necessary.,"Democratic compare good people. Fall wait tax car.
Among special military fast believe ability. Report American positive soon.",2025-06-24,9,True,Hamilton,2025-07-09,Business,suite,APIGateway,2025-07-31 22:59:10,2024-12-18 19:18:23
h00899,--,Sweden,LINKÖPING,Budget Hotel,1,95,Restaurant,Ahead sound rate. Fact week day wear. Then use final seek garden oil., Historic Site ,-44.361648,175.218647,https://www.torres.org/,C0004415,Melissa,Mata,Melissa Mata,jenniferandrews@example.net,(306)629-8431x9304,2002-12-13,Other,New Zealand,Christchurch,"1203 Joshua Shoal Suite 687, Christchurch",VD 91305,de,Gold,2025-01-19,True,BKG_000000634,2025-03-15,!!2024-11-28,2026-02-24,14,2,2,0,single,2,Phone,Late check-in,True,2025-08-02,Customer Request,521.68,419.42,,3.0,353.86,Refunded...,Debit Card,Direct,NO_PROMO,163.17,2024-10-09 19:15:10,2025-10-19 09:29:35,API,Confirmed,REV_00000634,4,Best east environment include help.,Star party cup billion reason item. Entire doctor Republican hour police author small. Beyond wall response room.,2025-01-29,63,True,Monterrey,2025-06-19,Solo,double,LegacySystem,2024-10-09 19:15:10,2025-10-19 09:29:35
H00139,Flores-walker,Vietnam,Ho Chi Minh City,Boutique,3,382,"Pool,Gym,Spa",Value large sit. Day two summer many institution site. Maybe ahead success nice work get account.,"Beach,Museum,Park",1.417926,-85.808536,https://www.proctor.org/,C0003509,Daniel,___,Daniel ___,sarahruiz@example.net,001-755-935-6916x044,1960-07-13,F,Denmark,Aalborg,"949 May Springs Apt. 155, Aalborg",TH 70479,de,Silver,2024-09-27,False,BKG_000000635,2024-10-03,2026-07-18,2026-07-22,4,Ten,1,1,double,1,Mobile App,Extra bed,True,2025-04-28,Hotel Closed,623.63,278.24,205.9,98.78,221.12,Failed,Debit Card,Direct,NO_PROMO,125.19,2024-10-23 20:59:28,2025-08-30 01:33:46,USER,Cancelled,REV_00000635,3,Real allow scientist building manage.,Arm attorney inside. Common by his evidence have. Score avoid second particularly. Fly nearly certain speech do garden with.,2023-12-22,88,True,Belo Horizonte,2025-04-24,Family,single,CloudBooking,2024-10-23 20:59:28,2025-08-30 01:33:46
H00513,--,Sweden,Uppsala,City Hotel,3,486,Free WiFi,Hundred number rise safe method.,Shopping Mall,15.605016,-32.412592,http://www.gonzalez-hall.com/,C0002024,Deanna,Wiley,Deanna Wiley,wpowell@example.org,(884)465-0062x415,1979-11-12,F,Australia,Brisbane,"5615 David Prairie, Brisbane",KV 99595,es,,2023-01-31,True,BKG_000000636,2024-03-12,2026-06-14,2026-06-24,10,2,2,2,double,3,Mobile App,,True,2025-10-31,,803.88,1355.22,Five,Five,598.3,Refunded,Debit Card,Expedia,NO_PROMO,111.49,2025-03-12 14:35:21,2025-03-01 04:59:34,SYSTEM,Cancelled,REV_00000636,5,Per dog eight place.,Without start raise support loss guess wish attack. Scientist despite compare up face operation. Can early career lawyer.,2024-09-26,Ten,True,Hyderabad,2024-12-21,Business,suite,CloudBooking,2025-03-12 14:35:21,2025-03-01 04:59:34
H00772,Dunn and Sons,France,Paris,Resort,3,-1,"Pool,Gym,Spa",Baby food movement space modern. Poor eye off alone material north write.,"Beach,Museum,Park",,155.486434,http://www.hall.net/,C0002308,Craig,Vargas,Craig Vargas,bensonsteven@example.com,,1996-10-30, M ,Singapore,Singapore,"96089 Craig Prairie Apt. 372, Singapore",XJ 20565,en,Gold,2025-09-21,True,BKG_000000637,2024-07-25,2025-02-09,2025-02-21,12,1,0,1,suite,1,Phone,Extra bed,False,,,9999,1436.01,91.64,5.1,7292.93,Failed,Debit Card,Direct,NO_PROMO,65.3,2025-03-20 01:04:29,2025-09-07 07:05:41,USER,Confirmed,REV_00000637,5,There available station project writer....,Food mind window road first. Gas author appear people decision knowledge.,2025-03-26,86,False,Salvador,2025-10-15,Leisure,double,LegacySystem,2025-03-20 01:04:29,2025-09-07 07:05:41
H00154,"Roberts, Harris and Nash",!!Spain,Seville,Resort,2,151,"Pool,Gym,Spa",Season brother light bed laugh seek pretty sport. Experience beautiful despite different.,Historic Site,52.286356,-107.547923,HTTPS://WWW.SMITH.NET/,C0001787,Jeffrey,Hart,Jeffrey Hart,marcia59@example.org,+1-787-533-7636,1991-11-11,Other,South Korea,Busan,???,VL 13674,fr,Platinum,2024-02-27,False,BKG_000000638,2024-02-05,2025-02-16,2025-02-19,3,1,2,1,double,1,Phone,No requests,True,2025-08-10,Payment Failed,1721.4,1381.79,99.64,86.55,1491.1,Failed,PayPal,TravelAgency,NO_PROMO,123.31,2024-12-07 00:13:20,2025-03-26 07:12:21,API,Cancelled,REV_00000638,4,,You election accept ready thus as performance you. Near huge side sign international. Get couple mind our need.,2024-09-17,24,False,Miami,2024-12-12,Solo,double,APIGateway,2024-12-07 00:13:20,2025-03-26 07:12:21
H00207,Griffin Inc,Singapore,Singapore,Business Hotel,1,483,Restaurant,That authority themselves as. Dog employee audience send let which artist this.,"Beach,Museum,Park",-84.641051,-97.797471,https://douglas.com/,C0003331,Brian,Reynolds,Brian Reynolds,rvelez@example.com,847-318-5425,1994-06-08,Other,Vietnam,Hanoi,"197 Tracy Estates, Hanoi",PW 81290,fr,Bronze,2025-10-08,False,BKG_000000639,2024-12-17,2026-02-16,2026-02-20,4,2,2,1,double,3,Agent,Late check-in,!!False,2025-01-23,Payment Failed,669.61,1309.9,185.96,89.21,234.74,Paid,Credit Card,Airbnb,,189.52,2024-05-02 13:39:16,2025-06-11 17:26:08,API,Cancelled,REV_00000639,4,Loss factor story.,Share in need impact. Know commercial relate. Almost article kid create seek success.,2024-12-08,13,True,The Hague,2025-06-23,Couple,single,LegacySystem,2024-05-02 13:39:16,2025-06-11 17:26:08
H00644,Johnston Group,Morocco,Rabat,Resort,1,56,"Pool,Gym,Spa",Street series movement. Question body team manage by task. Receive fear begin argue.,"Beach,Museum,Park",64.192727,-51.612368,https://gilbert.net/,C0001974,Glenn,Obrien,Glenn Obrien,gwood@example.org,810-409-7113x6654,1997-08-22,F,Czech Republic,Prague,"569 Natasha Squares, Prague",AE 71871,es,Bronze,2024-06-01,True,BKG_000000640,2024-05-02,2025-05-18,0000-00-00,1,4,1,0,suite,1,Mobile App,No requests,True,2025-07-31,No Show,552.97,1071.83,20.92,99.45,8.05,Failed,Cash,Direct,,86.58,2024-04-14 09:55:42,2025-07-18 01:16:45,USER, Cancelled ,REV_00000640,1,Pm matter camera word baby indicate.,Seven life fight dog. Oil garden suddenly along sometimes. Serious production his four energy help top week.,2024-04-17,10,True,Guadalajara,2025-01-27,Couple,double,MobileApp,2024-04-14 09:55:42,2025-07-18 01:16:45
H00600,Cannon Ltd,Nigeria,Lagos,Boutique,3,53,Free WiFi,Politics respond nearly pay. Five concern TV.,Shopping Mall,,-127.094598,http://www.harvey.net/,C0003048,   ,Smith,    Smith,david40@example.net,493.541.3906x539,1951-08-29,F,Colombia,Barranquilla,"550 Hensley Turnpike Suite 310, Barranquilla",VU 34521,es,Platinum,2023-11-11,True,BKG_000000641,2024-06-14,2025-10-21,2025-10-31,10,2,3,2,single,3,Agent,,True,2025-08-21,   ,1530.78,1159.6,186.54,67.3,184.27,Refunded,PayPal,Expedia,NO_PROMO,88.01,2024-01-09 13:26:28,2025-08-21 04:39:01,,Pending,REV_00000641,5,Image before up clearly less.,Day international sport must. Common race thousand hope either. Professor heavy great factor hair both book.,2025-10-24,47,True,Bergen,2025-05-02,Business,single,CloudBooking,2024-01-09 13:26:28,2025-08-21 04:39:01
H00808,Phillips Group,Norway,Trondheim,Budget Hotel,4,234,Restaurant,"Sound treat we floor.
Out return executive standard. Lay material dog should especially civil.",Historic Site,46.684593,128.081378,https://www.guzman.net/,C0002305,Benjamin,Roberts,Benjamin Roberts,davidross@example.org,000-000-0000,1985-03-17,M,Spain,Seville,"48539 Davis Cape Apt. 876, Seville",XX 73104,de,Bronze,2025-06-27,True,BKG_000000642,2025-02-22,2025-05-03,2025-05-13,10,3,0,1,suite,3,Agent,Extra bed,True,2025-07-03,Hotel Closed,1005.22,650.05,184.87,18.03,761.1,Pending,Credit Card,Expedia,PROMO704,103.64,2024-07-27 11:29:40,2025-01-16 09:32:16,AGENT,Cancelled,REV_00000642,1,Language particularly hundred method involve unit.,Thus drive issue pressure strong PM sister. Especially too son establish president become.,2024-05-15,45,True,Abu Dhabi,2025-07-20,Solo,double,APIGateway,2024-07-27 11:29:40,2025-01-16 09:32:16
H00549,"Green, Price and Barr",Austria,Vienna,City Hotel,4,303,"Pool,Gym,Spa",Affect crime happen whether cause whole. American evening name less wife type.,Shopping Mall,-68.123294,-71.347786,https://smith.com/,C0001932,Amanda,Castillo,Amanda Castillo,gsullivan@example.com,001-834-917-2033,2000-04-28,F,France,Toulouse,   ,OY 69836,en,Gold,2025-05-31,False,BKG_000000643,2023-11-01,2026-08-22,2026-08-29,7,1,1,2,double,2,Web,,False,,,373.53,1125.78,98.93,47.51,100.99,Pending,Cash,Airbnb,PROMO141,19.36,2024-11-25 04:21:06,2025-01-13 06:19:38,API,Confirmed,REV_00000643,1,Minute sort arrive himself audience though.,Behavior threat million future lay. If no serve red dinner.,2023-12-26,62,True,Washington D.C.,2024-12-25,Business,double,CloudBooking,2024-11-25 04:21:06,2025-01-13 06:19:38
H00562,Pacheco-Austin,Malaysia,KUALA LUMPUR,Luxury Hotel,5,459,"Pool,Gym,Spa",Oil fund chair will subject. Sort meeting room why. Study bad itself stand if here.,Historic Site,-69.393994,-170.247366,https://huff.net/,C0003112,--,Snyder,-- Snyder,angelacollins@example.com,+1-397-964-2793,1984-07-11,Other,Chile,Viña del Mar," 334 Blair Tunnel Apt. 679, Viña del Mar ",RL 17668,es,Gold,2022-11-02,True,BKG_000000644,2024-09-17,2026-10-27,2026-10-27,1,1,0,2,single,Five,Phone,,False,,,1300.09,725.07,53.92,87.23,837.13,Refunded,Debit Card,Airbnb,NO_PROMO,115.11,2024-03-22 02:53:57,2025-02-14 05:00:21,AGENT,Pending,REV_00000644,3,Hair the and.,Television hotel oil close. Different market find half score address whose indeed. Bill production now rate type speech ahead.,2024-01-11,67,False,Calgary,2025-03-08,Solo,single,MobileApp,2024-03-22 02:53:57,2025-02-14 05:00:21
H00291,Jackson and Sons,Netherlands,The Hague,Boutique,4,222,Free WiFi,Wrong popular until girl. My food war cost. Above race of single piece risk five.,Shopping Mall,-19.849432,133.184092,https://www.lee.com/,C0002329,Kelly,Bartlett,Kelly Bartlett,fwilkins@example.com,+1-891-569-1831x6753,1974-03-26  ,F,United Arab Emirates,Sharjah,"710 Lauren Cliff, Sharjah",WT 89026,de,,2023-08-25,False,BKG_000000645,2024-10-12,,2026-01-18,3,3,3,2,suite,1,Mobile App,Extra bed,True,2025-01-10,No Show,1098.63,269.45,211.75,28.8,995.94,Refunded,___,Booking.com,PROMO602,0.94,2025-07-04 21:43:56,2025-08-24 07:28:14,API,Pending,REV_00000645,4,Scientist executive different car relationship become all voice.,"Federal site animal group.
As why ago explain today. Never close beautiful reflect.",2024-11-11,26,True,Venice,2025-09-05,Family,single,MobileApp,2025-07-04 21:43:56,2025-08-24 07:28:14
H00515,Kelly Ltd,Saudi Arabia,Jeddah,City Hotel,2,466,Restaurant,Group fire school far western entire story. Series beyond identify enough trip player old.,Historic Site,52.885028,-27.109768,http://www.stanley.com/,C0004411,Travis,Patterson,Travis Patterson,gibsonjoshua@example.net,+1-202-275-7971x475,1967-07-08,F,Belgium,Antwerp,"985 Ryan Lane, Antwerp",AE 73794,de,Silver,2023-01-10,False,BKG_000000646,2025-09-29,2026-03-13,2026-03-13,1,2,0,2,double,1,Phone,???,False,,,907.53,1410.56,24.69,-1,484.09,Failed,PayPal,TravelAgency,,83.35,2025-05-01 00:25:08  ,2025-05-14 11:26:22,SYSTEM,Pending,REV_00000646,3,Discuss any Democrat bed.,Example effect task teach sort. As market face dog nice. Rich why record thing respond issue.,2025-01-24,1,True,Rome,2025-03-30,Couple,double,CloudBooking,2025-05-01 00:25:08  ,2025-05-14 11:26:22
H00181,Neal-Powell,France,Nice,Budget Hotel,3,466,"Pool,Gym,Spa",Economic court line list television. Mother total arm air free reflect job.,Historic Site,-82.932404,-152.802582,https://ponce-ellis.com/,C0004385,Jenna,White,Jenna White,margaretwagner@example.net,(741)326-3152,1970-12-23,F,Romania,Timisoara,"595 Long Loaf, Timisoara",YX 70456,es,Silver,2022-11-14,False,BKG_000000647,2024-07-26,2025-02-19,2025-03-03,12,3,0,0,double,3,Web,No requests,True,2025-01-26,No Show,1360.38,1080.34,144.97,14.73,166.19,Paid,Cash,Airbnb,,123.41,2023-12-09 14:46:58,2025-01-13 23:46:47  ,USER,Confirmed,REV_00000647,2,Senior open fill project with relationship nice.,Chance cultural man beautiful treat item choice. Leave bar country economy.,2024-04-21,70,True,Plzen,2025-03-13,Family,single,,2023-12-09 14:46:58,2025-01-13 23:46:47  
H00233,Murillo-Hoffman,Portugal,Porto,Budget Hotel,1,304,Free WiFi,Crime project radio really memory. Answer your draw.,Shopping Mall,2.718896,-88.151268,http://butler-ford.info/,C0003450,John,Martin,John Martin,meredith31@example.net,303.634.4667x74920,1978-04-21,M,Serbia,Nis,"4945 Patterson Wells, Nis",XL 71284,de,Bronze,2024-07-18,False,BKG_000000648,2024-10-19,2025-10-03,2025-10-07,4,2,2,1,suite,2,Mobile App,Late check-in,!!True,2025-06-10,,825.98,1158.88,139.66,90.4,119.42,FAILED,Credit Card,Booking.com,NO_PROMO,51.32,2025-05-20 14:28:52,2025-09-30 19:53:38,API,Cancelled,REV_00000648,3,As able age easy.,___,2025-09-07,50,True,Córdoba,2025-06-04,Couple,double,LegacySystem,2025-05-20 14:28:52,2025-09-30 19:53:38
H00716,sosa-smith,Ireland,Galway,Resort,5,475,Restaurant,"Lead when key few bit.
Finally from consumer age shoulder. Expert make analysis.",Shopping Mall,38.353207,155.430359,https://schneider.com/,C0003394,Tamara,Matthews,Tamara Matthews,dana06@example.com,001-515-481-5206,1993-02-04,M,Ireland,Cork,"255 Medina Lakes Suite 537, Cork",ke 81343,en,Silver,2024-10-13,True,BKG_000000649,2024-03-19,2025-11-11,2025-11-11,1,2,2,0,suite,2,Mobile App,Late check-in,False,,,146.1,345.1,128.4,51.83,145.51,Refunded,Cash,Booking.com,PROMO202,91.02,2024-07-03 08:41:48,"Jan 32, 2025",AGENT,Confirmed,REV_00000649,1,Some sea ball no.,About newspaper star leave her effort would parent. Instead choice once save condition. Play space behind rule. Everybody growth involve image.,2024-11-01,81,True,Stavanger,2025-05-06,Couple,___,MobileApp,2024-07-03 08:41:48,"Jan 32, 2025"
H00506,   ,Sweden,Stockholm...,City Hotel,3,95,"Pool,Gym,Spa",Control dinner hotel. Process poor discussion water.,Shopping Mall,-9.095918,-85.7784,https://myers.com/,C0001302,Paige,Morris,Paige Morris,laurengay@example.net,+1-940-254-7131x2201,!!1970-04-15,Other,Bulgaria,Plovdiv,"69978 Anne Island, Plovdiv",NB 41074,es,,2023-01-31,False,BKG_000000650,2025-08-11,2024-11-04,2024-11-11,7,3,2,2,double,3,Agent,,TRUE,2024-12-21,,1373.36,813.62,72.64,2.78,1248.9,Paid,Debit Card,Airbnb,,164.03,2025-01-13 16:07:58,2025-09-11 20:37:35,USER...,Cancelled,REV_00000650,4,Pattern mention over play local up choice.,Try way house. Direction pull house idea natural former sell. Into statement smile fight entire poor through.,2024-02-04,94,False,Chiang Mai,2024-12-02,Family,single,LegacySystem,2025-01-13 16:07:58,2025-09-11 20:37:35
H00337,Massey LLC,India,New Delhi,Luxury Hotel,4,68,"Pool,Gym,Spa",Friend performance middle collection popular.,Historic Site,-77.515082,-91.807606,https://www.williams.com/,C0003084,   ,Gray,    Gray,test@,366.540.3462x554,1974-03-20,Other,Poland,Poznan,"34594 Rice Lock Apt. 218, Poznan",TT 72278,es,Gold,2025-10-21,True,BKG_000000651,2024-07-31,2025-11-19,2025-11-22,3,1,0,0,single,3,Mobile App,Extra bed,True,2025-07-14,Hotel Closed,461.45,1017.75,Ten,63.6,435.27,Refunded,Cash,Booking.com,,88.79,2024-10-14 19:02:33,02/30/2025,SYSTEM,Pending,REV_00000651,1,Easy vote long scientist material.,Even light research. Knowledge difference memory attack. Put accept rule article.,2024-06-09,36,False,Brasília,2024-11-12,Solo,double,MobileApp,2024-10-14 19:02:33,02/30/2025
H00061,Washington Group,Saudi Arabia,,Business Hotel,4,105,Free WiFi,Growth military bed between table measure. Every represent lose they trial world market system.,"Beach,Museum,Park",39.640421,-14.272445,https://taylor.com/,C0000091,Lisa,Clark,Lisa Clark,matthew01@example.com,7784484943,1986-03-31,F,Sweden,Gothenburg,"082 Veronica Canyon Apt. 965, Gothenburg",XL 92743,es,Platinum,2024-12-18,True,BKG_000000652,2025-08-08,2026-05-10,2026-05-10,1,4,3,0,double,1,!!Phone,Late check-in,False,,,1300.58,1406.06,165.53,37.96,1114.52,Paid,PayPal,Airbnb,,18.93,2025-08-06 00:52:45,2024-11-21 09:57:08,USER,Confirmed,REV_00000652,2,___,Rise when long course send. Same according Mrs different.,2024-04-08,48,True,Turku,2025-10-10,Leisure,single,CloudBooking,2025-08-06 00:52:45,2024-11-21 09:57:08
H00351,Harris-Hale,Canada,Ottawa,Luxury Hotel,1,408,"Pool,Gym,Spa",Country approach hair sell year meeting. Admit entire section pretty population special weight.,"Beach,Museum,Park",-39.874984,176.498544,http://lopez.info/,C0002795,Andrew,Lloyd,Andrew Lloyd,test@,566-790-7825,1986-06-26,Other,Sweden,Stockholm,"5935 Nash Glens Apt. 426, Stockholm",FR 83171,en,Gold,2024-03-16,True,BKG_000000653,2024-05-04,2026-01-27,2026-02-01,5,3,2,2,suite,3,Phone,,False,,,910.5,815.78,280.46,8.01,838.85,Failed,Debit Card...,Airbnb,NO_PROMO,77.96,2024-02-29 10:53:19,2025-03-21 12:20:55,API,Cancelled,REV_00000653,1,But pull person thought news want agree share.,Half single professor town fire these. Outside protect weight when human later consumer. Teacher strategy because.,2024-02-23,37,True,Dublin,2025-08-18,Leisure,double,APIGateway,2024-02-29 10:53:19,2025-03-21 12:20:55
H00754,Salinas PLC,India,Bangalore,Resort,5,137,Restaurant,Term television keep ground ball raise stand. Hot mission light no.,Historic Site,-64.755857,-121.865419,https://www.crawford.com/,C0004885,,Lewis,None Lewis,ana86@example.org,(696)592-4883x2793,2006-09-23,F,Indonesia,Bandung,"189 Robinson Divide, Bandung",AQ 51831,de,Bronze,2022-11-16,True,BKG_000000654,2024-02-21,2025-09-23,2025-09-28,5,3,1,2,double,2,Phone,Late check-in,False,,,542.64,Five,157.2,14.42,362.42,Pending,Credit Card,TravelAgency,PROMO507,42.42,2025-07-31 06:28:37,2025-04-04 19:54:29,SYSTEM,Cancelled,REV_00000654,1,Hand through ground perform professor.,???,2023-12-18,69,False,Kosice,2025-02-24,Leisure,double,APIGateway,2025-07-31 06:28:37,2025-04-04 19:54:29
H00427,Kidd-Ballard,China,!!Hangzhou,Luxury Hotel,5,245,Restaurant,Set western make note. Run similar thousand sport message environmental that.,"Beach,Museum,Park",35.890584,-136.653886,http://www.king.com/,C0003558,Rachel,Williams,Rachel Williams,alyssaconner@example.org,859.397.6590,1956-08-21,Other,Brazil,Fortaleza,"91794 Madeline Circle, Fortaleza",TJ 65155,fr,Gold,2024-04-19,True,BKG_000000655,2024-08-14,2025-09-12,2025-09-12,1,4,1,1,single,1,Agent,,True,2025-10-11,No Show,995.16,885.29,154.76,27.51,981.71,Failed,Credit Card,Airbnb,PROMO500,38.91,2024-03-03 18:52:26,2025-08-24 13:45:48,AGENT,Cancelled,REV_00000655,5,Which main add idea red glass impact tax.,Central house you store report. North billion career attention quality modern music avoid.,2024-05-26,74,False,--,2025-05-16,Family,double,MobileApp,2024-03-03 18:52:26,2025-08-24 13:45:48
H00213,"Rose, Johnson and Thompson",Czech Republic,Brno,City Hotel,4,476,Free WiFi,Term court for all really. Matter bank as. Top style back education low.,Shopping Mall,24.331869,-65.214866,https://www.miller.info/,C0004273,Amber,Carter,???,maria08@example.org,737-576-8997x594,1980-06-09,F,Turkey,Izmir,"809 Amanda Prairie Suite 806, Izmir",NB 15040,tr,Gold,2025-08-15,False,BKG_000000656,,2024-11-10,2024-11-19,9,2,3,1,suite,3,Mobile App,No requests,False,,,55.53,604.35,250.48,23.62,13.92,Failed,Cash,Direct,NO_PROMO,34.19,2025-07-08 12:54:20,2025-03-07 09:31:17,USER,Pending,REV_00000656,4,Sit final although term process simple nice receive.,Oil media other reason air traditional care. Read school east behavior sort cause technology just. Prove mention understand.,2024-04-22,72,True,Nagoya,2024-11-10,Business,single,MobileApp,2025-07-08 12:54:20,2025-03-07 09:31:17
H00045,Solis Group,Denmark,Aarhus,Boutique,4,364,Free WiFi,,Shopping Mall,-50.060435,-62.582712,HTTPS://RAY.COM/,C0003630,Terri,Wu,Terri Wu,coreyhardin@example.com,2284206744,2002-12-11,F,Malaysia,George Town,"603 Olson Mountain Apt. 529, George Town",QB 46606,de,Silver,2024-04-01,False,BKG_000000657,2024-04-07,,2025-09-24  ,4,9999,1,1,single,3,Web,,False,,,846.09,1089.01,241.61,53.39,760.09,Failed,Debit Card,Airbnb,PROMO405,135.36,2025-09-27 22:36:12,2025-05-26 15:30:01,SYSTEM,Confirmed,REV_00000657,5,Policy card show pull economy particularly.,Guess almost analysis that. Him goal already minute. Improve piece south better west.,2024-12-11,11,False,Daegu,2025-05-20,Family,suite,APIGateway,2025-09-27 22:36:12,2025-05-26 15:30:01
H00250,Hutchinson-Gallagher,Poland,Warsaw,Resort,3,248,Restaurant,Whom improve require member claim not shoulder. Source purpose more may attention property modern.,Historic Site,Ten,108.737328,https://www.wheeler.net/,C0000355,Robert,Salinas,Robert Salinas,franksmith@example.net,493-306-4503,1948-03-18,F,Bulgaria,Plovdiv,"54991 Moyer Islands Apt. 401, Plovdiv",LT 49306,en,Platinum,!!2025-08-10,False,BKG_000000658,2024-02-04,2025-08-19,2025-08-26,7,3,0,1,double,3,Phone,No requests,False,,,73.22,874.25,69.71,31.32,35.17,Refunded, Cash ,Expedia,,25.3,2025-05-20 19:50:55,2025-04-10 02:11:10,SYSTEM,Cancelled,REV_00000658,5,Foot policy loss boy beat common paper.,Research sing if choose watch box. Within however surface stand single if increase.,2024-03-18,47,True,Trondheim,2025-04-15,Solo,single,APIGateway,2025-05-20 19:50:55,2025-04-10 02:11:10
H00468...,price ltd,Japan,Osaka,Business Hotel,5,267,"Pool,Gym,Spa",Continue instead contain. Article really themselves need.,"Beach,Museum,Park",78.709645,139.934923,http://simmons.com/,C0002656,Jose,Morrow,Jose Morrow,test@,(826)545-1671x1318,1977-06-08,Other,???,Vienna,"0940 Nicole Corner, Vienna",UX 12694,de,Platinum,2025-06-20,True,BKG_000000659,2024-02-17,2025-06-03,2025-06-11,8,Five,1,2,suite,1,Phone,No requests,True,2025-09-26,No Show,1214.79,423.34,284.08,Five,158.18,Refunded,PayPal, Airbnb ,,47.6,2023-12-09 04:32:10,2025-10-06 02:30:50,SYSTEM,Confirmed,REV_00000659,9999,Behind cost budget television describe still.,Dinner stage knowledge money. Moment buy worker bit should. Per everyone area sister machine serve.,2024-04-14,32,False,Singapore,2025-05-07,Couple,suite,LegacySystem,2023-12-09 04:32:10,2025-10-06 02:30:50
H00438,Mueller-Schneider,Switzerland,Lausanne,Boutique,1,171,Restaurant,Team see generation return. Different add bit west. Attention something recent cause.,Historic Site,-42.154682,94.662557,https://davis-henderson.com/,C0001287,Samantha,Hamilton,Samantha Hamilton,hannah69@example.org,(354)248-6390x83030,1965-01-29,F,Philippines,Manila,"58834 Jeremy Locks, Manila...",LX 43457,tr,Silver,2023-05-18,True,BKG_000000660,2024-10-15,2025-05-29,2025-05-29,,4,0,2,suite,3,Phone,,True,2025-06-28,No Show,1127.61,510.18,21.62,12.94,1040.36,Pending,Cash,Airbnb,NO_PROMO,125.91,2024-11-25 01:28:11,2025-04-11 11:18:13,AGENT,Cancelled,REV_00000660,5,Power back compare reach in hospital.,"Large such third player argue task. Conference involve second.
Several return specific garden.",2025-04-18,3,True,Trujillo,2025-07-27,Business,suite,MobileApp,2024-11-25 01:28:11,2025-04-11 11:18:13
???,Glover Group,Italy,Turin,Budget Hotel,1,353,"Pool,Gym,Spa",Dream nor open draw common why. Community sing former history respond reach.,Shopping Mall,81.3154,-47.357633,https://vang.net/,C0004690,Ashley,Holmes,Ashley Holmes,dan25@example.com,593.808.5308,1975-03-31,F,   ,Beijing,"27394 Johnson Forest, Beijing",AR 51627,es,,2024-05-05,False,BKG_000000661,2023-11-18,2025-06-04,2025-06-05,1,2,2,1,single,1,Phone,No requests,True,2024-11-19,Hotel Closed,1277.86,589.71,166.25,78.43,163.19,___,PayPal,Direct,PROMO804,136.18,2024-10-07 05:09:26,2025-05-08 15:45:25,SYSTEM,Pending,REV_00000661,4,Natural agent southern expect stock.,Simply reach need. Film add American note enter. Hour join figure fund mouth note purpose.,2023-11-11,82,True,Kuala Lumpur,2025-05-29,Leisure, double ,APIGateway,2024-10-07 05:09:26,2025-05-08 15:45:25
H00828,Ferguson PLC,--,Perth,Budget Hotel,4,429,"Pool,Gym,Spa",Require time consumer weight Democrat focus. Figure learn cause others when court care group.,"Beach,Museum,Park",11.467261,-61.968815,https://long.com/,C0001674,Megan,Bell,Megan Bell,qsmith@example.org,685.989.3536,,F,China,Shenzhen,   ,WO 12547,fr,Gold,2023-09-20,False,BKG_000000662,2025-06-19,2025-09-04,2025-09-11,7,1,1,1,single,1,Phone,Extra bed,True,2025-09-12,No Show,252.94,431.18,283.51,11.39,129.21,Paid,Cash,TravelAgency,NO_PROMO,121.62,2025-08-21 22:53:54,2025-02-20 13:04:00,AGENT,Confirmed,REV_00000662,1,Office save western ok.,"Lawyer response management phone its third. Miss campaign discover mention.
Lead lead where. Continue similar project magazine.",2025-08-14,15,True,BASEL,2025-09-17,,suite,APIGateway,2025-08-21 22:53:54,2025-02-20 13:04:00
H00115,Bentley-Brandt,Bulgaria,Varna,Business Hotel,2,285,"Pool,Gym,Spa",Bad catch contain weight.,"Beach,Museum,Park",-69.908477,64.519938, http://www.allen.com/ ,C0002800,Ryan,Kelly,Ryan Kelly,jeffrey44@example.net,576.240.1887x322,1962-11-29,Other,Philippines,Cebu,"394 Santos Ranch Suite 047, Cebu",ZZ 80787,es,Bronze,2023-12-06  ,--,BKG_000000663,2024-06-23,2026-10-07,2026-10-09,Ten,2,3,1,suite,3,Web,No requests,True,2024-11-28,Payment Failed,63.71,467.9,54.8,2.56,9999,Paid,Credit Card,Direct,PROMO971,22.47,2023-11-23 20:33:33,2024-12-01 23:42:05,AGENT,Cancelled,REV_00000663,1,Land series board letter relationship because.,"Enjoy walk thus arm one professional. Close off board religious impact.
Theory study present speak. Attack may painting role.",2025-03-16,11,False,Kisumu,2024-11-08,BUSINESS,double,Mobileapp,2023-11-23 20:33:33,2024-12-01 23:42:05
H00674,Vega LLC,Vietnam,Hanoi,Luxury Hotel,1,287,Free WiFi,"Where operation see wish a eight. Soldier you carry help mouth.
Agent happy oil wrong statement.",Historic Site,-47.394891,-48.407168,https://cunningham.com/,C0003338, Melanie ,Scott, Melanie  Scott,renee01@example.org,+1-291-538-2392x67292,1998-09-12,M,South Korea,Incheon,"25587 Horton Fork, Incheon",CO 11580,es,Platinum,2023-10-29,True,BKG_000000664,2025-08-07,0000-00-00,2026-10-04,5,3,1,2,suite,2,Agent,,True,,Payment Failed,1387.56,1363.7,113.56,66.09,603.41,Paid,Debit Card,Booking.com,NO_PROMO,126.67,2023-13-01,2025-06-29 01:19:35,AGENT,Cancelled,REV_00000664,1,,Contain reveal read sign clear positive. So skin notice action. Town what point few at.,2025-07-23,5,False,Cape Town,!!2025-06-19,Leisure,suite,CloudBooking,2023-13-01,2025-06-29 01:19:35
H00555,Jackson-Bridges,Australia,Sydney,Boutique,5,Five,"Pool,Gym,Spa",Reduce according style among turn professor.,SHOPPING MALL,79.003087,-95.926068,http://garcia.com/,C0002816,Christine,Jones,Christine Jones,jtapia@example.net,,1957-08-30,Other,Chile,Viña del Mar,"5707 Ramos Park Suite 248, Viña del Mar",ZF 38277,de,,2023-04-30,False,BKG_000000665,2025-01-28,2025-08-13,2025-08-23,10,2,2,0,suite,1,Web,No requests,___,2025-02-28,Hotel Closed,987.67,1222.99,206.31,94.36,352.04,Paid,Cash,Direct,,161.6,2024-01-14 15:42:22,2024-11-25 20:36:43,SYSTEM,Cancelled,REV_00000665,5,Police wait say history power seem.,Billion today pattern education. Pm voice likely everything school feel.,2024-04-29,93,False,Salvador,2025-10-15,Solo,single,LegacySystem,2024-01-14 15:42:22,2024-11-25 20:36:43
H00417,Henderson Ltd,South Korea,Incheon,Resort,1,381,Restaurant,Fly health very whatever part that book. Sport forward national painting news.,Shopping Mall,-20.556278,-96.574322,https://hale-collins.org/,C0003175,Michael...,Johnson,Michael... Johnson,austin18@example.org,(281)449-6490x7310,1988-06-23,Other,Netherlands,Rotterdam,"334 Michele Greens Apt. 635, Rotterdam",WD 25470,fr,--,2025-10-11,True,BKG_000000666,2024-05-27,2024-11-28,2024-11-29,1,2,2,0,double,1,Mobile App,,False,,,547.1,198.66,299.29,68.06,418.38,Refunded,Credit Card,Booking.com,PROMO836,89.02,2024-07-07 11:00:05,2025-10-23 15:09:14,USER,Cancelled,REV_00000666,2,Improve past this into month such.,"White serious gas when old late if among. Store another without cultural behind fly.
Across range cost among.",2023-11-01,96,False,Sharjah,2025-10-25,Family,double,--,2024-07-07 11:00:05,2025-10-23 15:09:14
H00309,Walker-Simon,Netherlands,Amsterdam,RESORT,2,275,Restaurant,Current movie yet themselves.,Shopping Mall,-55.628224,136.242102,http://www.kelly.com/,C0000005,Nicole,Martinez,Nicole Martinez,theresa44@example.org,243-764-4931x82616,1960-07-08,F,Serbia,Nis,"0044 Whitney Trafficway Apt. 898, Nis",LF 78056,fr,Gold,2025-08-14,False,BKG_000000667,2025-04-06,2024-11-07,2024-11-07,1,3,2,0,single,2,Phone,Late check-in,True,2025-06-29,No Show,1261.96,142.56,257.68,60.24,372.74,Paid,PayPal,Airbnb,NO_PROMO,169.16,2025-01-21 07:29:00,2025-02-12 04:33:04,SYSTEM,Cancelled,REV_00000667,2,Note hit over.,Prove structure list chair for product. Brother by call subject window likely. Big parent choose industry race occur another reason.,2025-03-30,79,True,Aalborg,2024-11-26,Family,single,CloudBooking,2025-01-21 07:29:00,2025-02-12 04:33:04
H00969,Henson-Dominguez,Nigeria,Kano,Luxury Hotel,3,219,Restaurant,LEARN CLAIM CIVIL DURING EXPERIENCE OUR DARK. MOVEMENT FIGURE DISCOVER PATTERN THAN.,Shopping Mall,-25.741249,,https://www.perry-johnson.com/,C0002669,Jesse,Stewart,Jesse Stewart,imiller@example.com,601-637-6926x89051,1988-09-03,M,India,New Delhi,"9285 John Brook Suite 544, New Delhi",CN 72670,es,,2023-11-11,False,BKG_000000668,2023-13-01,2025-07-11,2025-07-14,3,1,3,1,single,1,Phone,Late check-in,False,,,361.43,1081.79,287.68,66.52,189.08,Pending,Debit Card,TravelAgency,PROMO203,46.62,2025-04-24 22:47:03,2025-03-02 18:29:56,API,Pending,REV_00000668,3,Over building sing condition experience across response.,Who financial attention author doctor popular. Debate its onto benefit. Full police number investment animal hit. Effort dinner sure.,2024-03-01,35,False,Manchester,2025-03-12,???,single,CloudBooking,2025-04-24 22:47:03,2025-03-02 18:29:56
H00388,Torres-Moreno,Colombia,Bogotá,!!Business Hotel,1,107,"Pool,Gym,Spa",Democrat reduce eight term rate. Pressure little system evening.,Shopping Mall,22.504455,22.339723,https://www.moore.com/,C0004884,Laura,Woodard,Laura Woodard,joshua17@example.org,001-287-444-1930x907,1951-11-09,M,Singapore,Singapore,"277 Rodriguez Light, Singapore",GA 11564,en,,2025-01-20,True,BKG_000000669,2024-03-05,2026-01-21,2026-01-21,1,3,2,2,suite,2,Agent,Extra bed,True,2025-01-25,___,1672.94,606.34,92.52,64.03,1525.48,Paid,Credit Card,TravelAgency,PROMO699,12.89,2024-12-10 23:49:52,2025-01-21 13:20:25,USER,Pending,REV_00000669,1,Attention wait news cover listen key.,Ability wish improve across thus true serve ground. Level them heart west. Black identify hour.,2025-06-16,27,True,Johannesburg,2025-09-10,Business,single,LegacySystem,2024-12-10 23:49:52,2025-01-21 13:20:25
H00448,Miller-Ball,Italy,Milan,Luxury Hotel,5,115,Restaurant,Program concern military require party such respond. Those crime even whom theory cultural nation.,"Beach,Museum,Park",10.184481,-173.189805,http://www.roth.com/,C0002356,Sean,Lyons,Sean Lyons,,001-963-904-7290x619,1995-02-18,Other,Colombia,Bogotá,"76483 Rebecca Ridges, Bogotá",OA 55301,es,Platinum,2025-10-03,False,BKG_000000670,2024-12-26,2026-07-09,2026-07-12,3,1,2,0,double,2,Phone,No requests,False,,,345.24,1152.51,141.19,65.3,226.49,Failed,--,Expedia,NO_PROMO,107.34,2024-03-06 00:11:28,2025-05-07 15:12:39,SYSTEM,Cancelled,REV_00000670,4,Training military maintain now police ability because.,Develop quite goal realize anyone happen population ok. Include former group general center. Lose grow the pull mouth us everybody.,2025-07-18,62,False,Abuja,2025-02-09,Solo,double,CloudBooking,2024-03-06 00:11:28,2025-05-07 15:12:39
   ,Martinez-Williams,Argentina,Córdoba,City Hotel,4,200,Free WiFi,Every just sure. Challenge financial choice success.,Shopping Mall,-54.033417,-67.187008,https://www.wheeler.com/,C0002027,RUSSELL,Hawkins,,morganshaun@example.net,+1-389-793-5792x07225,1966-05-03,Other,Slovakia,Kosice,"!!5822 Carlos Drive, Kosice",QF 53819,de,,2024-02-17,False,BKG_000000671,,2025-12-05,2025-12-17,12,3,1,1,double,2,web,No requests,False,,,759.6,1281.64,72.83,15.84,279.34,Paid,Cash,Airbnb,PROMO488,40.22,2025-06-28 19:35:50,2025-10-07 05:00:13,USER,Cancelled,REV_00000671,1,College huge adult blood old inside.,"Power test score long. Nearly laugh find really.
Method significant hotel use. Mr lose clear should clearly.",2023-12-15,82,True,Hue,2025-05-21,Family,double,LegacySystem...,2025-06-28 19:35:50,2025-10-07 05:00:13
H00164,Gross-Wilson,France,Marseille,Budget Hotel,5,247,Free WiFi,Peace kitchen be area effect significant. Child technology operation tend design small him.,Shopping Mall,68.590739,122.448333,http://www.moran.com/,c0001225,Stephen,Kennedy,Stephen Kennedy,jennifer74@example.org,834.857.0297x9552,1986-07-29,Other,Mexico,Guadalajara,"654 Brandon Islands Apt. 205, Guadalajara",IQ 78227,en,Gold,2023-08-01,True,BKG_000000672,2025-10-11,2024-11-11,2024-11-12,1,4,0,2,double,2,Mobile App,Late check-in,False,,,863.76,311.6,287.2,66.19,817.23,Refunded,Debit Card,TravelAgency,NO_PROMO,158.86,2025-09-20 19:58:05,2025-10-07 13:36:49,API,Confirmed,REV_00000672,2,Toward listen political figure share eat oil.,"Thought another television letter about should wonder. Seem go cup.
Tax box tax leg leg. South produce much feeling exist decide coach quickly.",2025-05-24,18,True,Belo Horizonte,2025-04-20,Couple,double,LegacySystem,2025-09-20 19:58:05,2025-10-07 13:36:49
H00451,"Rose, Brown and Wilson",Italy,Turin,City Hotel,4,113,"Pool,Gym,Spa",Open ability rise close artist research.,Historic Site,78.534018,133.630274,https://morgan.com/,C0003109,Ryan,Mcguire,Ryan Mcguire,connie29@example.net,001-774-603-9173x9485,1983-12-29,M,South Africa,Durban,"87738 Linda Mission Suite 242, Durban",AK 70275,tr,Silver,2022-12-12,False,BKG_000000673,2023-11-25,2025-02-14,2025-02-17,,3,1,0,double,1,Agent,No requests,False,,,662.01,751.03,71.0,75.21,488.19,Pending,Debit Card,Airbnb,NO_PROMO...,173.02,2024-09-08 02:04:44,2025-06-11 20:35:46,USER,Cancelled,REV_00000673,2,Mention public much more property.,Safe particular save rather their every pass significant. Because process walk question.,2025-06-10,3,True,Tokyo,2025-01-24,Family,suite,APIGateway,2024-09-08 02:04:44,2025-06-11 20:35:46
H00906,"Smith, Robinson and Oliver",Norway,Oslo,Resort,2,114,Free WiFi,Personal none speak wrong. Prove their Republican executive also ready my.,Shopping Mall,-38.082961,-137.357973,https://oconnor.com/,C0004468,Vincent,Vargas,Vincent Vargas,omurphy@example.net,304-661-3292x770,1997-12-08,M,Austria,Salzburg,"380 Bennett Estate Apt. 401, Salzburg",IO 52027,tr,Bronze,2024-12-27,True,BKG_000000674,2025-09-10,2026-03-14,2026-03-14,1,4,0,0,double,3,Phone,Extra bed,False,,,Ten,125.67,32.32,37.12,0,Failed,Cash,Airbnb,NO_PROMO,0,2025-03-16 23:58:00,2025-02-27 04:39:15,SYSTEM,Pending,REV_00000674,2,Best back clear call stuff.,Eye dog night give. Entire management worker show successful analysis national. Lawyer another open thousand relationship would court.,2024-11-29,43,True,Chengdu,2025-01-21,Couple,double,CloudBooking,2025-03-16 23:58:00,2025-02-27 04:39:15
H00185,Sawyer-Jones,Slovakia,Kosice, City Hotel ,0,181,restaurant,One expert can onto traditional watch. Stage wait shoulder blue. Provide win interest no.,Shopping Mall,-43.877064,-111.302726,https://rivera.biz/,C0003312,Taylor,Colon,Taylor Colon,stonesamantha@example.com,971-547-9802x066,2001-07-14,M,Norway,Bergen,"8049 Shelly Vista, Bergen",UZ 63281,tr,Silver,2023-06-29,,BKG_000000675,2024-01-05,2025-05-19,2025-05-19,1,1,3,1,single,3,Phone,Extra bed,True,2024-12-25,No Show,1404.31,1461.25,139.12,93.07,298.45,Refunded,Cash,Airbnb,PROMO995,20.66,02/30/2025,2025-03-19 05:58:07,USER, Confirmed ,REV_00000675,3,No friend number politics by poor.,Race choose budget race father bill. Ahead yes generation.,2024-09-18,77,True,Singapore,2025-07-13,Family,single,LegacySystem,02/30/2025,2025-03-19 05:58:07
H00744,King-Smith,Czech Republic,Ostrava,Boutique,2,135,Free WiFi,Talk article human never dinner team fly. Than apply take generation well carry.,,35.799174,-150.398567,https://meyer.com/,C0000551,Melissa,Ramirez,Melissa Ramirez,!!cowankrista@example.net,3718242934,1968-11-18,F,Slovakia,Kosice,"3064 Silva Haven Apt. 232, Kosice",TB 57874,tr,Bronze,2023-07-11,True,BKG_000000676,2024-01-19,2025-04-10,2025-04-23,13,3,2,Five,double,1,Phone,Extra bed,True,2025-01-08,,9999,531.23,205.91,91.0,5851.98,Failed,Debit Card,TravelAgency,PROMO430,33.04,2023-11-05 05:32:38,2024-11-27 22:10:14,USER,,REV_00000676,5,Later eye turn start.,Kitchen law approach blue notice whom some tax. How own about every.,2024-10-09,96,True,Nitra,2025-07-23,Solo,single,???,2023-11-05 05:32:38,2024-11-27 22:10:14
H00592,Lopez Ltd,Hungary,???,Business Hotel,4,0,Free WiFi,Leader within name environment. Contain mind person group political report so above.,Historic site,-32.411934,96.51724,https://www.pham.com/,C0003336,Stephanie,,Stephanie ,!!kiara07@example.net,(474)801-7184x470,1973-06-18,Other,Colombia,Barranquilla,"81361 Sean Forges, Barranquilla",km 20958,tr,Platinum,2025-06-08,True,BKG_000000677,2025-10-17,!!2025-06-30,2026-09-01,11,2,3,1,single,3,Phone,No requests,True,2025-09-12,Payment Failed,1456.34,445.99,160.39,42.34,1039.42,Paid,Cash,--,PROMO386,189.65,2025-09-16 20:20:36,2025-07-27 05:13:35,AGENT,Pending,REV_00000677,2,Than financial foreign subject.,Report event deal do simple let new. Group out call parent or put and. Half store head improve hand pay.,2024-04-16,52,False,Quebec City,2025-03-24,Leisure,double,CloudBooking,2025-09-16 20:20:36,2025-07-27 05:13:35
H00889,Nelson and sons,!!Slovakia,Nitra,Business Hotel,3,419,"Pool,Gym,Spa",What door manage discuss owner. Democrat system hear role.,"Beach,Museum,Park",87.050009,-165.981226,http://payne-hamilton.com/,C0001338,April,Lane,April Lane,pattersontheresa@example.org,000-000-0000,1964-01-08,Other,Netherlands,Eindhoven,"55603 Small Spurs, Eindhoven",GO 32542,es,Silver,2024-12-21,True,BKG_000000678,2024-06-13,2026-04-20,2026-04-20,1,4,3,1,double,2,Mobile App,Late check-in,False,,,218.05,139.18,213.39,38.57,69.16,Pending,PayPal,Booking.com,NO_PROMO,66.2,2024-08-15 21:32:45,2025-02-27 16:36:39,SYSTEM,Cancelled,REV_00000678,5,Cup think public PM family politics....,"Now us home baby whom next about.
Rather current certainly Republican across health. Better way guy common school. Lay easy own senior easy.",2024-07-11,70,True,Auckland,2025-08-04,Leisure,double,MobileApp,2024-08-15 21:32:45,2025-02-27 16:36:39
H00839,Brown PLC,China,Hangzhou,Budget Hotel,3,236,"Pool,Gym,Spa",Add radio small with. Probably attorney prevent father see director.,Shopping Mall,6.922406,-154.08475,http://dalton.com/,C0003408,Melissa,Watson,Melissa Watson,nwilliams@example.net,001-559-621-1729,1961-04-02,F,Spain,___,"191 White Turnpike Apt. 212, Madrid",QS 46250,tr,Platinum,2023-01-06,False,BKG_000000679,2024-04-11,2024-12-13,2024-12-25,12,2,1,0,single,3,Phone,Extra bed,False,,,414.19,1210.41,188.18,25.29,300.27,Paid,PayPal,TravelAgency,PROMO797,168.25,2025-05-19 07:12:45,2025-10-18 08:43:12,AGENT,Cancelled,REV_00000679,5,Turn whether oil could have center far.,Modern believe cold somebody feel tough behind. Fast skin modern realize far gas.,2025-02-18,42,False,Bratislava,2025-09-17,Solo,double,CloudBooking,2025-05-19 07:12:45,2025-10-18 08:43:12
H00900,"Alexander, Lopez and Reyes",JAPAN,Kyoto,Resort,1,165,Free WiFi,Voice change face six. Well network late store. Her less lay society respond soldier expect catch.,___,Ten,155.641852,,C0001150,Paige,Richard...,Paige Richard...,thomaspayne@example.com,+1-347-510-0177x2934,1989-02-08,Other,United Kingdom,MANCHESTER,"91752 John Trafficway, Manchester",XI 41628,tr,Gold,2025-01-03,False,BKG_000000680,2025-01-27,2026-07-07,2026-07-07,1,4,2,2,suite,3,Phone,...,True,2025-06-29,No Show,1133.45,290.38,86.56,42.84,35.73,Failed,Cash,Airbnb,NO_PROMO,181.76,2024-01-06 21:00:20,2025-03-17 22:31:27,SYSTEM,Pending,REV_00000680,4,Into idea choice organization catch.,Skin others support response or system early necessary. Word choice data. Support tough back indicate range enter.,2025-05-22,26,True,Gdansk,2025-08-20,Solo,double,MobileApp,2024-01-06 21:00:20,2025-03-17 22:31:27
H00913,"Hall, Miller and Lee",South Korea,Seoul,!!Resort,2,64,Free WiFi,"With newspaper success issue. After both them style.
Administration ask create provide.",Historic Site,-67.019065,-66.132973,http://www.stone.info/,C0000566,Valerie,Ruiz,   ,david66@example.net,+1-249-846-2797x8939,1977-04-20,Other,New Zealand,Christchurch,"43859 Tammy Manor, Christchurch",EF 61440,fr,Silver,2024-01-28,False,BKG_000000681,2025-06-13,2026-04-08,2026-04-11,3,4,3,2,double,3,Agent,Extra bed,True,2025-06-30,Hotel Closed,1393.33,877.26,268.14,41.95,274.57,Refunded,Credit Card,Booking.com,___,177.47,2025-05-16 04:07:18,2025-03-22 14:55:26,USER,Pending,REV_00000681,3,Eye miss animal ok.,Discover type majority teach television. Unit few sit ok free ball kind.,2024-12-15,11,False,Subotica,2025-04-03,Solo,double,CloudBooking,2025-05-16 04:07:18,2025-03-22 14:55:26
H00586,Barker-Sanders,France,Lyon,Business Hotel,1,81,Restaurant,Painting deal ability guess. Less product key find. Provide huge coach reality.,Historic Site,-1,95.681645,http://mcgee.com/,C0001000,Christine,Williams,Christine Williams,!!lbarrera@example.net,123-456-7890,1981-09-09,F,Netherlands,The Hague,"933 Lopez Drives, The Hague",HM 97684,tr,Gold,2024-06-17,False,BKG_000000682,2025-03-06,2026-10-04,2026-10-10,6,3,3,2,suite,3,Web,No requests,False,,,834.58,1279.93,165.4,49.76,0,Failed,Credit Card,Expedia,,189.44,2025-02-13 18:57:52,2025-07-02 02:32:33,AGENT,Cancelled,REV_00000682,1,In write continue main table mouth purpose.,Beat any blood now heavy step. Only sure site establish. Manager structure evening. Fast easy avoid possible bar state decide hard.,2025-07-27,8,True,Debrecen,2025-04-22,Business,suite,LegacySystem,2025-02-13 18:57:52,2025-07-02 02:32:33
H00526,Lee-Carter,Chile,Viña del Mar,City Hotel,5,238,"Pool,Gym,Spa",Word rise simple fact. Attorney this listen sometimes participant admit social.,Historic Site,,-54.110685,,C0002842,Lisa,Flores,Lisa Flores,,5614891668,1950-10-28,F,Colombia,Cali,"4784 Rachel Drive Suite 063, Cali",WF 18274,fr,Silver,02/30/2025,True,BKG_000000683,2025-05-22,2025-01-15,2025-01-18,3,3,0,0,double,1,Agent,extra bed,False,,,385.9,572.55,185.56,7.09,47.4,Failed,Credit Card,Expedia,PROMO251,94.99,2025-03-07 16:36:22,2024-12-01 19:23:07,SYSTEM,Confirmed,REV_00000683,2,Human their response bill first best give.,"Energy very over win avoid far.
Appear including approach page store represent mother. Hard dog across between attention outside.",2024-07-04,55,True,Kosice,2025-03-11,Leisure,double,APIGateway,2025-03-07 16:36:22,2024-12-01 19:23:07
H00948,Jones-Levine,New Zealand,Wellington,Boutique,3,482,Free WiFi,most rest move several standard table eat. throw develop writer leave. deep me church prove.,Shopping Mall,51.26435,-19.441245,https://brown.com/,C0001319,David,Villarreal,David Villarreal,whitakerdavid@example.org,701.216.4172,2002-10-17,Other,Croatia,Dubrovnik,"051 Wolf Divide Apt. 814, Dubrovnik",UN 37094,en,,2023-09-23,!!False,BKG_000000684,2025-01-24,2026-05-12,2026-05-20,8,1,2,,single,1,Phone,Extra bed,True,2025-08-20,Hotel Closed,1299.51,1015.97,247.49,48.28,268.34,Failed,Cash,TravelAgency,PROMO665,133.26,2024-08-29 12:02:00,2025-03-14 17:37:11,AGENT,Confirmed,REV_00000684,3,Hard spend way husband.,Source center have not. School claim start. Best site piece range listen. Head hand option at song hope.,2024-11-24,73,True,Gothenburg,2025-09-06,Couple,suite,LegacySystem,2024-08-29 12:02:00,2025-03-14 17:37:11
H00259,"Jones, Smith and Melendez",Hungary,Szeged,City Hotel,5,276,Free WiFi,Time up no partner computer cover. Watch sing interesting speech and. Purpose experience remember.,Shopping Mall,46.738918,-173.666357,https://martin.com/,C0000624,Brett,Evans,Brett Evans,cball@example.net,547.414.9909x86433,1947-01-18,Other,Mexico,Mexico City,"690 Cody Ramp, Mexico City",KB 20190,tr,,2025-06-06,True,BKG_000000685,2025-02-11,2025-12-27,2026-01-08,12,4,0,2,single,1,Mobile App,No requests,False,,,1810.5,1397.72,236.21,73.9,1708.1,Pending,Cash,TravelAgency,NO_PROMO,38.65,2025-01-02 05:26:51,2024-12-03 01:22:48,SYSTEM,Pending,REV_00000685,1,Attack community exist son create leg responsibility.,Security produce role democratic than create. These manager knowledge go. Interview worry despite law at career. Day visit view.,2025-03-27,50,False,Toulouse,2025-01-09,Couple,double,APIGateway,2025-01-02 05:26:51,2024-12-03 01:22:48
 H00644 ,Evans-Williams,Norway,Stavanger,Budget Hotel,1,48,--,Theory bar close. General case item response police.,Shopping Mall,-36.622916,Ten,http://www.ritter.com/,--,Christopher,Charles,Christopher Charles,,4649710014,2003-07-06,M,Argentina,La Plata,"451 Shari Loaf Apt. 525, La Plata",UD 22174,es,Gold,2025-08-13,True,BKG_000000686,2025-03-17,2025-10-17,2025-10-18,1,Ten,3,0,single,2,Mobile App,No requests,True,2025-03-21,Payment Failed,1142.4,1170.53,187.31,56.9,673.79,Pending,Credit Card,Booking.com,PROMO109,78.75,2025-04-23 04:30:53,2025-05-22 00:51:42,SYSTEM,Confirmed,REV_00000686,4,Down near join new.,Situation author something information enjoy site. Carry use Mrs want least recently move reach. Mouth law forget member every person really.,2025-05-31,39,False,Nairobi,2025-09-05,Business,double,CloudBooking,2025-04-23 04:30:53,2025-05-22 00:51:42
H00395,Roach PLC,Philippines,   ,Boutique,3,42,,Key indicate marriage force piece room. Few group anything easy behavior argue.,Historic Site,67.057474,-152.34689,https://curtis-thomas.org/,C0003576,John,Stewart,John Stewart,mary59@example.net,001-504-218-6797,1991-06-08,F,Poland,Wroclaw,"22383 Meadows Hill Suite 694, Wroclaw",VA 21439,es,Bronze,2023-03-21,False,BKG_000000687,2025-03-02,2024-12-07,2024-12-12,5,1,2,0,double,3,Phone,Extra bed,True,2025-02-02,Payment Failed,215.48,463.16,272.7,29.77,181.82,Failed,Debit Card,TravelAgency,,63.4,2024-03-20 06:30:45,2025-08-17 07:46:03,AGENT,Cancelled,REV_00000687,2,Call environment article represent challenge window out.,"Organization responsibility work. Fast himself side thing message. Tough myself on worry allow with.
Type have feel enjoy water two.",02/30/2025,12,True,Utrecht,2024-11-08,Couple,double,MobileApp,2024-03-20 06:30:45,2025-08-17 07:46:03
H00169,Bennett Ltd,South Africa,Durban,City Hotel,1,284,Restaurant,Debate suffer today current. Hit compare candidate show.,"Beach,Museum,Park",-1,16.162784,http://www.chan.com/...,C0002941,Chelsea,Chang,Chelsea Chang,fsalas@example.net,+1-775-535-0213x74533,1978-01-01,F,Australia,Perth,"0900 Caitlin Court Suite 736, Perth",YD 85060,fr,Gold,2025-07-27,True,BKG_000000688,2024-03-27,2025-10-23,2025-10-26,3,3,2,2,double,3,Mobile App,No requests,True,2024-10-31,Customer Request,390.24,1172.27,92.58,52.41,-1,Refunded,Cash,TravelAgency,,161.91,2024-06-29 05:19:11,2025-07-02 02:27:38,SYSTEM,Confirmed,REV_00000688,3,Science provide fill theory heavy any budget blue.,"Miss affect amount company few management. Parent policy one. Race reason many moment no.
Cold account become a cut before lose.",2024-03-25,47,True,Zagreb,2025-08-12,Business,single,APIGateway,2024-06-29 05:19:11,2025-07-02 02:27:38
H00388,"Adams, Garcia and Vega",New Zealand,Queenstown,City Hotel,5,117,"Pool,Gym,Spa",Put argue must sure result become recently. Wide only choose may catch.,"Beach,Museum,Park",-13.168393,161.528521,http://haas.com/,C0001601,Jessica,Gordon,Jessica Gordon,kevinlarson@example.com,001-932-243-4372x25444,1986-06-13,Other,Kenya,Kisumu,"335 Christopher Square Suite 995, Kisumu",KZ 45700,de,Silver,2025-10-22,True,BKG_000000689,2025-03-10,2025-03-31,2025-04-01,1,,1,1,single,1,Phone,Extra bed,False,,,1906.48,442.46,-1,45.28,372.57,Refunded,PayPal,Airbnb,,81.39,2025-04-07 21:42:58,2025-08-20 06:21:13,AGENT,Pending,REV_00000689,-1,Feeling remain hair born sit.,"Evidence letter various our technology either major. Yourself head report owner professional.
Suddenly on really. Behavior federal begin film.",2024-03-24,41,False,Vienna,2025-07-07,Couple,single,APIGateway,2025-04-07 21:42:58,2025-08-20 06:21:13
H00858,Griffin PLC,United States,!!Los Angeles,City Hotel,3,354," Pool,Gym,Spa ",Itself door head use great author though own. Chance fear board eat. Such range seat range.,"Beach,Museum,Park",62.402734,-42.424948,http://www.stephens-harris.net/,C0003843,Melissa,Peterson,melissa peterson,kbrown@example.com,515.468.5491x803,1988-03-16,F,Portugal,Coimbra,"480 Jennifer Trail, Coimbra",XE 51380,tr,Platinum,2025-09-05,False,BKG_000000690,2025-04-07,2026-01-10,2026-01-13,,3,0,2,single,3,Web,Late check-in,False,,,1424.28,478.25,205.86,45.25,920.91,Refunded,Debit Card,Expedia,PROMO592,59.31,2024-02-17 04:31:09,2025-08-30 06:27:30,SYSTEM,Confirmed,REV_00000690,-1,Full full yeah personal a develop can.,Us really become recent since. Direction boy final adult small represent. Successful plan common wait.,2025-06-15,79,True,Bali,2025-10-01,Leisure,double,APIGateway,2024-02-17 04:31:09,2025-08-30 06:27:30
H00382,Hall LLC,Israel,Jerusalem,Resort,3,49,???,Unit five least paper. Design necessary wonder continue among ahead simply.,Shopping Mall,56.131955,67.708293,https://www.smith-chan.com/,C0002929,Stephanie,Bauer,Stephanie Bauer,steven85@example.net,+1-286-646-0514x1115,1957-09-15,F,Morocco,Marrakesh,"7513 Aaron Forge, Marrakesh",XC 32446,es,Platinum,2025-01-27,True,BKG_000000691,2024-12-27,2025-04-07,2025-04-16,9,2,2,0,suite,1,Agent,Late check-in,True,2025-05-24,Payment Failed,308.65,565.41,259.36,42.39,272.55,Paid,Credit Card,TravelAgency,,41.19,2025-09-12 12:19:25,2025-09-21 03:44:52,AGENT,Cancelled,REV_00000691,2,Position later before represent.,"Result region against receive point. Draw point grow stuff set sit.
Side organization can live word.",2025-05-17,90,True,Abu Dhabi,2025-08-18,Couple,single,APIGateway,2025-09-12 12:19:25,2025-09-21 03:44:52
H00610,"Robertson, Madden and Patel",Canada,Calgary,Business Hotel,3,325,Free WiFi,Simply believe reduce conference war between everyone.,"Beach,Museum,Park",58.444116,45.67544,http://www.jones-brown.net/,C0003595,,Alexander,None Alexander, joseph20@example.net ,(459)728-4832,1972-09-11,M,???,Antwerp,"039 Anderson Valley Suite 945, Antwerp",PH 99914,tr,Bronze,2024-02-16,True,BKG_000000692,2025-02-05,2025-05-15,2025-05-24,9,1,3,0,single,1,Mobile App,No requests,False,,,982.87,531.85,-1,72.22,854.52,Refunded,PayPal,Direct,,175.04,2025-09-24 00:31:49,2025-04-28 06:45:10,AGENT,Confirmed,REV_00000692,4,Address story shake score art today idea.,Support wonder line beautiful. Quite want alone step mind. List matter less cup behind action various.,2024-05-02,31,True,Busan,2025-03-18,Leisure,double,LegacySystem,2025-09-24 00:31:49,2025-04-28 06:45:10
H00134,Humphrey-Johnson,South Korea,___,Luxury Hotel,3,414,Restaurant,Suffer question treat wind hour performance option. Small through organization fire.,Shopping Mall,13.439881,23.076243,https://tran.net/,C0001941,Catherine,Smith,Catherine Smith,nancyjacobson@example.com,(600)729-0614x153,1947-11-18,M,Portugal,Porto,"59562 Elizabeth Village Suite 468, Porto",HE 57762,tr,Gold,2024-11-18,False,BKG_000000693,2024-07-06,2025-12-28,2026-01-04,7,2,0,1,suite,2,Agent,Extra bed,True,2024-12-11,,147.05,401.86,126.62,Five,71.04,Failed,Credit Card,Booking.com,NO_PROMO,118.62,2025-01-13 00:17:31,2025-10-22 21:04:30,API,Pending,REV_00000693,4,Require lawyer while great up property.,Marriage peace affect join main remain tough support. Wife finally group last look shake. Good parent debate in try agency across but.,2023-11-22,70,True,Galway,2025-02-20,Solo,suite,LegacySystem,2025-01-13 00:17:31,2025-10-22 21:04:30
H00562,Wiggins Group,Norway,Stavanger,City Hotel,5,32,Free WiFi,Customer current age. Such believe yet coach player sit face. Product your heart tell best.,Historic Site,18.78906,-11.007262,--,C0001051,Danielle,Hall,Danielle Hall,khart@example.org,429-886-1379,2023-13-01,F,Chile,Valparaíso,"05030 Bailey Mountains Suite 491, Valparaíso",PS 98333,fr,Bronze,2023-01-23,True,BKG_000000694,,2025-06-16,2025-06-23,7,4,2,1,suite,0,Web,,False,,,1043.43,648.73,152.74,97.2,914.16,Refunded,Debit Card,Booking.com,PROMO322,4.57,2024-04-01 21:20:17,2025-02-28 21:44:33,SYSTEM,Pending,REV_00000694,2,Enough after money then small think.,Notice feeling window democratic. Gas most about about pick young imagine.,2024-12-08,47,True,Prague,2025-10-20,Family,single,MobileApp,2024-04-01 21:20:17,2025-02-28 21:44:33
H00478,"Holt, Waters and Oliver",Brazil,Fortaleza,Luxury Hotel,5,328,"Pool,Gym,Spa","Which almost information with house kid letter. Fire return world reach.
Weight tree save guess.",Shopping Mall,-77.904025,-34.056824,Https://carter.info/,C0000254,Brady,Castillo,Brady Castillo,patricia47@example.com,350.529.3326x14742,1980-04-11,M,Denmark,Aalborg,"1795 Calhoun Courts, Aalborg",AO 96421,fr,Platinum,2025-01-18,True,BKG_000000695,2024-04-25,2025-03-31,2025-04-11,11,2,3,2,double,3,Phone,,True,2025-01-23,Payment Failed,1465.93,901.35,135.64,17.91,685.46,Paid...,Debit Card,Expedia,PROMO623,83.54,2025-09-28 17:11:25,2024-12-14 10:05:11,USER,Cancelled,REV_00000695,2,Address future by.,Air range grow. Save do consider expect event. Great hit research really himself. Fast focus hundred share analysis.,,68,False,Munich,2024-12-24,Family,single,CloudBooking,2025-09-28 17:11:25,2024-12-14 10:05:11
H00650,Harper Ltd,Hungary,Debrecen,Resort,4,267,Free WiFi,Mind fact TV unit total agree so. Use the price show for child.,Historic Site,-10.059993,-19.622372,http://www.white.net/,C0000611,Michael,!!Lee,Michael !!Lee,eschmitt@example.com,915-515-8316,!!1992-01-16,Other,Thailand,Bangkok,"3118 Padilla Rue, Bangkok",XM 78469,es,Bronze,2023-11-30,False,BKG_000000696,2025-06-28,2026-07-15,2026-07-15,1,2,3,2,double,9999,Agent,Extra bed,True,2025-02-09,,844.87,1295.16,43.04,66.13,12.87,Failed,PayPal,Direct,NO_PROMO,,2024-05-28 11:38:36,2025-07-11 11:11:49,API,Pending,REV_00000696,5,Rather exist activity moment.,Allow eat special player statement meet entire. Opportunity dog provide including pressure soldier service senior.,2024-06-09,52,True,Bali,2025-06-05,Leisure,double,MobileApp,2024-05-28 11:38:36,2025-07-11 11:11:49
H00800,Bailey Group,Netherlands,Eindhoven,Resort,4,357,Free WiFi,Beautiful woman provide. Push issue from think sing. Mission role science service.,historic site,-38.345752,102.95265,http://www.hensley.com/,C0000958,Jennifer,Schmidt,Jennifer Schmidt,fdavis@example.com,792.813.3463x5804,2000-10-10,F,Poland,Poznan,"73428 Brittany Lock Apt. 765, Poznan",FB 37526,tr,Bronze,2025-04-12,True,BKG_000000697,2025-05-19,2026-10-21,2026-10-29,8,4,1,1,suite,2,Mobile App,Extra bed,False,,,615.77,472.04,148.19,58.45,96.94,Paid,cash,TravelAgency,NO_PROMO,24.62,2025-05-15 11:38:37,2025-04-10 23:47:06,API,Cancelled,REV_00000697,2,Any base about field involve.,Answer hear at goal stage. Move within beyond issue field require who conference. Child defense like paper.,2023-11-29,86,True,Busan,2025-07-23,Business,double,MobileApp,2025-05-15 11:38:37,2025-04-10 23:47:06
H00644,--,Kenya,Kisumu,City Hotel,4,478,"Pool,Gym,Spa",Yes deal decide toward. Prove since many by attention benefit. School show certain.,"Beach,Museum,Park",70.03621,32.912598,https://www.velasquez.com/,C0001764,Dustin...,Davis,Dustin... Davis,sschultz@example.org,(556)539-1282x437,1956-12-22,M,,Sofia,"84716 Williams Mountains, Sofia",VG 56194,de,Silver,2024-01-20,True,BKG_000000698,2024-08-25,2025-01-08,2025-01-11,3,2,1,2,double,1,Phone,No requests,False,,,902.66,719.16,174.91,47.02,12.82,Failed,paypal,Booking.com,,150.34,2024-05-14 11:31:09,2024-11-20 05:56:01,SYSTEM,Cancelled,REV_00000698,4,Pay western response remember.,Morning film federal rate phone. Act evidence candidate say. Own remember teacher picture direction sea.,2024-12-03,84,False,Lisbon,2024-11-28,Solo,single,CloudBooking,2024-05-14 11:31:09,2024-11-20 05:56:01
H00728,Marquez Inc,Australia,Brisbane,Boutique,1,40,Restaurant,Eat find country a growth know increase fall.,Shopping Mall,-84.105512,42.676917,http://robertson-macias.com/,C0000757,Brent,Barnett,Brent Barnett,tuckerstacy@example.net,(968)489-0490,1995-03-10,M,China,Beijing,"860 Harrison Drives Suite 418, Beijing",KK 33918,es,Bronze,"Jan 32, 2025",False,BKG_000000699,2025-03-19,2026-01-11,2026-01-22,11,1,0,Five,double,2,Phone,Late check-in,True,2025-02-03,,1241.86,691.7,177.33,52.52,55.33,Paid,PayPal,,,59.44,2024-06-06 23:16:59,2024-11-13 00:12:07,SYSTEM,,REV_00000699,4,Both decade can me relationship.,"Realize part here we. Important challenge section dark.
Weight degree site song partner least. Realize move member a set power foot.",2025-04-30,71,True,Aalborg,2025-09-28,Leisure,double,APIGateway,2024-06-06 23:16:59,2024-11-13 00:12:07
H00015,,Italy,Venice,Luxury Hotel,3,343,Restaurant,Meeting message low condition. Rule later relate end case instead.,Historic Site,50.212097,-89.968334,https://www.mills.info/,,Jeffrey,Johnson,Jeffrey Johnson,stevenwilson@example.org,527-976-6144x421,1982-07-15,Other,Canada,Quebec City,"969 Crosby Mall, Quebec City",TP 61309,en,Platinum,2024-01-07,False,BKG_000000700,2023-13-01,2025-06-04,2025-06-11,7,1,2,0,single,1,Mobile App,,True,2025-07-16,Payment Failed,582.02,106.49,,98.04,171.58,Paid,Debit Card,Direct,,42.66,2025-10-30 03:35:18,2025-08-14 18:34:48,SYSTEM,Pending,REV_00000700,,Role piece from.,Professor social though ever task operation worker. Forget minute create the. Investment box population camera quite matter always.,2025-04-24,87,False,Kolkata,2025-01-06,Leisure,suite,MobileApp,2025-10-30 03:35:18,2025-08-14 18:34:48
H00869,"King, Friedman and Williams",Serbia,Subotica,Budget Hotel,4,278,"Pool,Gym,Spa",Who name board more.,Historic Site,43.141655,20.801646,https://www.meadows.org/,C0003628,William,Logan,William Logan,user@.com,664.878.9612x668,1975-12-24,F,Peru,Cusco,"3979 Brewer Lake, Cusco",PS 13520,tr,,2023-03-15,,BKG_000000701,2024-01-06,2026-06-06,2026-06-08,,1,1,2,single,2,Mobile App,No requests,False,,,375.74,418.68,209.1,60.67,270.18,Refunded,Cash,TravelAgency,PROMO818,3.36,2023-11-07 09:44:06,2025-07-12 08:51:58,AGENT,Pending,REV_00000701,4,Large door campaign deal shake foreign seem.,"Black remain church. Environmental group forward.
Family score natural discussion so success program. Do loss conference big against.",2025-10-23,9999,True,Brasov,2025-10-11,Solo,suite,LegacySystem,2023-11-07 09:44:06,2025-07-12 08:51:58
H00010,"Murphy, Grant and Poole",!!Mexico,Monterrey,City Hotel,5,89,Free WiFi,Pull fast test with main pay. White law subject.,"Beach,Museum,Park",-3.265602,-29.164263,https://kemp-monroe.com/,C0000882,Michael,!!Brooks,Michael !!Brooks,samantha76@example.com,208.658.7107x34197,2005-10-20,F,France,Paris,"0463 Philip Turnpike, Paris",OC 55323,en,Silver,2025-10-04,True,BKG_000000702,2024-09-04,2025-03-29,2025-04-04,6,2,0,1,Single,3,Agent,No requests,False,,,1691.26,594.93,201.01,65.17,1262.96,Failed,Credit Card,Direct,NO_PROMO,96.71,2025-01-21 12:14:49,2025-02-25 01:25:57,USER,Pending,REV_00000702,5,Coach environmental result trouble audience realize heavy reduce.,Late describe simply rock letter information. Attorney often military surface heavy mouth. Various fight forget wonder training none.,2024-02-18,62,True,Plovdiv,2024-11-10,Family,single,CloudBooking,2025-01-21 12:14:49,2025-02-25 01:25:57
H00354,Harris Ltd,India,Kolkata,Budget Hotel,1,385,"Pool,Gym,Spa",Language interesting camera arrive democratic allow.,Shopping Mall,73.912344,80.269802,http://www.jenkins.com/,C0004642,Christopher,Schmidt,Christopher Schmidt,thuber@example.org,001-698-959-8943x01766,1986-02-10,Other,Czech Republic,Ostrava,"6055 Jamie Greens, Ostrava",DO 46667,tr,Bronze,2025-03-06,False,BKG_000000703,2024-07-27,2026-07-02,2026-07-05,3,2,0,1,double,3,Phone,Extra bed,True,2025-02-28,Payment Failed,1541.4,422.06,94.48,81.41,546.48,Paid,Credit Card,Expedia,NO_PROMO,111.45,2024-04-05 10:41:26,2025-05-25 14:12:10,SYSTEM,Cancelled,REV_00000703,1,Record yes fly everything.,"Eye leader word. Young after both beyond system. Model east arrive up.
Difference speak high.",2025-06-04,90,True,Bursa,2025-05-02,Family,double,LegacySystem,2024-04-05 10:41:26,2025-05-25 14:12:10
H00955,"Cowan, Clark and Mejia",Israel,Jerusalem,Budget Hotel,4,401,"Pool,Gym,Spa",Specific turn bring none family. Doctor son anything effort everybody.,"Beach,Museum,Park",,-71.836556,https://mendoza.com/,C0000992,sara,Finley,sara Finley,stephenscristian@example.net,001-661-226-3456,1948-12-05,Other,,Marseille,"0602 Michael Courts, Marseille",CI 26964,en,Gold,2023-06-20,True,BKG_000000704,2023-12-06,2025-12-24,2026-01-01,8,3,1,0,single,3,Phone,Late check-in,True,2025-08-29,No Show,1657.65,636.88,245.32,93.7,916.86,Failed,Credit Card,Direct,PROMO562,180.78,2025-08-30 05:59:44,2025-02-18 06:03:05,SYSTEM,Cancelled,REV_00000704,3,Somebody night last on return.,South get they into less card they. Type product school late gas movement. Image catch character follow loss myself.,2025-03-04,8,False,Daegu,2024-11-11,Family,single,APIGateway,2025-08-30 05:59:44,2025-02-18 06:03:05
H00854,Holmes-Johnson,United Kingdom,Edinburgh,City Hotel,5,341,Restaurant,Cup pattern owner fill. Degree threat study class attention.,Shopping Mall,-14.434409,-1,http://burton.com/,C0003374,Stacy,Jackson,Stacy Jackson,jack58@example.com,,1968-04-27,M,Nigeria,Lagos,"09761 Oliver Mountain, Lagos",NC 25219,tr,Gold,2025-09-17,True,BKG_000000705,2024-03-26,2025-04-04,2025-04-14,10,3,0,2,single,2,Agent,No requests,False,,,562.84,555.89,,32.97,274.9,Paid,Cash,TravelAgency,NO_PROMO,47.92,2023-12-20 10:09:41,2025-02-26 23:37:58,API,Pending,REV_00000705,5,How recognize accept language receive manage claim.,Air country federal someone hear tonight knowledge. Central bit opportunity quality impact. Various science line military tree cup but.,2024-03-04,,True,Plovdiv,2025-03-01,Leisure,suite,MobileApp,2023-12-20 10:09:41,2025-02-26 23:37:58
H00877,Valencia Group,Malaysia,George Town,City Hotel,4,381,--,Style production foreign focus. Cold report music country record picture.,"Beach,Museum,Park",13.133469,-67.856772,http://shaffer.com/,C0003616,Ernest,Hogan,Ernest Hogan,fday@example.org,438-600-3895x71427,1993-06-21,F,Germany,Stuttgart,"58480 Pollard Grove Suite 267, Stuttgart",KZ 10011,tr,,2023-08-16,True,BKG_000000706,2024-04-19,2026-05-10,2026-05-14,4,1,0,1,double,2,Agent,Late check-in,False,,,1529.87,802.84,206.73,91.62,1047.87,Refunded,Credit Card,TravelAgency,PROMO370,148.92,2024-11-25 22:20:46,2025-09-08 17:59:47,SYSTEM,Confirmed,REV_00000706,5,Rest particular girl system second weight country.,Late body treatment spring find box ahead surface. It else man life during write.,2024-06-22,71,False,Aalborg,2025-09-21,Solo,single,LegacySystem,2024-11-25 22:20:46,2025-09-08 17:59:47
H00881,Jackson-Cherry,Germany,!!Cologne,City Hotel,3,209,Free WiFi,"Some size off than. Operation between card western.
Large plan over surface expect.",Historic Site,-65.617575,122.443809,http://www.williams-castillo.org/,C0002176,Christopher,Sawyer,Christopher Sawyer,daviesjared@example.com,+1-529-209-7390x685,2003-03-01,F,Israel,   ,"3630 Jason Harbors Apt. 542, Jerusalem",TS 85894,fr,,2023-05-08,False,BKG_000000707,2024-12-14,2026-06-06,2026-06-14,8,,Ten,1,double,3,Agent,Late check-in,False,,,1672.96,686.33,188.46,1.7,1086.73,Paid,Cash,Expedia,PROMO394,176.27,2024-12-27 23:32:50,2025-07-18 13:59:37,API,Cancelled,REV_00000707,2,Much memory under month hit control concern.,Democrat care toward agreement on media civil. Air rule science job. Commercial so sense though.,2024-10-02,73,False,Miami,2025-09-27,Couple,suite,APIGateway,2024-12-27 23:32:50,2025-07-18 13:59:37
H00394,"Levy, Mckenzie and Peterson",Argentina,Mendoza,Business Hotel,5,274,Free WiFi,Action sea bag campaign human. Response usually already assume down.,Historic Site,-30.224162,29.167824,https://www.weber-perez.com/,C0004394,Alexandra,___,Alexandra ___,david21@example.net,545.492.0245x677,1949-10-18,Other,Malaysia,Kuala Lumpur,"8798 Carolyn Groves Apt. 091, Kuala Lumpur",IW 66120,es,Bronze,2024-09-16,False,BKG_000000708,2025-08-07,2025-10-12,2025-10-19,7,3,1,0,double,1,Web,,False,,,1330.71,618.22,21.83,53.05,716.49,Failed,Credit Card,Direct,,72.5,2024-03-01 03:16:36,2025-06-06 09:41:02,SYSTEM,Pending,REV_00000708,4,Performance scientist despite off defense high perhaps.,Collection tend church the order sing memory half. Thousand close statement commercial image value.,2024-08-31,23,False,Kuala Lumpur,2025-08-03,Business,single,MobileApp,2024-03-01 03:16:36,2025-06-06 09:41:02
H00288,Mckinney Ltd,   ,New York,Resort,2,151,Restaurant,Approach per guess common other sense notice. Push term hold former spring individual similar.,"Beach,Museum,Park",25.636131,83.036935,http://hawkins-sanchez.com/,C0001570,Maria,Kirby,Maria Kirby,kevinhart@example.org,!!+1-260-827-2113x0843,1963-04-29,F,Turkey,Bursa,"0171 Miranda Hill, Bursa",CX 14757,de,,2024-06-16,True,BKG_000000709,2024-11-29,2025-07-11,2025-07-23,12,4,0,0,double,3,Web,No requests,False,,,761.46,1233.01,164.66,74.31,728.48,Failed,PayPal,Airbnb,NO_PROMO,144.71,2025-10-22 00:50:40,2025-01-17 11:26:47,API,Cancelled,REV_00000709,3,Choose beautiful expert item capital president.,Pm attention right six ever like. Several wife military no community rock morning. Own analysis them.,2025-04-19,66,False,Giza,2025-03-31,Leisure,double,MobileApp,2025-10-22 00:50:40,2025-01-17 11:26:47
H00100,Mendoza Group,Vietnam,Hanoi,Luxury Hotel,4,396,Free WiFi,Land effect American top it condition concern hot. Loss society walk south. Face think great.,Historic Site,-44.194691,-12.536284,https://smith-boyd.com/,C0002782,Cory,Everett,Cory Everett,test@,+1-257-599-8130x831,1983-03-27,F,Brazil,Brasília,"907 Michael Villages, Brasília",IO 98741,fr,,2025-10-31,False,BKG_000000710,2025-09-05,2026-05-17,2026-05-20,3,2,3,9999,single,3,Mobile App,Extra bed,False,,,1868.71,1028.97,296.6,30.58,152.24,Pending,Debit Card,Booking.com,NO_PROMO,112.33,2025-06-06 11:56:11,2025-02-22 00:12:07,SYSTEM,Cancelled,REV_00000710,5,Why dinner similar public.,Mother so accept hundred. Sell rise man reduce. Late sure brother music sense forget.,2023-11-06,15,True,Daegu,2025-08-23,Family,double,CloudBooking,2025-06-06 11:56:11,2025-02-22 00:12:07
H00512,Jones LLC,Colombia,Barranquilla,Budget Hotel,2,490,Restaurant,"Fly loss between leave deep long forget. Form place fear.
Memory financial information claim.",Shopping Mall,-87.891241,-14.145086,http://www.shaffer.com/,C0000533,Frank,Smith,Frank Smith,matthewkelly@example.net, (768)620-8639x582 ,1966-12-20,F,Nigeria,Ibadan,"8941 Mccann Court, Ibadan",OU 32211,en,Gold,2025-03-07,True,BKG_000000711,2023-12-07,2026-08-24,2026-09-05,12,4,3,0,double,2,Agent,No requests,True,2025-01-04,Hotel Closed,1256.41,276.16,84.92,96.86,453.03,Refunded,Debit Card,Direct,NO_PROMO,75.12,2025-02-05 06:11:43,2023-13-01,USER,Pending,REV_00000711,2,World free grow a.,Say member book pattern positive information whether. Now meet cover send itself oil again check. Will wrong chair send open group anything.,2024-08-08,73,False,Munich,2025-05-03,Solo,suite,LegacySystem,2025-02-05 06:11:43,2023-13-01
H00039,"Foster, Nelson and Wilson",Spain,Seville,City Hotel,2,366,Free WiFi,Year eat public position smile message. Art care response name collection sell.,Shopping Mall,-39.781636,-178.251404,http://mcknight.com/,C0004066,Deborah,Owens,Deborah Owens,bryantkelly@example.net,323.538.6669x955,2001-03-12,Other,Argentina,Córdoba,"053 Ashley Points Suite 983, Córdoba",LH 43756,de,,2025-03-11,True,BKG_000000712,2024-10-31,2025-06-23,2025-06-25,2,2,3,0,double,3,Web,,True,2024-12-24,Hotel closed,1228.14,1458.79,260.16,66.42,305.06,Refunded,Cash,TravelAgency,NO_PROMO,86.04,2025-05-07 09:33:54,2025-07-12 19:28:17,AGENT,Cancelled,REV_00000712,3,Mr without during power business cover whether.,Suddenly drive could industry available war air Mr. Pick challenge half industry group.,2023-11-24,73,False,Kisumu,2025-03-20,Solo,single,MobileApp,2025-05-07 09:33:54,2025-07-12 19:28:17
H00050,"Henry, Burns and Pacheco",Croatia,Zagreb,Budget Hotel,3,418,"Pool,Gym,Spa",Local guess easy close along method radio. Woman production staff open.,Historic Site,-7.185315,75.876313,http://pineda-brown.info/,,Allen,Ward,Allen Ward,tmiller@example.org,001-978-790-1199x9540,1972-04-23,Other,Croatia,Rijeka,"79662 Dakota Brooks, Rijeka",RG 69060,es,,2022-12-13,False,BKG_000000713,2024-05-10,2024-12-06,2024-12-16,10,2,2,-1,suite,1,Mobile App,,True,2025-06-08,Customer Request,1785.87,536.69,146.61,87.35,557.15,Refunded,,Booking.com,,74.64,"Jan 32, 2025",2025-03-29 20:19:37,API,Confirmed,REV_00000713,1,Knowledge prevent on hear dark perform.,"Second each glass reveal win success effect. Purpose likely food late film.
Truth father five. Individual sense will place front concern personal.",2025-03-04,54,False,Nakuru,2025-04-23,Business,suite,CloudBooking,"Jan 32, 2025",2025-03-29 20:19:37
H00716,___,Belgium,Leuven,Resort,2,255,Free WiFi,Plant find anyone billion relationship. Nice third have city anything foreign performance.,Historic Site,-28.435263,70.234786,https://www.holmes-estrada.com/,C0000645,maria,Harris,maria Harris,hernandezvanessa@example.org,+1-890-704-3415x4276,1988-08-17,M,Colombia,Medellín,"03861 Christopher Islands Apt. 605, Medellín",ZW 31893,de,,2024-01-26,False,BKG_000000714,2024-01-31,2026-09-25,2026-10-05,10,1,3,1,double,9999,Phone,Extra bed,False,,,672.65,854.89,275.55,61.48,147.65,Refunded,PayPal,???,NO_PROMO,96.19,2025-01-29 11:31:19,2025-07-26 22:36:34,AGENT,Confirmed,REV_00000714,3,Happen forward until draw nation reduce people.,Traditional significant school style. Threat fear close receive blood technology partner. Paper consumer occur pull.,,0,True,Vienna,2024-12-02,Leisure,double,Legacysystem,2025-01-29 11:31:19,2025-07-26 22:36:34
H00805,Olson PLC,Argentina,Rosario, Budget Hotel ,3,451,Free WiFi,Computer among section box order career.,,36.805531,-3.24574,https://www.hayes.com/,C0000337,Bryan,Conley,Bryan Conley,hartwanda@example.net,912-659-7485,2001-09-13,Other,India,Hyderabad,"1009 Stewart Route Suite 992, Hyderabad",DZ 69476,tr,Platinum,2023-03-25,True,BKG_000000715,2024-10-30,2026-10-16,2026-10-23,7,1,0,2,suite,2,Agent,Extra bed,False,,,758.38,1474.12,144.08,19.02,246.73,Pending,Cash,Airbnb,NO_PROMO,112.37,2025-04-15 04:39:08,2025-03-18 23:29:53,SYSTEM,Confirmed,REV_00000715,4,Wide executive race field small number.,Career fire new traditional. Probably recently treat help understand improve whether price. Try president sea what. Born stuff character night truth.,2023-11-29,75,True,Cebu,2025-05-16,Leisure,suite,LegacySystem,2025-04-15 04:39:08,2025-03-18 23:29:53
H00054,"Perry, Walker and Cruz",Singapore,Singapore,City Hotel,2,171,Free WiFi,Rule national Democrat. Find form fast ok beautiful red put.,Historic Site,-67.643073,-48.128451,https://www.wilcox.net/,C0003129,Ashlee,Hammond,Ashlee Hammond,sandrahansen@example.com,000-000-0000,1955-08-06,F,Thailand,Bangkok,"48810 Mary Mountain Apt. 540, Bangkok",NH 27426,en,Silver,2025-10-10,True,BKG_000000716,2024-01-26,2025-09-01,2025-09-07,6,2,0,1,single,1,Mobile App,Late check-in,True,02/30/2025,Customer Request,9999,1091.83,150.01,-1,807.88,Pending,PayPal,Airbnb,NO_PROMO,31.15,2025-10-26 16:58:06,2025-05-05 21:04:31,___,Confirmed,REV_00000716,1,Car skill total dog sometimes oil room.,Scientist plan girl image. Great store outside response fine defense.,2024-08-14,5,???,Pattaya,2025-10-08,Business,double,MobileApp,2025-10-26 16:58:06,2025-05-05 21:04:31
H00318,"Weaver, Jackson and Nguyen",Poland,Gdansk,Luxury Hotel,,415,Free WiFi,Student serious country for. Represent create whole better.,Historic Site,-24.64942,96.01577,https://jones.info/,C0001178,Lawrence,Lane,Lawrence Lane,rachelaguirre@example.net,3393190932,1947-05-18,F,Morocco,Fes,"00277 Blackwell Islands, Fes",NT 13793,en,Silver,2024-04-02,True,BKG_000000717,2024-05-31,2024-12-13,2024-12-14,1,1,0,2,suite,3,Web,Late check-in,True,2025-09-07,,Ten,1052.28,244.81,67.1,0,Failed,Credit Card,Expedia,,0,2024-11-20 08:59:58,,USER,Confirmed,REV_00000717,3,Student your financial Mr leave.,Turn consumer indicate. To old finally fund surface food example. Strong church summer bit state model.,2025-04-28,28,False,Cologne,2025-01-03,Solo,double,APIGateway,2024-11-20 08:59:58,
H00494,Wilson Ltd,Poland,Poznan,Business Hotel,4,367,Free WiFi,Name but guess serve including stop. Blue guy throughout study leader month store.,"Beach,Museum,Park",Ten,109.133933,http://rogers.biz/,C0002082,Elizabeth,Cole,Elizabeth Cole,pauljacobson@example.com,918.820.0632,1992-11-11, Other ,Australia,Brisbane,"85675 Danny Rue, Brisbane",KP 49970,de,Bronze,2023-10-06,False,BKG_000000718,2025-01-09,2025-11-26,2025-12-04,8,3,1,2,suite,1,Mobile App,Extra bed,False,,,899.0,1163.76,298.99,57.92,767.32,Pending,PayPal,Booking.com,,169.37,2025-10-14 05:46:58,2025-01-15 19:16:04,API,Pending,REV_00000718,9999,Become magazine at spring discuss buy claim.,Consumer whether institution food. College perhaps audience decide firm practice. Hour while always.,2024-02-27,Five,,Vienna,2025-09-25,Couple,suite,APIGateway,2025-10-14 05:46:58,2025-01-15 19:16:04
H00538,Williams-Weber,Vietnam,Hue,City Hotel,2,20,,Free enter already painting store anything southern. Still partner any why.,"Beach,Museum,Park",-64.345521,162.173409,http://newton.com/,C0001279,Charles,   ,Charles    ,jhoward@example.net,123-456-7890,2002-02-06,M,Croatia,Zagreb,"580 Maria Summit Suite 538, Zagreb",SO 50874,de,Platinum,2024-01-31,True,BKG_000000719,2023-11-27,2025-06-23,2025-06-26,3,4,3,0,single,2,Phone,Extra bed,True,02/30/2025,,1700.92,849.25,,10.44,1270.73,Paid,Cash,TravelAgency,PROMO932,82.14,2024-01-17 06:29:30,2025-08-15 10:03:36,SYSTEM,Cancelled...,REV_00000719,4,Degree stop shoulder its.,Like son create impact. Difficult shake sound eye fine. Off daughter huge morning participant indicate poor.,2025-04-09,38,False,Cape Town,2024-12-11,Leisure,single,LegacySystem,2024-01-17 06:29:30,2025-08-15 10:03:36
H00876,Lambert-Malone,Singapore,Singapore,City Hotel,4,-1,Free WiFi,Risk beyond difference TV start center. Work suffer region either impact least mother.,Shopping Mall,-58.386104,102.272927,https://www.lester-bell.com/,C0004496,Vickie,Smith,Vickie Smith,ramseydaniel@example.org,214-804-5382x4151,,Other,Belgium,Ghent,"57057 Walsh Circles, Ghent",YJ 85078,en,Bronze,2022-11-05,True,BKG_000000720,2025-03-29,2026-08-02,2026-08-05,3,1,2,2,double,3,Web,,True,2025-07-20,Payment Failed,1922.39,133.05,143.93,57.21,1456.56,Pending,Debit Card,Booking.com,PROMO421,133.98,2024-06-04 00:35:36,2025-10-27 12:17:00,API,Pending,REV_00000720,5,Picture company activity bag clear.,"Church position heavy author value. Especially office paper and.
Simple off authority dog. None live bar party next detail per.",2023-11-29,90,False,,2025-04-21,Couple,single,LegacySystem,2024-06-04 00:35:36,2025-10-27 12:17:00
H00349,"Walters, Carlson and Dean",Argentina,Córdoba,Resort,2,424,"Pool,Gym,Spa",Include structure notice audience. From night wonder appear scientist. Police strong me.,Historic Site,-76.162682,-2.669377,???,C0001597,Kelly,Morris,Kelly Morris,jillcox@example.org,(312)764-3270,1963-09-13,M,Serbia,Novi Sad,"5637 Kara Ridge Apt. 452, Novi Sad",MH 42623,fr,Platinum,2024-08-19,True,BKG_000000721,2025-10-19,2026-08-31,2026-09-05,5,2,1,0,double,3,Phone,NO REQUESTS,True,2025-05-11,Hotel Closed,377.06,1474.53,-1,,167.29,Refunded,Cash,Direct,NO_PROMO,31.38,2024-01-07 13:22:49,2025-09-17 12:26:37,SYSTEM,Confirmed,REV_00000721,5,Direction police between relationship certainly television.,Official look and. Newspaper without fine know structure green.,2025-09-22,8,False,Barranquilla,2025-09-11,Business,suite,LegacySystem,2024-01-07 13:22:49,2025-09-17 12:26:37
H00413,"King, Dorsey and Reed",Belgium,Brussels,Business Hotel,4,90,Free WiFi,College its state oil foreign while bar. If real effect. Gas certain act walk.,Shopping Mall,-28.2078,-29.40974,https://miller.com/,C0001516,Emily,Duncan,Emily Duncan,elizabeth81@example.net,,2002-12-07,M,Austria,Innsbruck,"5017 Pamela Village Apt. 710, Innsbruck",SJ 82860,es,Platinum,2024-12-12,True,BKG_000000722,2025-02-24,2025-04-20,2025-04-23,3,1,1,0,single,2,Mobile App,,True,2025-07-13,,1204.38,1180.81,295.43,21.68,213.96,,Credit Card,Booking.com,NO_PROMO,53.91,2025-01-03 16:25:22,2024-11-10 20:07:46,USER,Confirmed,REV_00000722,2,South energy himself effort how eye.,Imagine them fill wrong. Modern rule course station.,2024-03-12,14, False ,Port Elizabeth,2024-12-19,___,double,CloudBooking,2025-01-03 16:25:22,2024-11-10 20:07:46
,"Evans, Miller and Waters",Nigeria,Abuja,???,2,291,"Pool,Gym,Spa...",Age as director quickly improve person big. Not wind television always.,Historic Site,-79.921429,-138.072364,https://www.brady.com/,C0001507,Cassidy,Benton,Cassidy Benton,robertsmichael@example.org,001-385-877-5509,1989-07-01,M,Vietnam,Da Nang,"726 Lisa Track, Da Nang",LH 21842,es,,2022-11-09,False,BKG_000000723,2025-03-05,"Jan 32, 2025",2026-04-30,7,1,2,1,single,2,Phone,,False,,,,224.04,210.97,73.59,0,Paid,Debit Card,TravelAgency,NO_PROMO,0,0000-00-00,2024-12-23 06:59:11,USER,___,REV_00000723,2,Agree pass meeting.,Become federal way will. Institution run get record or. Represent reach trouble sense.,2024-03-29,,False,Edinburgh,2025-02-28,Couple,suite,CloudBooking,0000-00-00,2024-12-23 06:59:11
H00882,Brandt Group,Poland,Gdansk,Budget Hotel,1,86,"Pool,Gym,Spa",Create happy affect film wait professional. Of office friend miss mission.,"Beach,Museum,Park",55.33541,-130.89529, http://www.smith-bryant.com/ ,C0001607,Jacob,Miller,Jacob Miller,diana21@example.org,897-741-8697x45465,1991-01-15,F,Egypt,Luxor,"6835 Baker Heights Suite 350, Luxor",ZR 57567,tr,Platinum,2025-06-09,False,BKG_000000724,2024-12-17,2025-07-20,2025-07-22,2,2,3,1,double,2,Web,,True,2025-06-23,No Show,660.74,1029.58,205.17,20.21,445.84,Paid,Cash,!!TravelAgency,PROMO247,153.75,2025-07-02 11:07:18,2025-08-08 17:25:03,SYSTEM,Confirmed,REV_00000724,3,Hand main close unit doctor behind.,Debate coach among method maintain. Ago some society plan above. Cell they hit positive born agree power.,2025-09-03,17,False,Prague,2025-05-20,Leisure,single,apigateway,2025-07-02 11:07:18,2025-08-08 17:25:03
H00186,"Mejia, Brown and Smith",Egypt,Cairo,Boutique,4,97,Free WiFi,Few he interview follow great wait. Mouth admit market. Visit behavior become reduce.,Shopping Mall,28.578059,-83.820455,http://fisher.com/,C0004514,Timothy,,Timothy None,timothygonzalez@example.org,+1-227-306-3084x49073,1987-05-25,Other,Mexico,Mexico City,"86548 Logan Light Apt. 004, Mexico City",GV 18109,fr,,2024-04-04,True,BKG_000000725,2024-10-10,2026-01-18,2026-01-31,13,1,0,1,double,1,Agent,Extra bed...,True,2025-04-29, Hotel Closed ,662.16,517.23,73.37,96.65,189.73,Paid,Cash,Booking.com,NO_PROMO,117.09,2024-05-23 01:11:45,2025-02-03 18:16:54,AGENT,Pending,REV_00000725,2,Medical pass reason position finally head attorney.,"Change hear manage by. Road morning begin color company.
Wind peace important lead. Camera throughout list leader society open leave.",2025-05-13,75,True,Nitra,2025-10-26,Solo,suite,MobileApp,2024-05-23 01:11:45,2025-02-03 18:16:54
H00778,"Erickson, Bryant and Jones",Brazil,Brasília,Resort,3,375,Restaurant,Have often eye enter instead. College suggest stay benefit relationship economy., Historic Site ,-80.585101,-115.273332,http://vazquez-pham.biz/,C0000891,Charles,Jones,Charles Jones,lisa45@example.com,846-378-8764x8655,1993-10-25,M,Greece,Patras,"89917 Steven Course, Patras",QZ 65055,en,???,2024-01-22,False,BKG_000000726,0000-00-00,2024-10-31,2024-11-11,11,2,3,,single,1,Agent,Extra bed,False,,,1847.87,1335.23,123.64,9999,337.37,Failed,Cash,Expedia,,132.55,2025-05-20 14:11:04,2025-02-21 00:13:51,SYSTEM,Cancelled,REV_00000726,1,Degree study seven listen so morning charge wait.,Describe price individual hospital figure themselves it. Before decision red not face pressure note. Protect design remain student single knowledge.,02/30/2025,5,False,Antalya,2024-12-25,Solo,single,CloudBooking,2025-05-20 14:11:04,2025-02-21 00:13:51
H00439,"Crawford, Taylor and Howell",Norway,Tromsø,Resort,1,76,Restaurant,Ago happen power church not. Training pattern rise experience article think interest education.,Shopping Mall,-55.22588,-178.41065,http://www.hernandez.com/,C0001607,Kimberly,Hebert,Kimberly Hebert,xwilliams@example.org,703-911-8558,1994-08-07,F,Netherlands,Amsterdam,"0040 Bryan Walk Suite 512, Amsterdam",DV 51562,fr,,2022-12-26,False,BKG_000000727,2024-01-11,2026-01-09,2026-01-14,5,3,2,0,suite,1,Phone,No requests,True,,Customer Request,1806.33,74.69,92.64,81.06,1613.69,Refunded,Debit Card,Airbnb,PROMO890,146.85,02/30/2025,2025-08-08 14:52:40,SYSTEM,Cancelled,REV_00000727,5,Office conference push civil remember on.,Range weight try thousand indeed economy seem school. Ago easy whom should size. Toward score itself door after.,2025-05-30,75,True,Timisoara,2025-03-12,Leisure,single,CloudBooking,02/30/2025,2025-08-08 14:52:40
H00321,"Ross, Cortez and Hill",Colombia...,Medellín,City Hotel,4,424,Restaurant,Room get clearly ready.,Historic Site,76.242109,-142.802521,http://www.collins.com/,C0001377,David,Johnson,David Johnson,ghunter@example.com,001-453-293-5751x159,2002-06-06,F,Sweden,Malmö,"3729 Jones Extension Suite 545, Malmö",OL 29826,fr,Gold,2025-04-08,False,BKG_000000728,2025-03-10,2025-12-08,2025-12-18,10,2,1,2,single,Five,Phone,,True,2024-11-18,Hotel Closed,425.77,626.67,106.7,95.88,222.83,Failed,Credit Card,Direct,NO_PROMO,11.05,2024-11-14 03:08:33,2025-01-14 06:59:28,API,Confirmed,REV_00000728,2,Issue letter eat serious discover above particular.,Which Congress situation five style Congress also. Hundred off support relationship.,2025-10-18,64,False,Granada,2025-08-09,Couple,single,APIGateway,2024-11-14 03:08:33,2025-01-14 06:59:28
H00067,"Butler, James and Carrillo",United Arab Emirates...,dubai,City Hotel,5,28,Restaurant,Social son inside say while but. Heavy color expect stuff boy. Radio test herself mother.,Historic Site,-64.424409,-159.751057,https://anderson.net/,C0002945,Kerri,___,Kerri ___,caldwellcynthia@example.net,(533)749-9076,2000-08-05,Other,Slovakia,Presov,"927 Cabrera Summit Suite 247, Presov",PM 27437,tr,Silver,2023-09-02,True,BKG_000000729,2025-02-05,2026-05-03,2026-05-05,2,4,-1,0,suite,3,Phone,,True,2025-01-19,Customer Request,1298.89,100.21,24.63,29.43,246.0,Failed,Credit Card,Airbnb,,89.54,2025-09-02 06:36:38,2025-01-22 15:46:15,USER,Pending,REV_00000729,2,Big debate a fill bring.,Boy discuss trouble themselves to. Situation offer second task. Sense friend them our information turn.,2025-05-21,22,True,Poznan,2025-05-24,Leisure,double,MobileApp,2025-09-02 06:36:38,2025-01-22 15:46:15
H00275,"Bowen, Lewis and Mcpherson",United States,Los Angeles,Resort,5,400,Free WiFi,Mission hotel ok general. Since allow particular figure.,Shopping Mall,13.90811,-66.167244,https://hart.com/,C0003741,John,Brown,John Brown,baileymarks@example.com,206-252-6024,1988-10-31,M,Spain,Seville,"3552 Bell Lakes Suite 073, Seville",AN 89568,tr,Platinum,2023-05-30,False,BKG_000000730,2025-02-25,2026-05-22,2026-05-23,1,3,0,0,double,3,Agent,,TRUE,2025-06-30,Payment Failed,868.3,1068.0,258.32,65.5,481.82,Pending,Credit Card,Booking.com,NO_PROMO,0,2025-01-25 16:01:22,2025-10-20 10:57:04,AGENT,Pending,REV_00000730,4,Build level type realize operation magazine.,Job prove start strong win. Claim baby information form. Particular price through allow simple civil.,2024-03-05,52,True,   ,2025-02-11,Solo,single,MobileApp,2025-01-25 16:01:22,2025-10-20 10:57:04
H00813,Torres Ltd,Romania,Bucharest,Resort,1,185,"Pool,Gym,Spa",Smile education push reality affect site husband. School imagine born change radio.,"Beach,Museum,Park",-49.996099,-132.256878,http://james.com/,C0002270,Tiffany,Hunt,Tiffany Hunt,,001-901-402-7125x448,1957-07-28,F,Netherlands,eindhoven,"73111 Garcia Rapid Apt. 269, Eindhoven",JC 19405,es,Silver,2023-12-27,TRUE,BKG_000000731,2025-05-12,2025-03-22,2025-03-26,4,1,1,0, single ,1,Agent,No requests,True,2025-10-27,No Show,1338.92,641.06,0,19.34,1066.28,Paid,debit card,TravelAgency,NO_PROMO,54.18,2024-11-11 13:13:26,2025-08-19 02:12:21,API,Cancelled,REV_00000731,1,Mention score she room issue me box.,"According take win.
Camera traditional center individual citizen as song discussion. Three protect stand.",2023-12-05,48,True,MECCA,2025-05-09,Leisure,single,LegacySystem,2024-11-11 13:13:26,2025-08-19 02:12:21
H00194,Leach Inc,Mexico,Puebla,Luxury Hotel,2,164,"Pool,Gym,Spa","Follow prove condition detail. Finish thus be north movie fact guy.
Strategy set woman.",HISTORIC SITE,-50.420615,-47.089438,https://brown.com/,C0001636,Sara,Greene,Sara Greene,derrick34@example.com,719-957-5993x39171,1969-05-31,Other,Canada,Ottawa,"2068 Daniel Stream, Ottawa",YC 98253,en,Silver,2023-07-16,False,BKG_000000732,2024-04-16,2024-12-15,2024-12-22,7,2,1,1,double,1,Phone,Extra bed,True,2025-04-23,No Show,1975.0,446.41,221.29,28.92,247.39,Pending,Credit Card,Airbnb,,6.25,2024-05-15 14:50:15,2025-08-26 06:47:08,SYSTEM,Cancelled,REV_00000732,3,Anything guy too north past end.,"SUCCESSFUL JUST REMEMBER PREPARE.
STRUCTURE TAKE POOR ALREADY STUFF SOMETHING. EDUCATION SIMILAR RAISE THE SELL TREATMENT NATION THEMSELVES.",2025-04-21,98,True,Nakuru,2025-10-04,Business,single,APIGateway,2024-05-15 14:50:15,2025-08-26 06:47:08
H00272,Moran-Dillon,Belgium, Bruges ,Boutique,3,119,Free WiFi,HOUR PROVIDE SOUTHERN MAIN. CERTAIN BODY TREATMENT MEETING DIRECTION DRIVE BACK TRUE.,"Beach,Museum,Park",46.51804,-136.030515,http://hampton.org/,C0002695,James,Meyer,James Meyer,@gmail.com,123-456-7890,02/30/2025,F,Argentina,Buenos Aires,"72046 Gregory Rue, Buenos Aires",CI 45949,de,Gold,2023-05-16,False,BKG_000000733,2024-10-20,2025-03-08,2025-03-19,11,1,3,2,suite,3,Phone,Extra bed,True,2025-05-08,No Show,0,1232.28,135.39,22.23,0,Paid,Credit Card,Booking.com,NO_PROMO,0.0,2024-06-15 08:35:33,2025-04-08 17:23:23,API,Confirmed,REV_00000733,2,Of really after employee task star.,Think special only education strong suddenly should. Use say play parent quite within. Attention among along start size.,2025-01-06,54,False,Ghent,2025-10-10,???,double,CloudBooking,2024-06-15 08:35:33,2025-04-08 17:23:23
H00752,Murphy-Carter,Japan,Nagoya,Resort,4,282,"Pool,Gym,Spa",Leave participant enough charge whether voice clear. Leg local city bad.,Shopping Mall,49.004171,97.902842,https://www.vang-park.com/,C0003166,Tyler,James,Tyler James,!!lstone@example.org,882-457-5966x0484,1989-08-26,F,Mexico,Mexico City,"6255 Benjamin Green Suite 975, Mexico City",TV 13149,de,Silver,2023-05-12,True,BKG_000000734,2025-08-10,2025-09-03,,4,4,3,2,suite,3,Phone,   ,False,,,1370.18,492.68,283.87,17.9,516.89,Paid,Cash,Airbnb,,109.12,2024-06-17 03:20:58,2025-05-27 15:27:59,USER,Confirmed,REV_00000734,3,Particularly goal capital operation.,"Perform former during else. Dark soon concern member turn. Party nation rule though movie.
Close when clearly. Very leader fish home.",2023-12-01,3,False,Ibadan,2025-08-03,Couple,single,LegacySystem,2024-06-17 03:20:58,2025-05-27 15:27:59
H00562,,South Korea,Busan,City Hotel,1,360,Restaurant,Difference either nature worry. draw tell by smile major. enjoy doctor organization social model.,Historic Site,-35.396277,-96.611621,http://anthony.net/,C0000368,Yolanda,Rios,Yolanda Rios,shepardpatrick@example.com,842-701-8601x50453,1990-08-03,Other,South Africa,Pretoria,"7525 Rich Estates, Pretoria",HW 88623,de,Platinum,2024-06-24,False,BKG_000000735,2025-05-14,2026-09-10,2026-09-12,2,3,3,Ten,single,2,Phone,No requests,False,,,60.14,974.33,216.67,50.29,51.41,Pending,PayPal,Airbnb,PROMO874,2.35,2025-07-06 23:39:02,2025-05-31 01:25:33,AGENT,Confirmed,REV_00000735,1,Ahead head court.,Though learn dark movement according list threat relationship. Technology three by describe. Floor arm air through.,2024-06-24,59,False,Split,2024-12-20,Couple,double,CloudBooking,2025-07-06 23:39:02,2025-05-31 01:25:33
H00756,"Terry, Brown and Acosta",New Zealand,Auckland,Boutique,1,277,Free WiFi,Anything city once much never. Catch project them son him cover.,"Beach,Museum,Park",-11.228923,-175.937561,http://www.duncan.biz/,C0001946,Kellie,Bailey,Kellie Bailey,harrellrussell@example.net,+1-381-316-7443x496,1958-07-08,!!Other,Switzerland,Bern,"871 Martinez Groves, Bern",XI 64183,tr,Bronze,2024-06-13,True,BKG_000000736,2024-12-11,2026-01-23,2026-01-29,6,1,0,2,suite,3,Agent,Extra bed,True,2023-13-01,Hotel Closed,805.94,947.81,235.58,63.33,414.34,Refunded,Debit Card,Airbnb,NO_PROMO,56.23,2025-07-16 08:19:18,2024-11-08 21:47:46,SYSTEM,Cancelled,REV_00000736,4,Dark year practice sure garden maintain.,At thing report find model. Special account hold system necessary necessary animal hotel. Customer staff hotel approach.,2025-08-17,49,False,Chennai,2025-05-15,Solo,single,APIGateway,2025-07-16 08:19:18,2024-11-08 21:47:46
H00598,hart-osborn,South Africa,Port Elizabeth,Resort,1,305,Restaurant,Difference knowledge its protect treat war couple. Science policy start skill third.,"Beach,Museum,Park",39.009575,109.740047,http://www.costa.biz/,C0003229,Melissa,???,Melissa ???,gtucker@example.org,(567)328-4471,1980-04-23,F,Vietnam,Hanoi,"67235 Michael Ridges Suite 113, Hanoi",EF 27214,ES,Bronze,2025-10-11,True,BKG_000000737,2023-11-24,2026-02-05,2026-02-12,7,4,0,0,double,2,Web,Late check-in,True,2025-02-25,Payment Failed,683.39,1127.72,7.53,36.86,655.47,Failed,Cash,Expedia,PROMO854,175.13,2024-10-10 17:14:15,2025-05-27 01:47:51,SYSTEM,Pending,REV_00000737,1,Pick heavy very sign reach.,College full become economic hold. Style single according about score increase want. Role same set music hear.,2025-05-10,54,True,Kisumu,2025-03-26,Business,single,CloudBooking,2024-10-10 17:14:15,2025-05-27 01:47:51
H00033,"Wood, Potts and Berry",Slovakia,Presov,Boutique,5,152,Restaurant,Use soldier TV force morning work claim.,Historic Site,20.075077,11.96585,https://taylor.net/,C0001472,Charles,Rojas,Charles Rojas,amorse@example.org,(811)374-9554,1965-12-31,Other,Czech Republic,Prague,"009 Andrew Meadow, Prague",PM 35295,fr,,2025-10-06,True,BKG_000000738,2025-02-09,2026-04-26,2026-04-28,2,0,0,2,suite,2,Mobile App,No requests,True,2025-01-06,No Show,186.13,486.35,157.0,62.03,23.16,Failed,Debit Card,Airbnb,NO_PROMO,171.38,2023-11-03 14:51:20,2024-12-09 11:42:04,USER,Confirmed,REV_00000738,5,They race campaign big though.,Two toward travel director some out seem discover. Laugh develop degree despite student sense that. Safe perform someone want security.,2025-07-13,64,False,Cali,2025-03-28,Leisure,single,APIGateway,2023-11-03 14:51:20,2024-12-09 11:42:04
H00309,--,Spain,Barcelona,Luxury Hotel,3,28,"Pool,Gym,Spa",Need material rest very decision. Day interview three.,Historic Site,24.678901,32.672024,http://www.lewis.com/,C0002679,Monique,Cook,Monique Cook,thompsonchristopher@example.com,2844061300,1981-11-28,F,South Africa,Cape Town,"7205 Bennett Tunnel Suite 319, Cape Town",YJ 33916,es,Silver,02/30/2025,False,BKG_000000739,2024-09-01,2025-02-22,2025-03-01,7,2,3,1,suite,1,Agent,,False,,,1246.79,66.67,136.68,44.41,1002.99,Failed,Credit Card,Expedia,,26.82,2025-09-24 01:35:30,2025-06-21 08:49:20,AGENT,Cancelled,REV_00000739,5,Dark tell knowledge those.,Usually long administration poor evidence possible employee responsibility. Statement cell industry college tonight around never.,,58,False,London,2025-09-09,Couple,double,CloudBooking,2025-09-24 01:35:30,2025-06-21 08:49:20
H00086,Mitchell-Coleman,Turkey,Bursa,Business Hotel,2,365,Restaurant,Major event include move station. Her key sign hope run.,Historic Site,9999,60.880618,   ,C0003079,___,Sparks,___ Sparks,cmartinez@example.net,001-354-395-1002x8537,2007-02-15,Other,Egypt,Cairo...,"09451 Dylan Path, Cairo",YW 80776,tr,Bronze,2023-04-27,False,BKG_000000740,2024-01-05,2026-10-21,2026-10-26,,1,1,2,single,1,Web,Late check-in,False,,,577.71,1293.91,157.53,93.27,558.05,Pending,Debit Card,Expedia,,,2025-01-15 14:11:21,2025-03-06 08:19:15,USER,Pending,REV_00000740,2,Compare often six represent rate.,May fact never degree tough score crime. Book million artist someone experience actually purpose.,2024-09-17,60,False,Leuven,2025-09-13,Solo,!!double,APIGateway,2025-01-15 14:11:21,2025-03-06 08:19:15
H00681,"bishop, landry and novak",South Korea,Incheon,BUSINESS HOTEL,1,65,"Pool,Gym,Spa",Knowledge structure experience account. Sometimes risk paper charge. Onto there body north reality.,Shopping Mall,-61.995781,-143.338193,https://www.maldonado.com/,C0001839,Natasha,Stone,Natasha Stone,pgomez@example.net,486-814-5360x8859,1947-02-07,M,Czech Republic,Prague,"8668 Joseph Land Apt. 300, Prague",LV 31863,de,Gold,2024-03-18,True,BKG_000000741,2024-03-29,2025-04-01,2025-04-04,3,1,1,2,suite,1,Agent,No requests,False,,,970.27,941.94,172.68,42.83,650.11,Paid,Credit Card,Expedia,NO_PROMO,54.66,2025-06-29 14:13:40,2025-09-24 00:17:33,system,Confirmed,REV_00000741,1,Wife show form deep bring base mother.,Fish half article. Thought available sort send brother. Over final happen especially when another.,2023-11-16,51,TRUE,--,2025-05-26,Business,single,CloudBooking,2025-06-29 14:13:40,2025-09-24 00:17:33
H00156,Torres Group,Japan,Kyoto,City Hotel,2,451,Restaurant,Beat cup third bad responsibility garden. Southern according while memory.,"Beach,Museum,Park",-73.280022,-136.753818,https://simon.com/,C0004733,Tiffany, Roth ,Tiffany  Roth ,barbarastein@example.org,337.584.1490x089,1961-04-28,Other,Belgium,Antwerp,"1454 Christensen Prairie Apt. 825, Antwerp",UM 15951,fr,Gold,2024-10-27,True,BKG_000000742,2024-09-21,2025-12-28,2025-12-29,1,4,1,1,double,2,Web,extra bed,False,,,163.94,1440.35,207.56,5.74,43.38,Failed,Credit Card,Booking.com,NO_PROMO,58.24,2024-10-10 06:12:02,2024-12-28 04:16:35,USER,Cancelled,REV_00000742,5,Discussion store dark want model five.,"If here street serve field discover. Either cut their visit for.
National happen move nearly poor check walk. Chance care expert.",2024-08-16,41,True,Mecca,2024-12-02,Couple,suite,LegacySystem,2024-10-10 06:12:02,2024-12-28 04:16:35
H00224,Brown-Gonzalez,___,Bergen,Luxury Hotel,1,255,Restaurant,Close cause hit hope home girl contain. Some be chance meeting against think.,Historic Site,65.095312,150.896215,http://www.pratt.com/,C0000365,Lisa,Fisher,Lisa Fisher,austin05@example.net,5386693801,1980-07-27,F,Hungary,Debrecen,"4421 Davis Branch Apt. 072, Debrecen",YG 25093,fr,Gold,2023-01-28,False,BKG_000000743,2023-13-01,2026-07-02,2026-07-09,7,3,1,1,suite,3,Web,,False,,,1906.28,982.43,250.01,1.76,1414.92,Pending,PayPal,Airbnb,NO_PROMO,64.49,2024-02-17 17:52:47,2025-08-31 15:28:18,AGENT,Pending,REV_00000743,1,Personal itself quite ok east eat.,Fish I green will provide. Order former bring toward wear.,2025-01-30,5,True,Mexico City,2025-01-17,Business,double,CloudBooking,2024-02-17 17:52:47,2025-08-31 15:28:18
H00469,Martinez-Blevins,Portugal,Porto, Resort ,5,306,Free WiFi,Price up garden responsibility central instead. Raise style field cup. Reality visit south more.,Historic Site,-21.880118,145.179238,https://www.ponce-rodriguez.net/,C0004559,Stacey,Quinn,Stacey Quinn,sarah17@example.org,535-261-3990x7279,1992-04-04,F,Germany,Munich,"7991 Elizabeth Tunnel, Munich",RY 18058,___,Platinum,2022-11-05,,BKG_000000744,2023-12-21,2025-09-21,2025-09-26,5,3,0,2,suite,1,Web,Extra bed,True,2025-03-12,No Show,782.69,1382.99,27.84,2.93,437.53,Paid,Cash,Direct,NO_PROMO,145.49,2024-05-16 04:52:50,2025-06-13 02:59:56,API,Pending,REV_00000744,1,Suffer head song under avoid difference apply.,"Expert scientist take throughout get answer.
Hundred blue affect your. Special market yourself what natural identify field.",2025-08-21,75,False,Rijeka,2024-12-04,Solo,double,MobileApp,2024-05-16 04:52:50,2025-06-13 02:59:56
H00361,Diaz-Anderson,Peru,Lima,Resort,4,0,"Pool,Gym,Spa",Gun consider religious water no audience.,"Beach,Museum,Park",-17.722808,6.563518,https://www.woods-bonilla.biz/,C0002871,James,Clark,James Clark,nelsonpatricia@example.org,(933)647-7648,1965-11-30,Other,Germany,Munich,"9176 Alexander Village Suite 001, Munich",ZL 68024,es,Silver,2023-09-01,True,BKG_000000745,2024-04-21,2026-02-04,2026-02-04,1,3,2,0,double,1,Web,,True,2024-12-14,Customer Request,,,164.83,98.41,0,Refunded,Cash,!!Booking.com,,0,2024-03-22 15:00:14,2024-11-13 01:52:14,USER,Confirmed,REV_00000745,4,Magazine sure top his window camera.,Church ready activity none start meet animal green. In baby discover very agree for. President stock product bit decide every.,2024-07-16,91,True,Malmö,,Family,single,APIGateway,2024-03-22 15:00:14,2024-11-13 01:52:14
H00515,"Johnson, Henry and Park",Colombia,Barranquilla,Budget Hotel,2,498,Restaurant,Cover entire fly top would bad require. Year hit occur top word. Best happy save your film.,"Beach,Museum,Park",60.042405,-176.433776,http://perry.com/,C0004301,Caitlin,Brooks,Caitlin Brooks,pateljustin@example.org,651-734-9612x7835,1949-01-02,M,Colombia,Cali,"0680 Patrick Run, Cali",TT 20709,tr,Silver,2025-05-16,True,BKG_000000746,2025-06-11,2025-08-21,2025-08-27,6,2,0,2,double,2,Mobile App,Late check-in,False,,,1778.58,361.05,134.71,85.45,449.48,Refunded,Debit Card,Booking.com,PROMO728,23.03,2023-12-16 10:42:03,2025-10-09 15:51:46,AGENT,Cancelled,REV_00000746,3,Population arm go environmental.,Itself although people. Store everything fire admit minute dream past. Interesting father message expert.,2024-09-18,,True,Leuven,2025-02-05,Couple,single,CloudBooking,2023-12-16 10:42:03,2025-10-09 15:51:46
H00873,Irwin Group...,Malaysia,George Town,Resort,5,219,"Pool,Gym,Spa",Stock computer answer issue hit her. Gas one page compare safe sign force.,Shopping Mall,-77.641636,-13.306987,http://briggs.com/,C0002855,Victoria,Scott,Victoria Scott,christopher99@example.com,608.390.4149x134,1979-02-13,Other,Ireland,,"5577 Michael Estates, Dublin",PE 90551,en,Platinum,!!2025-07-09,True,BKG_000000747,2024-04-17,2025-10-22,2025-10-28,6,2,0,1,single,,Mobile App,No requests,True,2023-13-01,No Show,1432.78,696.48,120.39,25.08,1375.53,Paid,Credit Card,Booking.com,,26.79,2024-11-24 11:42:38,2025-07-02 15:24:36,SYSTEM,Pending,REV_00000747,3,Find but left economic local color heavy.,Around modern girl around unit value. Fear ball bag near wall commercial.,2025-02-17,4,True,Monterrey,2025-01-04,Solo,suite,CloudBooking,2024-11-24 11:42:38,2025-07-02 15:24:36
h00490,"Oliver, Perry and Freeman",Singapore,Singapore,!!Business Hotel,2,342,Restaurant,Simple instead sure buy practice. Note nothing show. Break successful answer environmental TV law.,Shopping Mall,-85.609737,120.076592,https://hill.biz/,C0002700,   ,Smith,    Smith,dbenson@example.net,001-302-245-9972,"Jan 32, 2025",F,Thailand,Chiang Mai,"439 Edwards View Apt. 068, Chiang Mai",HS 68821,es,Silver,2023-08-17,true,BKG_000000748,2025-03-03,2025-04-01,2025-04-01,1,4,1,2,single,1,Phone,No requests,True,2025-09-13,Customer Request,548.26,61.5,255.41,95.59,457.4, Pending ,Debit Card,Booking.com,,72.12,2023-11-07 09:45:15,2025-02-06 13:48:34,SYSTEM,Pending,REV_00000748,3,Tonight call red back seek student especially four.,,2023-11-05,50,True,Cebu,2025-08-20,Business,single,MobileApp,2023-11-07 09:45:15,2025-02-06 13:48:34
H00109,Wang-Munoz,Canada,Vancouver,Luxury Hotel,2,28,Free WiFi,Security eight place trouble. Interview wife yet letter.,Shopping Mall,30.9277,-37.019711,https://www.wood-johnson.com/,C0003771,Richard,Holmes,Richard Holmes,eric46@example.net,241.440.7831,1984-11-17,M,United Kingdom,London,"634 Williams Vista, London",HS 50218,en,,2024-12-04,True,BKG_000000749,2023-12-30,2025-06-11,2025-06-23,12,3,0,0,single,1,Agent,Extra bed,False,,,553.35,1296.08,-1,39.8,166.86,Paid,___,Expedia,PROMO879,51.2,2024-05-30 15:27:03,2025-05-17 07:47:54,API,Cancelled,REV_00000749,5,Choice ask board across.,   ,2025-08-19,96,True,Bucharest,2025-10-27,Business,suite,CloudBooking,2024-05-30 15:27:03,2025-05-17 07:47:54
H00194,"Sosa, Martin and Gray",Egypt,Cairo,Luxury Hotel,2,,"Pool,Gym,Spa",Hope player church weight exist heart. Study would or. Explain natural low decide such.,Shopping Mall,1.659848,1.711411,https://www.flores.com/,C0001210,Ronald,Robertson,Ronald Robertson,leonardhurley@example.net,+1-718-466-2564x09910,1978-01-18,M,???,Liverpool,"27315 Johnson Centers Suite 554, Liverpool",QO 84848,fr,,02/30/2025,True,BKG_000000750,2025-05-05,2025-01-07,2025-01-20,13,3,3,1,double,1,Agent,Extra bed,True,2024-10-31,Hotel Closed,1354.19,1397.29,183.27,49.87,1108.12,Failed,Cash,Direct,NO_PROMO,88.12,2025-05-24 03:28:41,2025-01-01 04:33:14,USER,Confirmed,REV_00000750,3,Remember real mother statement first cost.,Data attorney whom wish would certain law require. Wall management subject. Middle affect issue appear class realize edge.,2024-01-14,77,,Santiago,2025-04-25,Business,double,APIGateway,2025-05-24 03:28:41,2025-01-01 04:33:14
H00866,"Conley, Andrews and Sweeney",Egypt,Alexandria,Business Hotel,5,241,"Pool,Gym,Spa",Perform she young wide garden. Cold statement we his police whether evidence.,Historic Site,-15.971498,160.234437,http://bailey-clements.net/,C0003264,Bruce,Zamora,Bruce Zamora,christiezuniga@example.net,423.477.2964x34232,1997-10-24,M,Egypt,Sharm El Sheikh,"82403 Massey Flats Apt. 083, Sharm El Sheikh",CN 71716,fr,Silver,2025-09-30,False,BKG_000000751,2024-05-24,2025-07-30,2025-08-08,9,2,2,1,suite,1,Phone,Late check-in,False,,,1569.34,875.47,57.24,,0,Paid,Debit Card,   ,PROMO212,100.42,2024-05-21 09:14:12,2024-11-20 08:54:42,AGENT,Confirmed,REV_00000751,2,Animal door land although across place.,Special open support animal professor green under. Maybe state them to threat grow wear. New worry base night. Thought fly agree within share stock.,2024-10-08,32,True,Gdansk,2025-09-09,Leisure,suite,MobileApp,2024-05-21 09:14:12,2024-11-20 08:54:42
H00471,"Miller, Blanchard and Moore",Ireland,Limerick,Budget Hotel,2,145,"Pool,Gym,Spa",Practice add help become. Decide blood who share sea finally time.,Shopping Mall,47.816599,-168.474839,http://www.jones-aguirre.com/,C0001120,Christopher,Jones,Christopher Jones,jessica35@example.org, (854)703-5221 ,1976-06-13,Other,Denmark,Copenhagen,"96943 Patrick Fords Apt. 769, Copenhagen",YJ 20062,es,Platinum,2024-11-24,True,BKG_000000752,2025-02-17,2026-08-22,2026-08-23,1,3,1,2,single,1,Phone,No requests,False,,,1914.85,65.5,106.87,18.44,1214.0,Pending,PayPal,Expedia,,137.26,2024-09-08 22:33:50,2025-06-21 19:52:35,USER,Pending,REV_00000752,2,Culture test successful challenge quite treat shake.,"Strong thank response. Member concern apply war. Image reveal hospital.
We type better from training raise. Personal ago position half.",2025-07-25,29,True,Bordeaux,2025-05-31,Couple,suite,MobileApp,2024-09-08 22:33:50,2025-06-21 19:52:35
H00905,Hancock-Washington,Belgium,Bruges,Budget Hotel,4,461,"Pool,Gym,Spa",Attack station front another year claim stay measure.,"Beach,Museum,Park",-87.083861,54.80345,http://lopez-smith.org/,C0004434,Tammy,Mitchell,___,jeffrey49@example.com,+1-344-384-9626,1991-03-02  ,Other,Denmark,Copenhagen,"05957 Miller Roads Apt. 234, Copenhagen",XB 38328,es,Gold,2023-10-15,False,BKG_000000753,2025-07-20,2026-02-22,2026-03-06,12,3,3,1,double,2,Web,,True,2024-11-01,Hotel Closed,636.75,Five,284.38,Five,134.27,Refunded,PayPal,Direct,,70.66,2024-06-28 23:31:43,2025-09-02 21:30:43,API,Cancelled,REV_00000753,4,Myself left each small reality.,Trouble fill form difference just. Candidate kid avoid same our case hope. Kind discuss country feel treatment.,2024-11-28,79,True,Hanoi,2025-03-02,Leisure,suite,APIGateway,2024-06-28 23:31:43,2025-09-02 21:30:43
H00895,Moore Ltd,Colombia,Medellín,Resort,1,334,Restaurant,Sit run whole fact. Whole between think yard hair.,"Beach,Museum,Park",61.043035,101.892877,http://martin.com/,C0003379,Natasha,Wilson,Natasha Wilson,cynthia13@example.org,266-283-5054,1953-05-03,F,United States,!!San Francisco,"5035 Tanya Trail Suite 249, San Francisco",JN 22893,tr,Bronze,2024-07-22,True,BKG_000000754,2023-11-28,,2025-07-13,7,1,2,1,single,3,Phone,,True,2025-10-05,Payment Failed,539.82,90.74,63.53,74.27,374.54,Pending,Cash,Expedia,PROMO256,9999,2025-08-19 10:38:39,2024-12-15 10:56:05,SYSTEM,Cancelled,REV_00000754,5,Share benefit allow what national everybody line.,"Beat black his human southern. Call in machine water coach never able.
Wait fact heavy another catch join defense. Father federal one support maybe.",2024-11-10,21,,Shenzhen,2025-07-06,Family,single,LegacySystem,2025-08-19 10:38:39,2024-12-15 10:56:05
H00300,___,Mexico,Cancún,Business Hotel,5,373,"Pool,Gym,Spa",Hour candidate station trade cultural night. Cold writer marriage result. Expert chair hard bill.,Historic Site,61.478318,88.398814,--,C0000182,Crystal,Rogers,Crystal Rogers,robertsonstacey@example.net,(268)581-5870x73099,1983-07-16,M,Singapore,Singapore,"843 Samuel Estates Apt. 133, Singapore",CV 67921,en,Bronze,2025-10-28,True,BKG_000000755,2025-02-25,2025-08-23,2025-09-02,10,3,1,2,single,3,Mobile App,Late check-in,True,2025-10-11,Customer Request,630.33,486.41,167.63,91.7,176.64,Failed,PayPal,Airbnb,,-1,2023-11-18 15:29:49,2025-10-15 03:50:53,API,Confirmed,REV_00000755,4,People brother almost next.,Relationship matter benefit choice. Term particularly foot. Tough perform fast stand travel different.,2024-12-01,81,True,Perth,2025-05-30,Solo,suite,MobileApp,2023-11-18 15:29:49,2025-10-15 03:50:53
H00592,Miller Inc,Chile,Concepción,Luxury Hotel,5,484,"Pool,Gym,Spa",Dream true certain few. Peace soldier list leave name analysis exactly.,Historic Site,-63.590245,-114.077368,http://pineda.com/,C0002577,Audrey,Mcguire,Audrey Mcguire,sjohnson@example.net,,1977-04-07,Other,South Africa,Port Elizabeth,"7577 Heather Forest Suite 430, Port Elizabeth",VZ 60581,de,,2024-06-07,True,BKG_000000756,2023-12-05,2025-11-18,2025-11-25,7,4,0,0,double,1,Phone,No requests,False,,,1242.24,255.46,152.13,23.35,1229.32,Refunded,PayPal,TravelAgency,NO_PROMO,11.73,2024-03-31 21:47:40,2025-02-12 19:29:29,SYSTEM,Pending,REV_00000756,3,Main thing set.,Practice reflect relate. Many buy book total order ahead those. Very onto area avoid financial indeed traditional last.,2024-09-30,31,False,Kosice,2025-05-03,Solo,suite,CloudBooking,2024-03-31 21:47:40,2025-02-12 19:29:29
H00368,"Johnson, Crosby and Morrison",Serbia,Nis,Resort,2,492,"Pool,Gym,Spa",Partner use court share stage. Girl give marriage individual seven radio goal science.,Historic Site,-40.776044,116.150939,http://whitaker.com/,C0004154,Austin,Clay,Austin Clay,taylorhailey@example.net,9939577149,1981-04-06,F,Spain,Bilbao,"244 Diana Trail Apt. 865, Bilbao",XG 70847,tr,Platinum,2024-06-02,True,BKG_000000757,2024-03-29,2025-04-14,2025-04-23,9,1,1,0,double,1,Phone,Extra bed,False,,,1522.31,1329.06,34.48,87.88,349.04,Pending,PayPal,Expedia,PROMO967,16.87,2025-07-23 16:01:35,,SYSTEM,Cancelled,REV_00000757,4,Current court recognize other.,Edge head pass family such. Write hear month collection quality owner pull.,2025-04-18,22,True,Adelaide,2024-11-08,Couple,suite,APIGateway,2025-07-23 16:01:35,
H00125,Wilkerson-Sanchez,--,Pretoria,Resort,3,498,"Pool,Gym,Spa","Score may begin couple watch. Box alone fast under.
Human training glass capital.",Historic Site,23.688736,175.41467,https://tanner.com/,___,James,Bailey,James Bailey,tuckerchris@example.com,(823)397-4792x41327,1999-12-19,F,Hungary,Debrecen,"333 Warner Cliff, Debrecen",JT 50082,de,Platinum,02/30/2025,False,BKG_000000758,2025-02-08,2025-05-15,2025-05-18,3,4,Ten,0,single,2,Web,,False,,,,1136.98,288.26,43.97,0,Failed,Credit Card,Airbnb,NO_PROMO,0,2025-10-03 20:27:30,2025-03-27 08:38:45,API,Pending,REV_00000758,1,Budget blood hit follow each.,"Pick hand color together citizen something. International capital process parent particular.
Allow have few great economic best always.",2023-13-01,98,True,Cancún,2025-02-14,Couple,,APIGateway,2025-10-03 20:27:30,2025-03-27 08:38:45
H00660,Peterson Ltd,South Korea,!!Daegu,Resort,1,22,"Pool,Gym,Spa",Outside well white political officer election. Enjoy energy onto.,Historic Site,-49.657783,3.080891,http://powers-nunez.com/,C0002701,Anthony,Winters,Anthony Winters,rebeccacain@example.com,(852)305-5224x965,1964-09-04,F,Brazil,Rio de Janeiro,"69999 Pineda Crest, Rio de Janeiro",UN 69385,tr,,2024-08-04,True,BKG_000000759,2024-07-03,2024-11-26,2024-12-03,7,1,0,1,,3,Web,Late check-in,True,2025-01-25,No Show,193.7,194.72,46.45,55.64,106.37,Refunded,Credit Card,TravelAgency,,75.85,2025-10-19 19:32:31,2025-08-08 07:16:20,AGENT,Pending,REV_00000759,1,World service effort lot.,"Us military speech budget treatment relate decide.
Unit trial I appear. Yeah usually report no realize care first position.",2025-07-01,61,True,Ajman,2024-12-14,Leisure,suite,APIGateway,2025-10-19 19:32:31,2025-08-08 07:16:20
H00634,Green-Boyd,Chile,Valparaíso,Boutique,3,498,Restaurant,Position measure near less. Wife add no seem. Light ago anyone office rather back.,Historic Site,75.760611,-12.361775,http://www.johnson.biz/,C0003637,Stephanie,Smith,Stephanie Smith,natalieadams@example.com,679.725.5929x6616,2006-01-23,M,Slovakia,Nitra,"8674 Gonzalez Glen Suite 601, Nitra",QE 69623,tr,Platinum,2025-08-02,True,BKG_000000760,2024-08-27,2025-04-18,2025-04-19,1,1,0,0,single,2,Phone,No requests,False,,,1038.44,49.04,42.37,25.08,1013.96,Pending,Debit Card,Booking.com,PROMO768,44.6,2024-09-08 20:59:32,2025-03-30 04:25:55,SYSTEM,Confirmed,REV_00000760,-1,___,Resource day show next wonder policy appear. Expect not election early mouth.,2024-02-14,48,False,Stockholm,2025-10-22,Family,double,CloudBooking,2024-09-08 20:59:32,2025-03-30 04:25:55
H00150,Adams LLC,Morocco,Casablanca,Luxury Hotel,1,290,???,--,"Beach,Museum,Park...",67.464879,171.510059,http://www.sellers-ferguson.com/,C0003999,David,Snyder,David Snyder,spencerruben@example.org,3306520966,2000-02-03,Other,Ireland,Galway,"958 day shore suite 372, galway",SJ 60846,es,,2025-02-11,False,BKG_000000761,2025-03-04,2026-02-18,2026-02-28,10,1,3,1, double ,1,___,Late check-in,True,2025-04-20,,1627.91,1345.39,201.82,93.28,349.73,Failed,Debit Card,Airbnb,PROMO971,28.34,2024-03-13 17:56:17,2025-04-26 15:07:30,API,Confirmed,REV_00000761,5,Goal life sport large tonight dream.,Whether available bar bank pick like book. Cost onto center board behavior PM. Important until sign wife address stock.,2024-11-25,47,False,Cusco,2025-03-10,Couple,double,CloudBooking,2024-03-13 17:56:17,2025-04-26 15:07:30
H00813,"Bryant, Reyes and Smith",Turkey,Izmir,Luxury Hotel,2,83,Free WiFi,Really hear wonder full lay several. They serve control.,Historic Site,-76.567135,-100.118825,https://brown.com/,C0000580,George,Beasley...,George Beasley...,yevans@example.org,300.530.2550,1991-12-19,M, Israel ,Eilat,"212 Andrew Inlet Apt. 043, Eilat",???,es,,2023-02-07,False,BKG_000000762,2025-04-24,2026-01-23,2026-01-24,1,2,0,2,suite,1,,Extra bed,True,2024-12-21,Payment Failed,,-1,239.58,20.0,0,Pending,Cash,TravelAgency,NO_PROMO,0,2025-02-26 18:55:45,2025-01-23 02:55:23,API,Pending,REV_00000762,1,Leave at employee interview event others admit.,Radio occur city car site.,2023-12-21,16,True,Shenzhen,2025-05-17,Business,double,LegacySystem,2025-02-26 18:55:45,2025-01-23 02:55:23
H00574,Calhoun PLC,Colombia,Medellín,???,2,327,Restaurant,Partner affect hope difference. Serious first stay sound. Star lose spend begin amount.,Historic Site,-31.520549,4.173609,https://king.com/,C0000076,Victoria,???,Victoria ???,kevin66@example.org,+1-611-849-9669x577,1980-01-01,Other,Colombia,Bogotá,"78854 Hill Highway, Bogotá",EG 42935,tr,Platinum,2025-02-17,False,BKG_000000763,2024-09-05,2024-11-13,2024-11-18,5,2,2,2,suite,1,Web,No requests,False,,,493.32,647.03,37.96,0.79,346.34,Paid,PayPal,Direct,PROMO217,53.52,2024-02-15 21:26:55,2025-07-31 12:35:54,Api,Cancelled,REV_00000763,4,Opportunity really necessary plant water.,Food challenge mean back significant candidate. Inside close bank. Someone baby stop treatment explain.,2024-04-24,73,True,Wroclaw,2025-06-14,Family,suite,APIGateway,2024-02-15 21:26:55,2025-07-31 12:35:54
H00745,Smith LLC,Kenya,Nakuru,,1,394,Restaurant,Decide end star miss half start lot evening. Act large history figure impact same.,   ,-30.771619,46.614753,http://sanders.com/,--,Anthony,Glenn,Anthony Glenn,!!amonroe@example.com,3472303649,1994-03-22,M,United Arab Emirates,Dubai,"2654 Jill Summit, Dubai",SX 13457,fr,Gold,,False,BKG_000000764,"Jan 32, 2025",2025-08-05,2025-08-07,2,2,1,1,double,2,Mobile App,,False,,,1877.77,317.57,58.85,62.94,977.94,Failed,PayPal,Direct,,149.21,2023-12-30 12:54:14,2025-05-09 04:33:10,SYSTEM,Cancelled,REV_00000764,1,Help property might.,"Task best energy.
Prepare teach election really. Cost about do yet want tend trial. Partner front education difficult.",2023-11-16,88,False,Perth,2025-06-19,Couple,single,Apigateway,2023-12-30 12:54:14,2025-05-09 04:33:10
H00570,"May, Nash and Thompson",Belgium,Leuven,Budget Hotel,3,78,Free WiFi,Follow forget threat especially unit.,Shopping Mall,-59.709084,79.23365,https://www.campbell.com/,C0002812,Tony,   ,Tony    ,kjohnson@example.net,001-489-726-6723x76010,1991-12-24,Other,Bulgaria,Varna,"672 Kelly Mills, Varna",JH 92952,es,Bronze,2023-12-23,False,BKG_000000765,2023-11-25,2026-03-16,2026-03-21,5,3,,1,double,3,Web,,False,,,1097.93,1141.93,285.65,66.25,233.05,Failed,Credit Card,TravelAgency,NO_PROMO,23.95,2025-08-16 07:55:25,2025-10-16 08:28:01,AGENT,Pending,REV_00000765,4,Hard such maintain agreement daughter.,Line one option fight usually apply ago table. Pass necessary evidence sing serious.,2024-09-09,71,True,Da Nang,2025-04-29,Solo,suite,CloudBooking,2025-08-16 07:55:25,2025-10-16 08:28:01
H00672,Maddox-Harmon,Canada,Montreal,Boutique,1,399,"Pool,Gym,Spa",Even summer determine another each worry TV. Clear miss their become. Fast direction phone.,Historic Site,-21.958675,-20.650563,https://cannon.net/,C0003369,Sarah,Jones,Sarah Jones,ksmith@example.org,540-520-3161x49502,1973-07-25,M,Egypt,Luxor,"367 Taylor Throughway Apt. 126, Luxor",RI 60881,fr,Platinum,2025-03-08  ,True,BKG_000000766,2024-08-14,2025-05-14,2025-05-20,6,4,3,2,double,2,Web,Late check-in,True,2024-12-20,Hotel Closed,1875.73,1044.57,174.05,,1816.45,Refunded,Credit Card,Booking.com,PROMO132,192.87,2024-10-25 19:47:47,2025-05-15 12:55:29,API,Cancelled,REV_00000766,2,Ground today they ok war show floor.,Prepare major new economy car. Value foreign together director.,2024-07-11,3,True,Fortaleza,2025-05-05,Business,single,CloudBooking,2024-10-25 19:47:47,2025-05-15 12:55:29
H00814,Ramirez-Hunter,Morocco,Fes,Luxury Hotel,Five,160,Free WiFi,"Leg middle green. Trial whether meet. Do nature author court hit.
Any short total practice.","Beach,Museum,Park",25.512107,-78.528875,,C0000272,Ashley,Walker,Ashley Walker,robertgonzalez@example.org,,2023-13-01,Other,Norway,Stavanger,"042 Hall Terrace, Stavanger",YP 89912,de,Silver,2023-09-08,False,BKG_000000767,2025-04-16,2025-02-27,2025-03-04,5,1,0,2,double,1,Phone,No requests,False,,,67.53,1221.57,295.2,58.35,45.2,Paid,Credit Card,Airbnb,NO_PROMO,46.21,2024-09-13 04:49:36,2025-09-11 07:08:32,API,Cancelled,REV_00000767,Ten,Argue where cultural.,Local space yard. Rich PM team same hard different. Next smile cause heavy.,2025-03-11,,False,Valparaíso,2025-01-24,Family,single,APIGateway,2024-09-13 04:49:36,2025-09-11 07:08:32
H00139, Nichols PLC ,New Zealand,Christchurch,City Hotel,5,26,Restaurant,Raise main listen current staff else wife. Situation perhaps whom how time party common open.,Historic Site,12.037493,131.632616,https://www.jackson.com/,C0001235,Brenda,Cook,Brenda Cook,vberry@example.org,(500)919-2768x444,1964-03-26,F,Malaysia,Malacca,"2205 Ramirez Row Suite 578, Malacca",KA 68083,de,Platinum,2025-01-12,TRUE,BKG_000000768,2025-04-17,2026-07-16,2026-07-23,7,3,1,2,suite,,Agent,,True,2025-05-03,No Show,670.89,204.16,281.71,1.97,29.24,Failed,PayPal,Direct,NO_PROMO,184.86,2024-01-01 09:44:39,2024-11-24 18:21:03,SYSTEM,Pending,REV_00000768,3,Including interview across travel heart.,Organization term mean thank stand. Song think note to. Phone sometimes growth western whether body government American.,2025-02-04,4,True,,2025-10-26,Family,double,LegacySystem,2024-01-01 09:44:39,2024-11-24 18:21:03
H00399,Lopez and Sons,Germany,Cologne,Budget Hotel,2,369,!!Free WiFi,Young take address school. With seem support owner among job.,"Beach,Museum,Park",7.352109,-151.871236,https://miller.biz/,C0004109,Justin,Velazquez,Justin Velazquez,njones@example.org,(431)580-4907,1947-08-05,F,Egypt,Luxor,"58771 Bernard Underpass Apt. 832, Luxor",ZF 40473,fr,Gold,2023-01-12,False,BKG_000000769,2025-09-11,2024-12-07,2024-12-13,6,2,2,0,single,1,Mobile App,Extra bed,False,,,119.51,143.79,156.53,91.64,105.68,Pending,PayPal,Booking.com,NO_PROMO,112.44,2023-12-22 16:34:12,2025-06-06 18:14:33,SYSTEM,Confirmed,REV_00000769,5,Leg including staff box focus white lawyer family.,Choice able fast list husband garden myself evidence. Shake its science four worker research receive within.,2024-04-04  ,16,False,Riyadh,2025-04-15,Leisure,suite,MobileApp,2023-12-22 16:34:12,2025-06-06 18:14:33
H00967,Potts Group,France,Toulouse,Budget Hotel,Five,51,Free WiFi,Collection series so character. Democrat treat them choose. Economic face specific never.,"Beach,Museum,Park",-57.817952,152.028323,https://hughes-young.com/,C0001837, Alicia ,Paul, Alicia  Paul,margaret84@example.org,319.679.1857x870,1958-06-08,F,Singapore,Singapore,"79293 Taylor Station Apt. 458, Singapore",NX 61400,fr,,2025-02-15,False,BKG_000000770,2025-05-26,2025-09-11,2025-09-21,10,4,0,2,single,1,Agent,,True,2025-05-18,No Show,1882.91,1466.11,226.0,66.6,1198.75,Failed,PayPal,Direct,,18.99,2024-12-27 02:08:18,2025-10-18 08:35:37,SYSTEM,Pending,REV_00000770,5,Begin develop including impact bar remain almost.,Set instead election show step. Leader report color she. Kitchen world condition more foot pass. Study sport wind attack.,2025-01-11,81,False,Frankfurt,2025-05-15,Couple,single,LegacySystem,2024-12-27 02:08:18,2025-10-18 08:35:37
H00869,Johnson LLC,Netherlands,Rotterdam,City Hotel,2,424,"Pool,Gym,Spa",Forward action worry manager talk here. Under read cultural nice analysis.,Historic Site,87.596484,-160.321549,http://rodriguez-evans.biz/,C0002448,Renee,Rios,Renee Rios,aunderwood@example.org,001-743-903-1653,1954-12-01,M,Philippines,Cebu,"332 Rodriguez Knoll, Cebu",JS 81914,en,Silver,2025-05-04,True,BKG_000000771,2024-05-25,2026-06-09,2026-06-17,8,3,0,0,single,3,Mobile App,,False,,,1132.93,652.78,144.05,34.64,353.7,Refunded,Debit Card,Booking.com,,166.82,2024-12-15 21:43:17,2025-04-25 23:40:17,USER,Confirmed,REV_00000771,2,Lot travel individual be box attorney.,Across hope look next past social. Member air wide newspaper learn project time.,2025-01-08,4,True,Espoo,2025-07-27,Solo,single,APIGateway,2024-12-15 21:43:17,2025-04-25 23:40:17
H00518,"Valencia, Scott and Ware",Poland,Krakow,Business Hotel,2,417,Free WiFi,True work government support. Term anyone base site interesting relate water. Give our son require.,Historic Site,-49.600264,,http://www.young.biz/,C0004517,,Lucero, Lucero,stuartdavid@example.org,+1-615-883-9345,2006-10-11,M,COLOMBIA,Bogotá,"8542 Klein Land Apt. 116, Bogotá",NL 25172,tr,Bronze,2024-10-30,True,BKG_000000772,2025-01-04,2026-06-28,2026-07-01,3,3,1,0,suite,2,Web,Extra bed,False,,,9999,1400.73,168.94,95.77,2932.39,Failed,Credit Card,Expedia,NO_PROMO,Ten,2024-03-22 09:37:34,2023-13-01,SYSTEM,Cancelled,REV_00000772,2,Should design rather account clearly both mouth.,Surface wide sound information which team. Many more husband method whose middle. Single own trial. Especially research idea.,2024-07-24,51,False,Nairobi,,Leisure,single,MobileApp,2024-03-22 09:37:34,2023-13-01
H00595,Knight-Taylor,Singapore,Singapore,Boutique,5,62,"Pool,Gym,Spa",Most standard choice represent. Brother hand something low month finish especially evening.,"Beach,Museum,Park",-66.89895,-20.680248,https://www.phillips-stafford.com/,C0004167,David,Jenkins,David Jenkins,holly90@example.org,888.700.4343x8900,1984-06-01,F,Netherlands,Eindhoven,"2249 Matthew Islands, Eindhoven",ED 21169,de,Gold,"Jan 32, 2025",False,BKG_000000773,2025-08-13,2026-07-31,2026-08-03,3,1,1,1,double,3,Phone,Extra bed,True,2025-01-28,Customer Request,1088.29,1179.68,245.77,28.02,261.58,Paid,Credit Card,Direct,NO_PROMO,60.36,2023-12-10 06:34:32,2024-11-30 05:57:24,USER,Pending,REV_00000773,5,Performance second hospital change.,Our difference have save this hear get. Movement everybody to career shake arm media. Mr husband can staff.,2023-12-02,52,True,Plovdiv,,Solo,double,CloudBooking,2023-12-10 06:34:32,2024-11-30 05:57:24
H00283,"Goodman, White and Kelly",???,Da Nang,Budget Hotel,2,89,--,Evening federal local start. Him young class energy father.,Historic Site,-82.431105,-42.469681,https://www.wilson.com/,C0004160,Zachary,Greene,Zachary Greene,tylerhenderson@example.org,(784)620-7506x5517,1992-06-22,M,Germany,Stuttgart,"7323 Jeremy Hill Apt. 217, Stuttgart",II 15933,es,Platinum,"Jan 32, 2025",True,BKG_000000774,2024-08-05,2024-12-19,2023-13-01,7,3,2,2,--,3,Web,Extra bed,True,2025-02-25,No Show,222.01,1338.5,283.85,99.9,11.45,Refunded,Debit Card,Booking.com,PROMO896,111.5,2025-04-20 14:43:00,2025-08-20 06:41:08,AGENT,Cancelled,REV_00000774,4,Travel keep Mr tax nothing campaign debate.,Believe surface allow positive since office. Statement play return style he machine know. Unit gun order.,2024-03-01,16,False,Izmir,2025-02-23,Business,double,LegacySystem,2025-04-20 14:43:00,2025-08-20 06:41:08
H00424,"Fitzgerald, Wang and Wagner",Hungary,Debrecen,Business Hotel,2,428,"Pool,gym,spa",College seven throw decide. Sea pretty authority mention per provide.,"Beach,Museum,Park",-46.628523,0,http://www.miller.com/,C0000009,Christopher,Hughes,Christopher Hughes,garciatodd@example.org,(447)214-8290,1996-03-19,M,Italy,Turin,"9365 Beck Flat, Turin",YH 17303,tr,Gold,,False,BKG_000000775,2024-02-11,2026-04-29,2026-05-04,5,1,1,1,double,1,Phone,Late check-in,True,2025-10-12,No Show,971.75,1187.18,216.49,53.05,412.51,paid,Credit Card,Airbnb,PROMO661,171.57,2025-03-08 06:27:43,2025-09-19 12:08:44,AGENT,Pending,REV_00000775,2,Appear one also budget game there network prevent.,Dark film minute hundred report believe father. Probably care arm either truth tax.,2024-12-15,93,False,Ottawa,2025-05-28,Solo,suite,MobileApp,2025-03-08 06:27:43,2025-09-19 12:08:44
H00398,"Brown, Yates and Welch",Portugal,Lisbon,Business Hotel,3,494,Restaurant,Night president fact degree. Around not rather ok general us without reality.,Shopping Mall,56.237314,89.160889,https://www.martinez-chung.info/,C0002685,James,Hood,James Hood,zdixon@example.net,001-906-974-9549x830,1969-05-28,Other,China,Hangzhou,"262 David Gateway Apt. 136, Hangzhou",NW 74296,es,Silver,2025-08-08,True,BKG_000000776,2025-04-24,2026-06-10,2026-06-15,5,3,0,2,suite,2,Mobile App,Late check-in,True,2025-08-23,,434.77,996.06,40.17,46.58,268.17,!!Pending,Debit Card,TravelAgency,,20.35,2025-09-19 10:00:24,,AGENT,Confirmed,REV_00000776,4,Successful ok husband special member rule.,Including someone more watch face impact growth. Walk part bank move reality answer contain back. President truth eat talk buy national reason.,2024-01-10,4,False,Melbourne,2025-10-02,Business,double,APIGateway,2025-09-19 10:00:24,
H00672,"Herrera, Robinson and Ponce",malaysia,Kuala Lumpur,Boutique,3,129,"Pool,Gym,Spa",He likely ability nor than realize article. And relationship option play star war.,Shopping Mall,-31.686836,-134.284676,http://www.douglas-barrera.com/,C0004021,Sherry,Cameron,Sherry Cameron,kaitlinmeyer@example.net,381.303.8440x50529,1993-11-09,Other,Thailand,Bangkok,"04971 Delacruz Underpass Apt. 111, Bangkok",EM 71444,es,,2023-10-23,True,BKG_000000777,2023-11-26,2025-07-13,2025-07-13,1,1,1,0,single,1,Mobile App,Extra bed,True,2025-08-10,,1893.03,708.96,67.93,72.66,1413.64,Failed,Cash,Booking.com,NO_PROMO,24.94,2024-06-19 10:42:28,2025-02-20 14:52:07,AGENT,Pending,REV_00000777,3,Operation worker whether morning.,"Budget dream determine down. Medical too require figure.
If accept recently base social other stage. Bill speech reduce sing seat your official.",2024-11-03,21,True,Alexandria,2025-03-14,Family,double,APIGateway,2024-06-19 10:42:28,2025-02-20 14:52:07
H00761,"Ortiz, Mccarthy and Martin",Denmark,Odense,Boutique,5,270,Free WiFi,Score fast step southern check good thus. So sure listen Congress.,Shopping Mall,0,49.992018,https://www.sims-dixon.com/,C0004500,Chad, Davis ,Chad  Davis ,jacksonchristian@example.com,+1-649-543-9096x38684,,Other,Slovakia,Presov,"4382 Brittany Throughway, Presov",TP 58866,tr,,2025-05-03,True,BKG_000000778,2025-06-02,2025-05-11,2025-05-12,1,4,3,0,double,2,Mobile App,No requests,False,,,211.91,390.44,237.73,27.53,160.01,Refunded,Cash,Expedia,,136.55,2024-11-21 23:29:38,2025-08-31 22:39:19,SYSTEM,Cancelled,REV_00000778,2,Morning apply film.,Against customer news economy stay. Later middle east. Note address soldier avoid.,2025-06-25,4,   ,Johannesburg,2024-11-05,Business,double,MobileApp,2024-11-21 23:29:38,2025-08-31 22:39:19
H00115,"Coleman, Williams and Boyd",Switzerland,Zurich,Boutique,5,432,Restaurant,Girl land account audience size. Which when help. Few product factor cold inside.,"Beach,Museum,Park",-7.731701,179.015199,http://rogers.org/,C0002420,Douglas,Moore,Douglas Moore,brockgregory@example.org,693-893-0534,1985-02-14,Other,Egypt,Luxor,"289 Amy Burg Apt. 456, Luxor",MI 85640,es,Silver,2023-09-26,True,BKG_000000779,2024-05-31,,2024-11-22,11,1,1,0,double,3,Agent,,False,,,536.52,263.6,239.8,94.99,245.87,Paid,Debit Card,Direct,NO_PROMO,180.76,2024-03-29 01:16:11,2025-06-14 02:22:27,AGENT,Pending,REV_00000779,5,Believe suffer American sing herself.,Push general outside game financial. Detail even late another.,2024-06-29,17,False,!!Chengdu,2025-04-15,Solo,suite,CloudBooking,2024-03-29 01:16:11,2025-06-14 02:22:27
H00229,Cunningham-Rodriguez,___,Cairo,Luxury Hotel,1,40,"Pool,Gym,Spa",Close thousand step. As enter join itself six. Among wife late once wish long.,Shopping Mall,84.346068,116.191844,http://www.rollins-dominguez.com/,C0002847,Brian,Kerr,Brian Kerr,reneegarcia@example.net,428.711.7335x3769,1978-09-25,Other,Saudi Arabia,Jeddah,"9773 Kevin Mission, Jeddah",SG 32383,es,Gold,2024-08-24,???,BKG_000000780,2024-11-18,2024-12-24,2024-12-24,1,1,,1,double,3,Agent,No requests,True,2025-04-21,Payment Failed,365.78,433.85,263.2,90.22,252.72,Refunded,PayPal,Expedia,,39.95,2025-08-05 01:02:50,2025-01-29 02:56:29,SYSTEM,Confirmed,REV_00000780,1,Media agent different.,PLAYER OUTSIDE NUMBER PERSONAL. BE TOGETHER BEHIND HIS RECOGNIZE. SCENE BIT DIRECTOR THANK BIG SURFACE AFTER AMERICAN.,2025-01-27,,False,HO CHI MINH CITY,2025-07-13,Solo,suite,APIGateway,2025-08-05 01:02:50,2025-01-29 02:56:29
H00363,Gonzalez Inc,Portugal,Funchal,Business Hotel,5,250,"Pool,Gym,Spa","Under easy option between dog officer key. Need run contain.
Ahead fire front carry one.","Beach,Museum,Park",Five,-14.917451,https://smith-torres.com/,C0001221,Connie,Bell,Connie Bell,pnguyen@example.com,(229)410-7418,2003-08-12,F,Ireland,Galway,"152 Thomas Vista Suite 585, Galway",EO 35179,tr,Bronze,2023-08-25,false,BKG_000000781,2025-03-23,2026-08-13,2026-08-14,1,2,3,1,single,2,Phone,No requests,False,,,370.83,827.43,41.89,53.14,256.19,Refunded,PayPal,Airbnb,PROMO891,122.34,2023-13-01,2025-04-07 02:56:21,AGENT,Cancelled,REV_00000781,1,Accept type player anything.,Just end offer check indeed official. Describe fall evening industry foreign along ask.,2024-12-04,5,True,Fes,2025-01-22,Family,double,MobileApp,2023-13-01,2025-04-07 02:56:21
H00676,"Carrillo, Barnett and Baker",Singapore,Singapore,Boutique,3,499,Free WiFi,Training I owner clear course maintain. Night fire design size single itself.,"Beach,Museum,Park",-1.62805,-128.760177,https://mckee-christian.com/,C0004627,Kara,Taylor,Kara Taylor,radams@example.org,3892429619,1985-09-20,M,United Arab Emirates,Dubai,"11287 Susan Trail, Dubai",NC 52389,tr,   ,2024-10-31,True,BKG_000000782,2025-09-09,2026-02-16,2026-02-20,4,4,0,1,single,1,Web,No requests,True,2025-09-14,No Show,341.06,-1,175.0,68.84,,Refunded,Credit Card,Booking.com,PROMO669,61.2,2024-02-20 05:57:17,2025-07-01 11:54:10,USER,Confirmed,REV_00000782,2,White around child there attack budget night.,Various enough there fund think. Behavior three enjoy beat. Three little compare benefit.,2024-01-21,2,False,Nagoya,2025-05-20,Leisure,suite,CloudBooking,2024-02-20 05:57:17,2025-07-01 11:54:10
H00220,"Brown, Smith and Ross",Czech Republic,Plzen,Business Hotel,1,416,Restaurant,Amount close also place religious great return. Exist feel international forward.,"!!Beach,Museum,Park",-3.261504,-93.5661,http://www.davis-myers.org/,C0004795,Christopher,Jackson,Christopher Jackson,johnsondonna@example.net,717-857-4713x4232,1993-08-13,F,Canada,Quebec City,"601 Matthews Causeway Suite 055, Quebec City",IS 84256,tr,Platinum,2024-05-25,True,BKG_000000783,2024-05-14,2025-06-14,2025-06-15,1,4,3,1,double,2,Agent,,False,,,1568.6,223.61,200.93,94.48,642.16,Failed,Debit Card,Expedia,NO_PROMO,86.75,2025-06-23 04:41:02,2025-04-02 05:35:38,AGENT,Pending,REV_00000783,2,Interest protect never old agent else.,Lawyer behind available name while artist. Teacher cut show hospital owner exactly. Number project sort live design fall girl.,2025-04-20,62,True,Thessaloniki,2025-10-11,Solo,single,CloudBooking,2025-06-23 04:41:02,2025-04-02 05:35:38
H00761,Baker and Sons,Israel,Jerusalem,Budget Hotel,1,98,"Pool,Gym,Spa",Eat table mind vote dinner risk expect technology. Film available happy message they from state.,Shopping Mall,27.171482,74.251903,http://www.garrett.com/,C0001540,Matthew,Watts,Matthew Watts,jarvistyler@example.net,+1-728-247-0413x930,1986-11-26,Other,Singapore,Singapore,"859 Alexis Summit, Singapore",TD 84646,fr,Gold,2023-10-01,True,BKG_000000784,2025-08-08,2026-07-27,2026-07-30,3,4,Five,2,single,3,Web,No requests,True,2025-04-23,Hotel Closed,1681.26,,38.31,31.05,1179.15,Pending,Debit Card,Booking.com,NO_PROMO,163.49,2024-06-27 04:46:36,2024-11-27 15:14:35,SYSTEM,Cancelled,REV_00000784,2,Some seem trial draw.,Quality join away child goal. Human crime director. Bed film western participant character walk memory try.,2025-02-15,55,False,Brisbane,2025-03-21,Business,double,APIGateway,2024-06-27 04:46:36,2024-11-27 15:14:35
 H00880 ,Walker-Walker,Australia,Brisbane,City Hotel,5,492,Restaurant,Arm population born store. Way different hear kind special.,Historic Site,-75.638174,44.348991,http://reyes.org/,C0003789,Samantha,Ortiz,Samantha Ortiz,wcarlson@example.net,123-456-7890,1978-07-28,F,Nigeria,Abuja,"3538 Hunt Turnpike, Abuja",IN 38390,en,,2024-11-08,False,BKG_000000785,2024-09-17,2026-06-07,2026-06-13,6,4,3,0,suite,1,Mobile App,Extra bed,True,2025-01-18,Hotel Closed,126.95,143.62,48.42,15.41,94.6,Pending,Credit Card,Airbnb,,68.26,2024-03-09 01:47:00,2024-11-28 05:56:50,USER,Pending,REV_00000785,9999,Challenge color church impact.,Year even one deep avoid friend. Project statement within paper much so everything their.,2025-09-27,100,True,Innsbruck,2025-01-19,Solo,suite,APIGateway,2024-03-09 01:47:00,2024-11-28 05:56:50
H00402,Meadows-Davis,,???,Boutique,4,228,"Pool,Gym,Spa",Any part land reflect. Soldier individual author late style world seven.,Shopping Mall,-16.220817,9999,https://www.walters-camacho.org/,C0001323,John,--,John --,vmerritt@example.com,001-629-842-8320,1958-04-03,Other,Peru,Trujillo,"40340 Novak Fords, Trujillo",BO 83039,tr,Silver,2025-05-06,True,BKG_000000786,2024-04-16,2026-06-19,2026-06-26,7,1,2,1,single,2,Phone,Extra bed,False,,,1653.75,1251.15,99.97,75.07,Ten,Paid,Credit Card,Expedia,,70.11,2024-11-27 12:16:03,2024-12-02 12:52:51,API,Cancelled,REV_00000786,4,Last military view some glass exist trip.,Century find have only production. Firm sport institution kitchen because have from training.,2024-02-16,41,True,Jakarta,2025-02-01  ,Leisure,single,CloudBooking,2024-11-27 12:16:03,2024-12-02 12:52:51
H00572,Miller-Crawford,South Africa,Pretoria,Boutique,2,268,Restaurant,Country group home husband water. Act after house toward market. Hand trade both push rich choice.,Shopping Mall,-55.047193,109.782949,https://edwards-morgan.info/,C0002225,Theresa,Maldonado,Theresa Maldonado,robertwilliams@example.org,(698)870-3408,1969-01-25,,United Arab Emirates,Abu Dhabi,"4795 Curtis Light, Abu Dhabi",VE 50494,es,Silver,2025-01-06,True,BKG_000000787,2024-01-31,2026-09-30,2026-09-30,1,4,1,0,double,Five,Phone,Extra bed,False,,,127.89,661.32,151.73,46.28,28.44,Failed,PayPal,Expedia,PROMO864,16.78,2025-09-04 16:22:45,2025-03-29 23:16:22,API,Cancelled,REV_00000787,5,Occur medical father voice along need history.,Best impact tell too. Wrong detail with mission. Describe money now tough tell or.,2023-12-01,,False,Riyadh,2025-02-14,Couple,suite,LegacySystem,2025-09-04 16:22:45,2025-03-29 23:16:22
H00418,Mejia-Robinson,South Africa,port elizabeth,Boutique,1,106,Restaurant,The chance me interesting development window beyond. Shoulder sort trade medical positive reveal.,Historic Site,18.164528,177.565741,http://daniels.org/,C0004986,Paul,Castro,Paul Castro,@gmail.com,900.603.1586,1965-05-12,M,United Kingdom,London,"1411 Anderson Viaduct, London",___,en,,2023-09-26,True,BKG_000000788,2025-09-14,2025-12-05,2025-12-13,8,2,2,-1,suite,3,Agent,Extra bed,True,2025-07-16,No Show,1671.13,78.51,57.71,81.04,1354.54,Paid,PayPal,Airbnb,NO_PROMO,122.83,0000-00-00,2025-03-07 21:15:37,API,Cancelled,REV_00000788,3,Responsibility artist law remain store.,About base something view between. Represent always hundred forget company may shoulder.,2024-08-26,7,true,Krakow,2025-09-10,Family,suite,APIGateway,0000-00-00,2025-03-07 21:15:37
H00807,Holt Ltd,Germany,Berlin,City Hotel,4,-1,Free WiFi,Be along performance information. Yet cultural speak weight task.,Shopping Mall,-77.491371,43.31398,https://www.moreno.net/,C0004800,Samuel,Watts,Samuel Watts,danielsantonio@example.com,405-273-0597,1982-10-08,Other,Mexico,Monterrey,"81009 Cassidy Meadows Suite 434, Monterrey",KN 60229,___,,2023-03-07,True,BKG_000000789,02/30/2025,2026-08-23,2026-08-25,2,3,-1,0,suite,1,Phone,No requests,False,,,1448.48,1253.06,143.7,87.73,848.45,Refunded,PayPal,Expedia,,189.33,2025-06-19 22:02:52,2024-11-21 19:01:05,AGENT,Pending,REV_00000789,2,Others out lawyer product necessary material.,--,2025-02-20,16,True,Chiang Mai,02/30/2025,Couple,double,LegacySystem,2025-06-19 22:02:52,2024-11-21 19:01:05
H00810,Wilson LLC,Turkey,Istanbul, Budget Hotel ,4,148,Restaurant,Seat growth fly attention memory including. Yourself then away pull view ten., Shopping Mall ,89.418243,145.296037,http://carr-clark.com/,C0000966,Elizabeth,Buchanan,Elizabeth Buchanan,michael68@example.net,426-901-4632x7520,2006-08-09,Other,Switzerland,Basel,"3423 Parsons Glen Apt. 605, Basel",OV 79985,de,,2024-11-22,True,BKG_000000790,2025-03-26,2025-04-05,2025-04-05,1,3,3,0,double,3,Web,No requests,True,2025-05-04,,777.13,1116.88,47.21,55.38,165.11,Paid,PayPal,Airbnb,PROMO429,139.43,2024-06-01 19:00:55,2025-05-13 11:54:16,USER,Pending,REV_00000790,,Enough along sometimes give.,"Deep since range attorney by.
Pull down win truth force. Arm exactly game specific. Game cold down church east stock.",2024-05-14,36,True,Linköping,2025-01-03,Family,single,CloudBooking,2024-06-01 19:00:55,2025-05-13 11:54:16
H00483,"Shaffer, Garcia and Meyer",Norway,Bergen,Business Hotel,2,137,"Pool,Gym,Spa",Authority loss Mrs light board property not.,"Beach,Museum,Park",-38.766692,34.317438,https://smith.org/,C0004110,Dawn,White,Dawn White,cherylberry@example.org,578.203.3283,1963-06-17,f,Netherlands,,"04170 Pineda Squares, Rotterdam",NB 81480,de,Silver,2023-02-18,True,BKG_000000791,2024-10-22,2026-03-13,2026-03-20,7,3,2,0,suite,2,Phone,Late check-in,True,2025-04-04,No Show,1384.03,134.27,14.95,96.68,1339.92,Failed,Cash,!!Booking.com,,190.24,0000-00-00,2025-08-08 05:44:01,AGENT,Confirmed,REV_00000791,4,Power tend phone prevent floor debate.,Age instead everybody. Meet price leader leave strong senior.,2024-04-19,63,True,Bruges,2025-04-17,Business,suite,CloudBooking,0000-00-00,2025-08-08 05:44:01
H00851,Conrad-Hanson,Norway,Stavanger,City Hotel,9999,218,Restaurant,Federal blue father purpose nor pretty statement. Discover system truth local himself material.,Historic Site,41.452613,116.276301,http://www.meyer-peterson.com/,C0003411,Scott,Logan,Scott Logan,tarakim@example.com,680-386-9656x0263,2000-03-08,F,Japan,Kyoto,"151 Miller Roads, Kyoto",BG 42114,tr,Bronze,2023-12-22,False,BKG_000000792,2024-01-17,,2024-12-05,14,3,3,2,single,3,Web,Late check-in,True,!!2025-08-30,No Show,1245.21,129.08,153.88,21.53,519.96,!!Pending,Cash,TravelAgency,NO_PROMO,132.47,2025-02-15 20:11:43,2025-02-05 22:37:08,SYSTEM,Cancelled,REV_00000792,4,Can herself worry offer ask dog effort history.,Hope huge dream itself join. Light then present effect back check where. Politics recently site write.,2024-11-01,83,False,Warsaw,2025-02-08,Couple,single,MobileApp,2025-02-15 20:11:43,2025-02-05 22:37:08
H00791,"Walker, Buchanan and Young",Germany,Hamburg,Business Hotel,4,134,Restaurant,Knowledge college probably cut hour. Keep outside color west art.,Shopping Mall,68.751075,9999,http://www.scott.net/,C0003654,Jesse,Ramirez,Jesse Ramirez,melissalee@example.org,388.243.1393x69149,1990-03-07,Other,Serbia,Novi Sad,"23256 Steven Station, Novi Sad",WV 65867,--,Bronze,2023-02-16,False,BKG_000000793,2025-10-01,2025-04-27,2025-05-07,10,3,1,1,suite,2,Web,Late check-in,True,2024-11-22,,1539.34,1365.87,107.62,62.95,141.92,Pending,Debit Card,Airbnb,PROMO552,7.7,2024-08-04 06:37:35,2025-04-23 04:50:10,AGENT,Cancelled,REV_00000793,1,Assume full great industry country....,"Pass involve draw task language. Former color marriage air girl travel.
Three hit spend. Number skin live describe. Account may than magazine none.",2025-05-14,49,False,Kosice,2025-08-15,Couple,suite,MobileApp,2024-08-04 06:37:35,2025-04-23 04:50:10
H00196,Cisneros Inc,Switzerland,Basel,City Hotel,4,393,Free WiFi,Democratic yeah suddenly better all do. Person their free girl I amount success young.,"Beach,Museum,Park",-24.399349,120.9262,http://houston.com/,___,Lindsey,Martinez,Lindsey Martinez,mcleantami@example.com,594-406-6273,1947-09-26,Other,South Africa,,"6046 Martinez Hill Suite 249, Pretoria",BX 80748,es,Platinum,2024-09-08,False,BKG_000000794,2024-07-10,2025-04-02,2025-04-13,11,4,2,2,single,1,Phone,Late check-in,False,,,1419.13,616.76,109.75,,1167.2,Pending,PayPal,Expedia,,122.41,2024-08-05 05:17:40,2025-03-08 16:01:16,SYSTEM,Cancelled,REV_00000794,3,Purpose own us floor program able current.,Yeah president land tend compare. Enough role growth win meet resource. Note foreign everything table then base past.,2024-10-15,5,True,Chiang Mai,2025-01-05,couple,single,MobileApp,2024-08-05 05:17:40,2025-03-08 16:01:16
H00742,Martin Group,Sweden,Uppsala,Budget Hotel,3,357,Free WiFi,Range teach news themselves early. Just do positive exist.,Shopping Mall,31.487729,,http://espinoza-bailey.com/,C0001628,Kelsey,Gamble,Kelsey Gamble,jimmymorales@example.com,(811)660-1988x4102,1981-11-05,Other,Slovakia,Presov,"590 Laura Mountains, Presov",UX 85903,en,,2024-07-04,False,BKG_000000795,2025-03-29,2025-07-31,2025-07-31,1,3,3,0,single,1,Web,,False,,,450.63,872.39,229.94,49.5,348.71,Pending,Debit Card,Direct,,42.76,2023-11-03 19:13:33,2025-09-29 13:27:21,API,Cancelled,REV_00000795,1,Across despite theory itself.,Chance dark wind suggest professor center. Section meet result fish try build budget. Impact participant necessary field into wear about.,2024-11-09,19,False,Berlin,2025-04-30,!!Couple,   ,LegacySystem,2023-11-03 19:13:33,2025-09-29 13:27:21
H00609,Wiley-West,New zealand,Hamilton,Budget Hotel,2,145,Restaurant,Time head whose within. High reduce charge result home stop financial effort.,Shopping Mall,20.888214,-97.688595,http://ramos.com/,C0001417,David,Hicks,David Hicks,wrightgeorge@example.net,431.302.3124x79173,1949-10-02,M,Greece,Rhodes,"2383 Cox Circles Apt. 694, Rhodes",IN 42900,en,Platinum,2025-08-31,True,BKG_000000796,2025-08-26,2025-03-13,,9,3,2,0,double,1,Agent,,True,2025-04-23,Payment Failed,957.82,1414.13,150.4,82.71,572.69,Failed,Debit Card,TravelAgency,,106.1,2025-09-15 06:14:58,2025-07-10 01:34:44,API,Cancelled,REV_00000796,1,East these art have teach.,Measure develop across attack head strategy. City story car keep whole paper material. Operation assume receive.,2024-05-24,14,False,Makati,2025-10-04,Leisure, suite ,MobileApp,2025-09-15 06:14:58,2025-07-10 01:34:44
H00781,Burgess-Tucker,Belgium,Antwerp,City Hotel,4,88,Free WiFi,Dark author hair. Grow ahead economy laugh.,Shopping Mall,-19.989464,-132.612453,https://thomas-meyers.com/,C0001287,Pamela,Rojas,Pamela Rojas,paul72@example.org,001-716-368-9524x125,1951-04-19,Other,France,Bordeaux,"415 Jennifer Overpass, Bordeaux",,tr,Gold,2024-07-24,False,BKG_000000797,2024-03-13,2025-09-11,2025-09-14,3,4,2,0,double,1,Web,Extra bed,True,2025-06-13,Customer Request,173.95,660.91,242.26,61.51,130.22,Pending,___,TravelAgency,--,7.67,2024-09-13 11:45:16,2025-07-05 06:08:47,SYSTEM,Cancelled,REV_00000797,2,Ask company vote run evidence.,Your thought democratic happy. Treatment station consumer read have most on. Sign school thank race impact.,2025-01-04,48,False,Cusco,2024-11-16,Couple,single,CloudBooking,2024-09-13 11:45:16,2025-07-05 06:08:47
H00660,"Ferrell, Williams and Simmons...",???,Eilat,Boutique,2,142,Restaurant,Factor seem color open. Such dark attention seek cost cup short.,"Beach,Museum,Park...",47.620799,-6.737379,http://brown.com/,C0004800,Linda,Moore,Linda Moore,combseric@example.net,001-868-824-2718x86224,1980-03-16,Other,South Africa,Port Elizabeth,"4466 Mary Prairie, Port Elizabeth",TU 22472,es,Gold,!!2024-07-12,False,BKG_000000798,2024-08-31,2025-03-18,2025-03-22,4,4,3,0,suite,3,Agent,No requests,False,,,756.05,603.45,253.88,71.15,622.43,failed,Debit Card,TravelAgency,,27.07,2023-12-12 02:55:51,2025-10-14 09:51:04,USER,Pending,REV_00000798,3,Those will indeed school.,Know appear occur for rest. Note say last arrive. Enjoy dream worry south cost what.,2025-10-10,70,False,Innsbruck,2025-08-21,Leisure,!!suite,LegacySystem,2023-12-12 02:55:51,2025-10-14 09:51:04
H00005,,Germany,Frankfurt,City Hotel,,242,"Pool,Gym,Spa",Politics federal energy successful from. Experience onto avoid behind line staff strong.,Shopping Mall,-25.023974,-57.987911,http://www.kelley.biz/,C0003418,Dana,Andrade,Dana Andrade,andrew92@example.org,721.884.1213x0502,1957-11-28,F,Australia,Melbourne,"067 Ortega Parks Apt. 028, Melbourne",NS 33550,de,Bronze,2025-04-13,False,BKG_000000799,2025-08-24,2025-12-08,2025-12-14,,1,1,2,double,2,Phone,No requests,True,2025-01-31,Hotel Closed,1111.61,325.15,128.85,12.43,1105.89,Paid,PayPal,Expedia,NO_PROMO,16.71,2024-07-28 06:07:23,2025-10-09 20:17:00,SYSTEM,Pending,REV_00000799,2,Near law charge seven carry.,"Same sport stop animal another. American item city but fear.
Quickly generation place member large learn member. Four popular two away hospital.",2023-12-10,27,False,Varna,2025-03-09,Solo,double,LegacySystem,2024-07-28 06:07:23,2025-10-09 20:17:00
H00257,Clark-Brady,South Korea,Seoul,Luxury Hotel,5,100,"Pool,Gym,Spa",Sure learn under skill. Present draw change degree many.,Historic Site,,-84.642404,https://www.cobb.net/,C0000445,Hannah,Lopez,Hannah Lopez,christopher40@example.com,950-942-9621,1979-12-14,Other,Slovakia,Nitra,"93941 Joseph Meadows, Nitra",OW 75753,tr,Gold,2024-08-21,True,BKG_000000800,2024-09-07,2025-05-10,2025-05-17,7,4,1,1,!!double,1,Web,No requests,False,,,981.66,840.68,262.06,29.16,445.68,PAID,Cash,TravelAgency,NO_PROMO,136.62,2025-07-15 14:05:42,2025-01-12 07:52:43,API,Pending,REV_00000800,1,Fly return leader event main.,Vote job opportunity. Find best long as scientist city pass. Himself generation general when.,2025-03-24,55,False,Szeged,2025-10-15,Leisure,suite,LegacySystem,2025-07-15 14:05:42,2025-01-12 07:52:43
H00900,"Smith, Duarte and Boyer",Denmark,Aalborg,Boutique,Five,241,"Pool,Gym,Spa",Almost effort fear. Between area sell plant have southern.,"Beach,Museum,Park",76.541499,-174.085749,https://www.oconnell.com/,C0004904,Bradley,Rodriguez,Bradley Rodriguez,ucampbell@example.com,418.993.5872,1999-03-25,Other,Egypt,Luxor,"24434 Smith Estate Apt. 855, Luxor",AC 47245,es,Platinum,2023-03-30,???,BKG_000000801,2025-07-04,2026-07-19,2026-07-31,12,2,2,2,single,1,Web,,True,2025-06-16,Hotel Closed,883.77,799.03,97.15,15.41,440.63,Refunded,Cash,Booking.com,PROMO318,96.61,2025-06-11 08:46:02,2024-11-29 10:50:14,USER,Cancelled,REV_00000801,5,Son road financial art ready range.,Today rock ready Mrs task determine hospital. Around result Democrat. Agency to agent similar generation entire.,2023-12-26,31,True,Medellín,2025-07-20,Leisure,single,MobileApp,2025-06-11 08:46:02,2024-11-29 10:50:14
H00218,Thomas PLC,,Alexandria,Business Hotel,4,103,"Pool,Gym,Spa",Policy box management foot Congress. Bed sure development. Agency special challenge get movement.,Historic Site,-39.439936,-34.174771,   ,C0002679,Joshua,Lewis,Joshua Lewis,rstevenson@example.com,!!697-282-9678x2693,1958-10-11,Other,Germany,Munich,"99018 Richard Parkways Suite 276, Munich",IY 41974,es,???,2023-09-01,True,BKG_000000802,2024-08-14,2024-12-22,2024-12-30,8,2,0,2,single,1,Agent,,False,,,Ten,1234.59,163.22,99.79,0,Pending,Cash,TravelAgency,NO_PROMO,0,2024-10-22 23:15:37,,SYSTEM,Pending,REV_00000802,4,Assume second radio trial billion against.,Live organization various must dream people quite stage. Leg green a perhaps night current role.,!!2024-03-15,0,True,Trujillo,2025-01-13,Business,single,___,2024-10-22 23:15:37,
H00485,"Franklin, Hardy and Harrell",!!Turkey,Bursa,Budget Hotel,5,139,Restaurant,Reduce as day. Them interview research military home never.,Historic Site,-61.00136,-54.563473,http://schneider.net/,C0001737,Matthew,Hernandez,Matthew Hernandez,timothylewis@example.net,001-875-723-2042x3712,2002-04-17,F,Egypt,Luxor,"90541 Zachary Shore Apt. 749, Luxor",AL 15004,tr,,2024-08-21,False,BKG_000000803,2024-06-01,2025-10-30,2025-11-12,13,1,2,2,double,3,Mobile App,Late check-in,False,,,1982.09,226.98,88.46,13.03,1703.85,Failed,Cash,Expedia,NO_PROMO,173.09,2024-10-09 23:58:10,2025-02-09 03:23:12,SYSTEM,Cancelled,REV_00000803,4,Way girl cold.,Expert once best growth we young. She right skin increase break through point. Debate part attack have above.,2025-06-25,84,False,Paris,2025-08-16,Solo,suite,LegacySystem,2024-10-09 23:58:10,2025-02-09 03:23:12
H00338,Massey and Sons,Greece,___,Budget Hotel,5,24,"Pool,Gym,Spa",Quality guess send. Develop eat budget home blue especially couple son. Better check for.,Historic Site,-23.502936,57.4034,--,C0001932,Tina,Gonzalez,Tina Gonzalez,ashley29@example.com,(719)660-3272x072,1995-05-25,F,Spain,Madrid,"642 Blanchard Lights Apt. 759, Madrid",XG 11271,de,Platinum,02/30/2025,True,BKG_000000804,2025-09-07,2025-03-14,2025-03-16,2,4,1,1,double,3,Agent,Late check-in,True,2025-01-20,Customer Request,324.76,367.3,200.07,11.15,Five,Pending,PayPal,TravelAgency,NO_PROMO,-1,2024-01-02 14:26:00,2025-11-01 00:45:18,API,Cancelled,REV_00000804,3,Often child on health once property nearly.,Expert test car world nearly cell quickly.,2024-11-03,8,False,Toulouse,2025-03-10,Couple,single,APIGateway,2024-01-02 14:26:00,2025-11-01 00:45:18
H00953,"Miller, Blackburn and Scott",___,Rio de Janeiro,Boutique,1,478,"Pool,Gym,Spa",Message small check popular concern single. More seem yet husband little college.,--,56.203695,-138.051887,https://www.wilson-hamilton.com/,C0003778,Erin,Snyder,Erin Snyder,dstrickland@example.org,295.299.4808,2001-02-26,Other,Norway,Stavanger,"16774 Mason Summit, Stavanger",NK 93662,de,Gold,2024-01-01,True,BKG_000000805,2024-06-24,2026-02-27,2026-02-28,1,3,0,1,suite,2, Phone ,No requests,False,,,396.04,143.19,161.63,59.5,6.78,Pending,Debit Card,Booking.com,NO_PROMO,67.83,2024-01-16 09:35:10,2025-07-15 05:55:35,AGENT,Pending,REV_00000805,2,Effect remember opportunity.,Environment employee edge eat seven over why. Mean home federal all available modern skill. Assume study record church amount.,2025-06-17,66,False,Bangalore,2025-06-28,Business,double,CloudBooking,2024-01-16 09:35:10,2025-07-15 05:55:35
H00959,White-Bennett...,Romania,Timisoara,City Hotel,Five,160,Free WiFi,Grow four final imagine. Safe crime attorney process writer.,"Beach,Museum,Park",-16.53679,-60.031105,https://www.allen.com/,C0002003,Erin,Gray,Erin Gray,,+1-985-833-6227x5791,2000-11-02,Other,Slovakia,Bratislava,"42585 Reese Harbor Apt. 338, Bratislava",FM 19856,de,Silver,2024-07-29,False,BKG_000000806,2024-09-09,2025-01-19,2025-01-24,5,2,0,0,double,,Agent,Late check-in,False,,,1659.58,636.32,279.17,3.3,201.2,Paid,Debit Card,Direct,PROMO644,121.88,2024-07-02 15:33:08,2025-05-27 16:11:10,API,Cancelled,REV_00000806,1,Particularly wish machine determine miss few free.,Increase instead trial owner. She very article family quite five room. Check list speak seek see. Exist far though rock to exactly think.,2024-10-31,90,True,Paris,2024-12-19,Business,suite,CloudBooking,2024-07-02 15:33:08,2025-05-27 16:11:10
H00345,   ,Thailand,CHIANG MAI,Boutique,1,380,Free WiFi,Stay successful agency field nice. Rule later reduce fish.,"Beach,Museum,Park",52.447362,-18.225638,___,C0000155,Ashley,Berry,Ashley Berry,coreyford@example.org,001-770-766-2727,1965-06-11,M,new zealand,Wellington,"65452 Barnes Brooks Apt. 877, Wellington",DZ 10274,de,Silver,2023-08-30,False,BKG_000000807,"Jan 32, 2025",2025-02-17,2025-02-18,1,2,0,0,double,1,Web,Extra bed,False,,,1922.34,1284.05,13.15,14.26,1890.18,Failed,Cash,Expedia,,120.14,2025-07-27 19:15:06,2025-04-11 05:58:25,AGENT,Cancelled,REV_00000807,5,Evening son computer candidate near pressure no far.,Despite approach charge quickly responsibility little thought politics. Drop car page consider simply list task Congress.,2024-02-10,34,True,Davao,2025-01-22,Family,suite,LegacySystem,2025-07-27 19:15:06,2025-04-11 05:58:25
H00027,Smith PLC,United States,New York,City Hotel,5,127,Restaurant,ANOTHER NEAR GUY LAST PERFORM. COMMERCIAL ENTIRE OFFICIAL WISH MIGHT.,Shopping Mall,-15.186334,71.762545,https://www.baker-perez.com/,C0000140,Diana,Hardin,Diana Hardin,peter39@example.net,(644)662-1658,"Jan 32, 2025",Other,Austria,Vienna,"342 Joshua Fort, Vienna",WP 70424,en,Platinum,2025-10-12,True,BKG_000000808,2024-08-16,2025-05-13,2025-05-26,13,2,1,2,single,2,Web,No requests,False,,,1230.64,1154.03,142.34,6.1,1167.96,Refunded,Credit Card,Expedia,,159.62,2024-07-06 04:27:15,2025-09-03 17:16:44,API,Cancelled,REV_00000808,1,Could article hospital what.,Student course hand much stock reality. Ask attorney simple travel success school. Military lead guy nothing.,2024-06-23,85,False,Warsaw,2024-11-06,Solo,double,APIGateway,2024-07-06 04:27:15,2025-09-03 17:16:44
H00218,Dominguez Inc,,Warsaw,Resort,2,400,Free WiFi,Unit radio do rise. Data figure style black rather.,"Beach,Museum,Park",-24.2268,20.946523,https://www.hughes.net/,C0002425,David,Davis,David Davis,william43@example.com,123-456-7890,1966-06-06,M,India,Chennai,"8324 Bates Overpass, Chennai",JN 32843,tr,Gold,2024-09-21  ,False,BKG_000000809,2025-06-16,2025-09-19,2025-09-30,11,1,0,2,single,3,Phone,Late check-in,True,2025-04-20,Customer Request,599.62,272.3,236.42,5.18,557.11,Pending,Cash,Booking.com,,82.06,2024-05-18 18:28:46,2025-08-09 18:46:42,SYSTEM,Pending,REV_00000809,9999,Case poor money argue air against.,Through student care huge mention however. Draw evening enjoy season. Back production everyone certainly.,2024-09-05,24,True,Ankara,2024-11-05,Family,single,APIGateway,2024-05-18 18:28:46,2025-08-09 18:46:42
H00145,"Gonzalez, Lopez and Wong",Finland,Helsinki,City Hotel,5,140,"Pool,Gym,Spa",Peace week be follow game remember. Explain goal scientist in he between. Institution around third.,"Beach,Museum,Park",-55.665846,,http://boyle.biz/,C0001474,Kristy,Mueller,Kristy Mueller,ebell@example.net,862.535.0023x280,1994-01-08,F,Saudi Arabia,Medina,"2527 Lisa Point, Medina",LN 38757,fr,,2024-12-02,False,BKG_000000810,2024-02-09,2025-01-13,2025-01-14,1,1,3,0,double,1,Agent,,False,,,740.85,46.42,49.2,80.82,305.48,Paid,Credit Card,Direct,PROMO693,117.81,2025-07-30 09:42:01,2025-10-26 23:24:51  ,USER,Confirmed,REV_00000810,3,Teacher probably economy stay style Mr.,"Story sense north rule because. Vote throw gas really stand.
Class sign car reality than card.",2025-07-30,2,False,Dubrovnik,2025-03-13,Family,suite,APIGateway,2025-07-30 09:42:01,2025-10-26 23:24:51  
H00488,--,Kenya,Mombasa,Boutique,1,256,"Pool,Gym,Spa",!!Boy board several task save use but military.,"Beach,Museum,Park",-71.688394,-5.849315,http://www.mcdonald.biz/,C0001232,Guy,Lang,Guy Lang,jacquelinejohnson@example.org,001-955-633-8122x148,2000-02-18,Other,Denmark,Aarhus,"37254 Michael Valley Apt. 603, Aarhus",FS 21256,de,Gold,2025-10-13,False,BKG_000000811,2024-09-30,2026-08-01,2026-08-08,7,4,3,1,suite,2,Mobile App,,True,2025-02-24,Customer Request,422.25,859.97,221.28,83.1,37.19,Refunded,Credit Card,TravelAgency,PROMO682,57.0,2024-04-19 16:08:03,2025-06-16 15:20:32,API,Cancelled,REV_00000811,3,Approach he add bar.,Some clearly perhaps morning. Trade lose treatment yes control music tend. Material health financial require.,2023-12-20,63,False,Amsterdam,2025-06-12,Solo,suite,LegacySystem,2024-04-19 16:08:03,2025-06-16 15:20:32
H00766,"Rose, Ramos and Nichols",Croatia,Zagreb,City Hotel,4,125,Free WiFi,Really eight not single. Grow range play describe may or. Size society school Democrat spring.,Historic Site,-58.336874,-162.270345,https://simpson.com/,C0004961,Cynthia,May,Cynthia May,contrerasandrew@example.org,380.349.9957,1987-06-25,Other,Egypt,Alexandria,"6485 Beltran Wall, Alexandria",BH 79415,fr,Platinum,"Jan 32, 2025",True,BKG_000000812,2023-11-23,2026-04-08,2026-04-13,5,2,1,9999,single,2,Web,--,False,,,384.64,1282.91,293.6,4.12,156.02,Failed,Debit Card,Direct,,8.83,2024-11-29 05:41:47,2025-09-02 00:33:46,USER,Pending,REV_00000812,5,Whose we three financial where current.,Student first seem claim sit one street. Necessary and technology level feeling.,"Jan 32, 2025",50,True,Bordeaux,2025-04-15,Leisure,double,CloudBooking,2024-11-29 05:41:47,2025-09-02 00:33:46
H00625,Haas-Coleman,Portugal,Funchal,City Hotel,2,411,Free WiFi,Doctor eat cup pull machine thing we. Situation machine individual all.,Shopping Mall,-24.958278,-163.103466,http://www.stevenson.org/,C0004624,Julian,Brown,Julian Brown,carolinekelley@example.net,987-418-6583x01379,02/30/2025,Other,Denmark,Odense,"797 Joel Centers, Odense",FS 65647,de,Bronze,2024-05-25,True,BKG_000000813,2023-12-13,2025-01-13,2025-01-20,0,1,2,2,double,3,Mobile App,___,False,,,428.25,743.57,291.48,,-1,Refunded,Cash,Expedia,,87.72,2024-01-07 23:29:51,2025-01-29 23:58:55,USER,Cancelled,REV_00000813,5,Price any moment TV.,Family travel laugh school truth quality main those. Dinner food available somebody available vote. Item analysis war business some.,2024-09-14,0,,Bogotá,2024-12-21,Business,suite,CloudBooking,2024-01-07 23:29:51,2025-01-29 23:58:55
H00334,Howard and Sons,Belgium,Ghent,Luxury Hotel,1,72,Restaurant,,Shopping Mall,-13.538351,9999,https://lucero.com/,C0003124,Shawn...,Roberts,Shawn... Roberts,jerryperez@example.com,+1-718-636-6682,1980-11-22,F,Canada,Ottawa,"071 Lucas Valley, Ottawa", GG 76474 ,de,Bronze,2025-04-05,False,BKG_000000814,2025-06-09,2025-08-25,2025-08-30,5,1,0,1,double,3,Phone,Extra bed,True,2025-08-17,,605.43,401.05,,11.26,542.59,Paid,PayPal,Expedia,NO_PROMO,38.41,02/30/2025,2025-04-15 15:47:54,API,Confirmed,REV_00000814,4,Customer something camera civil recognize let couple.,Office impact production cost article hard. Large music eat thus decide product.,2025-06-01,-1,False,Valencia,2025-05-25,Business,double,APIGateway,02/30/2025,2025-04-15 15:47:54
H00151,"Lewis, Webb and Humphrey",United Kingdom,Liverpool,Budget Hotel,5,326,Free WiFi,School common we clear. Phone up someone in either.,"Beach,Museum,Park",-59.927109,59.656924,https://www.campbell.info/,C0003986,Blake,Graham,Blake Graham,cobbvirginia@example.com,(855)767-1170x40309,"Jan 32, 2025",Other,Norway,tromsø,"16785 Paul Point Apt. 156, Tromsø",XL 34143,es,Platinum,2025-08-04,False,BKG_000000815,2024-03-28,2025-07-16,2025-07-28,12,1,0,1,single,Ten,Phone,Extra bed,False,,,1075.36,1162.7,214.66,9999,217.0,Pending,PayPal,Direct,,13.88,2024-04-01 22:41:46,2025-06-07 05:36:17,AGENT,Pending,REV_00000815,2,Spring attack second strategy.,Third order can without which. Area especially product return expert. Cup chance whole fish budget.,2025-04-14,47,,ROME,2025-06-14,Family,double,LegacySystem,2024-04-01 22:41:46,2025-06-07 05:36:17
H00269,"Smith, Wood and Gutierrez",Thailand,Chiang Mai,Luxury Hotel,1,158,Free WiFi,Attorney discussion protect less. On station employee leg prepare play position cup.,"Beach,Museum,Park",-52.2338,53.00889,http://www.moore-howard.biz/,C0004141,Martin,Everett,Martin Everett,hurstmarcus@example.net,(387)237-7044,1975-12-26,M,Argentina,Rosario,"6044 Joseph Inlet, Rosario",MN 11795,en,Gold,2023-02-09,True,BKG_000000816,2024-10-01,2026-08-27,2026-09-07,11,4,0,2,double,3,Agent,No requests,True,2025-03-25,Customer Request,1813.94,304.51,80.52,92.17,922.0,Paid,Debit Card, Booking.com ,PROMO161,50.75,2025-09-14 07:49:32,2024-11-01 19:15:00,API,Pending,REV_00000816,5,Learn suddenly beautiful six arm turn.,"Dark seven market follow dog thus away. Contain whatever clearly view chance. Kid major floor agency physical early.
And every crime already.",2024-06-30,98,False,Burgas,2025-07-26,Family,single,MobileApp,2025-09-14 07:49:32,2024-11-01 19:15:00
H00405,"Williams, Evans and Douglas",South Korea,--,Resort,1,232,FREE WIFI,Crime choose history half make south serious. Chance common talk man company since collection.,Historic Site,,-90.353903,https://www.walker.net/,C0002102,Harry,Barr,Harry Barr,ashley22@example.com,(216)662-0719,2006-10-29,M,Czech Republic,Brno,"76188 Brown Junction, Brno",GM 54762,en,Gold,2022-12-24,???,BKG_000000817,2024-10-20,2025-04-13,2025-04-25,12,4,1,2,double,2,Agent,Extra bed,False,,,1799.86,33.24,42.55,19.96,252.18,Refunded,PayPal,Direct,___,9999,2025-04-15 19:06:53,2025-08-10 16:00:46,SYSTEM,Confirmed,REV_00000817,5,Line sense create laugh whose feel.,"Success lose perhaps particular report. Energy through ask drive loss southern.
On personal risk. Treat class by product.",2024-09-18,92,True,Valparaíso,2024-11-01,Couple,single,LegacySystem,2025-04-15 19:06:53,2025-08-10 16:00:46
H00945,Newton-Castaneda,Canada,--,Business Hotel,3,186,"Pool,Gym,Spa",Law radio quality job pick candidate. We rock simply wide.,Shopping Mall,4.962585,-24.840327,???,C0000419,Eric,Rodriguez,Eric Rodriguez,jessica75@example.org,464.750.5598x891,1994-10-24,Other,Turkey,Izmir,"7090 Brown Road Apt. 883, Izmir",RY 39636,es,Silver,2023-09-10,False,BKG_000000818,2024-02-09,2026-07-13,2026-07-22,9,3,1,1,suite,3,Agent,No requests,False,,,1771.88,890.01,92.43,68.71,762.63,Paid,Debit Card,Direct,NO_PROMO,17.82,2023-11-18 20:52:49,2025-03-27 02:44:22,AGENT,Pending,REV_00000818,4,Us speech or by hair share manage experience.,Rule country create skin city certainly yet. Direction rule class approach economic party interest recently.,2024-09-21  ,80,False,--,2025-02-26,Family,single,APIGateway,2023-11-18 20:52:49,2025-03-27 02:44:22
H00022,"Terrell, Johnson and Smith",Colombia,Bogotá,Resort,5,243,Free WiFi,Bit thus save. Theory evidence increase foot half open north.,Historic Site,53.663087,116.001307,https://jackson.com/,C0000442,Cheryl,Andrews,Cheryl Andrews,otaylor@example.org,001-492-576-8754,1993-09-20,Other,Israel,Eilat,"41438 Harris Squares Suite 028, Eilat",YG 71903,tr,Bronze,2024-09-26,True,BKG_000000819,2025-10-03,2025-06-27,2025-07-04,7,2,2,1,suite,1,Mobile App,Extra bed,True,2025-10-19,Customer Request,1440.51,1262.05,253.96,27.74,1.97,Pending,Credit Card,___,NO_PROMO,183.17,2024-03-11 15:05:54,2025-07-24 02:11:58,USER,Confirmed,REV_00000819,1,Identify few series west wish professor.,Community design only style. Question student measure decade. Floor arm little shoulder thought conference he.,2024-10-26,17,False,Timisoara,2025-01-09,Couple,double,MobileApp,2024-03-11 15:05:54,2025-07-24 02:11:58
H00790,"Hernandez, Arnold and Hughes",Bulgaria,Varna,Budget Hotel,4,161,Free WiFi,Material as recognize dog writer relationship. Respond plan white room.,"Beach,Museum,Park",-5.750356,-25.601309,http://www.freeman-brooks.com/,C0002933,John,___,John ___,wclarke@example.org,001-925-468-3475x81845,1992-08-26,F,Sweden,Linköping,"821 Logan Throughway Suite 418, Linköping",FI 25159,en,Platinum,2024-08-31,True,BKG_000000820,2024-01-04,2026-05-27,2026-06-02,6,4,1,2,double,3,Mobile App,No requests,True,2025-01-23,No Show,942.01,1411.52,81.9,53.6,131.55,Failed,Cash,Booking.com,NO_PROMO,195.28,2025-04-29 05:17:40,2025-07-11 07:48:53,SYSTEM,Pending,REV_00000820,3,Station raise both.,Partner better account start. Environment live to million laugh. Would reflect place mind fly.,2023-12-29,80,True,Sydney,2025-10-26,Couple,suite,MobileApp,2025-04-29 05:17:40,2025-07-11 07:48:53
H00133,Ferguson LLC,Netherlands,Utrecht,Luxury Hotel,3,141,Free WiFi,Defense although group see them take. Attack remember fly respond.,"Beach,Museum,Park",-65.164208,-15.35533,https://willis.com/,C0003866,Douglas,Smith,Douglas Smith,allison16@example.com,653.478.5217x015,1986-06-28,Other,Hungary,Budapest,"5736 Christopher Branch, Budapest",MC 42124,fr,Silver,2024-11-20,False,BKG_000000821,2024-08-04,2025-06-14,2025-06-27,13,4,3,1,single,1,Agent,No requests,True,2024-12-15,No Show,522.72,,263.13,84.71,330.53,Failed,Debit Card,,PROMO901,-1,2025-06-10 05:48:56,2025-10-24 11:12:34,SYSTEM,Confirmed,REV_00000821,5,Bit usually cup.,Business spend company green house executive. Serve take concern final get. White game unit idea design yard treatment director.,2025-03-15,92,False,Trondheim,2025-01-06, Business ,single,CloudBooking,2025-06-10 05:48:56,2025-10-24 11:12:34
H00621,Alexander Group,Canada,Toronto,Budget Hotel,5,,Restaurant,Career body themselves several. Suffer organization others lawyer social beautiful face.,Shopping Mall,89.102113,-151.43486,https://ryan.com/,C0002782,Dennis,Taylor,Dennis Taylor,thomas08@example.net,+1-820-920-7313x72128,1997-04-25,___,Canada,Ottawa,"607 Michael Ramp, Ottawa",RN 48971,fr,___,2022-12-10,True,BKG_000000822,2025-10-14,2025-03-31,2025-04-04,4,1,0,2,single,1,Mobile App,Extra bed,True,2024-11-15,Customer Request,100.97,1089.23,59.25,24.37,14.36,Refunded,Cash,Airbnb,NO_PROMO,64.86,2024-05-27 18:44:01,2025-04-28 15:44:55,AGENT,Cancelled,REV_00000822,2,Music law condition believe feeling discover.,I five magazine responsibility subject. Audience finish name mean. Interview state long government final measure.,2023-13-01,67,False,New Delhi,2025-03-04,Family,double,CloudBooking,2024-05-27 18:44:01,2025-04-28 15:44:55
___,Hess LLC,   ,Novi Sad,City Hotel,2,9999,Free WiFi,Reveal car another set. Would mention specific fill foreign fund quickly.,Historic Site,-28.752992,-178.433286,https://guerra.biz/,C0000881,Jennifer, Mcclain ,Jennifer  Mcclain ,salvarado@example.com,7774361351,1966-08-12,Other,Morocco,Fes,"7235 Shawn Freeway, Fes",UX 65297,fr,Gold,2023-06-24,False,BKG_000000823,2024-04-07,2024-12-28,2025-01-01,4,1,2,2,single,3,,No requests,False,,,1461.72,1376.63,7.79,81.58,,Failed,Debit Card,TravelAgency,NO_PROMO,176.79,2024-08-13 18:14:05,2025-01-09 00:02:53,USER,Pending,REV_00000823,5,Occur management seven during.,Fight heavy season early pick. Cause gas expert until top job. Force door child finally without never foreign.,2024-08-17,60,False,Trondheim,2025-04-08,Couple,single,APIGateway,2024-08-13 18:14:05,2025-01-09 00:02:53
H00472,"Padilla, Brown and Parker",United States,San Francisco,Business Hotel,2,455,"Pool,Gym,Spa",Raise outside trial exist society for cut. She run realize small stand carry team.,Shopping Mall,-63.629136,14.833305,https://www.moore.com/,C0002331,Matthew,Nichols,Matthew Nichols,shawncarter@example.org,+1-461-856-6467x0331,1964-01-31,Other,Vietnam,Da Nang,"3267 Gillespie Trail Suite 911, Da Nang",RX 80469,fr,Bronze,2023-07-15,False,BKG_000000824,2024-05-01,2025-03-25,!!2025-04-05,8,3,0,2,suite,3,Mobile App,,True,2025-10-06,Customer Request,803.15,1149.86,155.65,87.39,299.68,Pending,PayPal,Direct,NO_PROMO,125.35,2024-11-24 10:00:54,2025-08-07 13:56:08,USER,Confirmed,REV_00000824,1,Walk mission range theory hold his use life.,"Pull recently management interesting join.
Realize box particular. Side term defense compare college. Name bill visit general occur key.",2025-01-22,70,False,Heraklion,2025-04-26,Family,suite,APIGateway,2024-11-24 10:00:54,2025-08-07 13:56:08
H00674,Villanueva-Chase,Morocco,Marrakesh,City Hotel,3,101,"Pool,Gym,Spa",Past see if return light political. Surface stage also end language part.,Shopping Mall,-86.079934,-20.706386,http://jackson.com/,C0000621,Michael,Leon,Michael Leon,mariapeters@example.com,(503)403-4184x769,1975-02-18,Other,China,Guangzhou,"5997 Stevens Roads Apt. 926, Guangzhou",AZ 63616,,Gold,2022-11-23,False,BKG_000000825,2023-12-17,2024-12-20,2024-12-22,2,2,3,1,double,2,Agent,Extra bed,False,,,891.15,316.65,70.77,59.19,156.68,Paid,Debit Card,Booking.com,PROMO640,140.61,,2025-02-20 18:01:00,USER,Pending,REV_00000825,1,Foot law off camera key interest exist.,Recent off suddenly day kind along member. Discover prevent so indeed stay explain. Small cold peace police fact.,2024-05-17,17,False,Fes,2025-08-20,Couple,double,APIGateway,,2025-02-20 18:01:00
H00682,BLAKE LTD,Morocco,Fes,City Hotel,1,392,Restaurant,Crime boy how theory. Hit still list.,"Beach,Museum,Park",67.603009,12.559653,http://www.fischer.com/,C0003224,Melissa,Miles,Melissa Miles,johnsonheather@example.org,204.993.8274,1970-01-30,Other,Argentina,Córdoba,"25295 Shannon Ferry Suite 425, Córdoba",VB 43659,fr,   ,2023-06-04,False,BKG_000000826,2025-01-26,2025-04-25,2025-04-28,3,4,9999,0,suite,3,Mobile App,Late check-in,False,,,1500.41,1074.06,101.43,84.07,436.81,Pending,PayPal,Expedia,--,115.25,2025-08-15 23:51:32,2025-06-30 19:06:07,USER,Confirmed,REV_00000826,2,Reach everyone conference.,Anything floor pattern indicate lay not. Which it hope treatment enter pattern air in. Address market report material just child.,2025-02-17,55,False,Pretoria,2025-02-17,Solo,single,MobileApp,2025-08-15 23:51:32,2025-06-30 19:06:07
H00134,Strickland and Sons, Chile ,santiago,!!Business Hotel,2,176,Free WiFi,Authority yet million service size. Fear part possible.,Shopping Mall,-81.749013,-132.347531,http://shaw-moss.com/,C0004608,Timothy,Cook,Timothy Cook,nsmith@example.net,994-636-9585x214,1981-09-21,Other,Slovakia,Bratislava,"6243 Knight Ways Apt. 044, Bratislava",FG 25500,fr,Bronze,2023-12-11,False,BKG_000000827,2024-02-02,2025-07-08,2025-07-08,1,2,2,0,suite,3,Web,Extra bed,False,,,1377.98,1186.77,172.19,32.45,615.02,Paid,Credit Card,Direct,NO_PROMO,189.82,2025-10-10 20:50:50,2025-06-04 06:06:33,API,Confirmed,REV_00000827,4,International blood democratic same middle activity.,Concern simply range past. Begin opportunity range style suggest.,2023-11-19,41,False,Bilbao,"Jan 32, 2025",Business,!!suite,CloudBooking,2025-10-10 20:50:50,2025-06-04 06:06:33
H00525,Richardson Group,Poland,Warsaw,Luxury Hotel,5,Five,Restaurant,Available though peace material get. Myself then lose outside home.,"Beach,Museum,Park",-21.631116,-61.417993,http://ingram.org/,C0001133,Richard,Carter,Richard Carter,patrickbecker@example.com,(823)895-6080,1978-08-22,Other,Chile,Valparaíso,"5627 Stewart Shores, Valparaíso",LM 65690,de,Silver,2023-10-14,False,BKG_000000828,2025-07-03,2025-04-03,2025-04-05,2,4,1,1,DOUBLE,,Phone,   ,False,,,1359.74,577.58,241.78,66.83,1045.23,Pending,PayPal,TravelAgency,,152.79,2025-08-04 03:03:04,2024-12-03 03:33:24,AGENT,Cancelled,REV_00000828,1,Stay cover themselves story itself whose.,Professor hundred my sense strategy doctor environmental. Send place center research special chance. Sit knowledge nice mention.,2024-11-06,81,True,Krakow,2024-11-12,Leisure,suite,CloudBooking,2025-08-04 03:03:04,2024-12-03 03:33:24
H00138,"Scott, Cuevas and Conner",Norway,Tromsø,Business Hotel,5,320,"Pool,Gym,Spa","Government us TV big provide although.
Fight sign star lead. Country mind wide movie run we threat.",Historic Site,-85.397878,-112.86814,https://buchanan-freeman.org/...,C0001981,Teresa,Jackson,Teresa Jackson,johnsontheresa@example.net,938.366.0803x7300,1960-07-10,,Netherlands,Amsterdam,"0580 Amanda Flat, Amsterdam...",LC 90591,es,Silver,2024-07-10,False,BKG_000000829,02/30/2025,2026-03-08,2026-03-20,12,2,3,1,,2,Phone,,True,2025-04-24,Payment Failed,1892.06,954.97,105.72,27.69,,Pending,Debit Card,Direct,NO_PROMO,Five,2025-08-13 04:28:43,2025-03-29 12:21:14,USER,Pending,REV_00000829,3,Future clearly old close sound across market.,"Determine pretty structure drug. Indicate understand occur animal try.
Head treat buy. Firm brother old inside.",2024-04-07,34,False,Haifa,2025-07-22,Couple,suite,CloudBooking,2025-08-13 04:28:43,2025-03-29 12:21:14
H00047,WASHINGTON-MCGUIRE,Hungary,Szeged,Luxury Hotel,5,153,Free WiFi,High away enjoy miss follow. Effort soon nature indeed dream local.,Shopping Mall,41.906537,-100.052098,--,C0002889,Matthew,Walker,Matthew Walker,lopezsamantha@example.org,8752623410,1960-09-07,F,Austria,Linz,"8127 Nelson Views, Linz",TX 71602,es,Silver,2023-05-26,False,BKG_000000830,2025-10-12,2026-06-10,2026-06-16,6,1,3,2,double,2,Agent,,False,,,1129.18,37.93,40.41,75.34,657.08,Pending,Debit Card,Direct,PROMO826,192.34,2024-03-08 07:58:47,2025-03-16 08:40:11,SYSTEM,Pending,REV_00000830,2,Meeting conference level with learn ready their recognize.,"And account director I face by black.
Already stuff care important. More choice use but hope exist.",2024-04-13,16,False,Perth,2025-01-12,Business,double,APIGateway,2024-03-08 07:58:47,2025-03-16 08:40:11
H00424,"Allen, Bowen and Cook",Japan,Hiroshima,Business Hotel,1,95,Free WiFi,Many drug even law artist north beat. Real series challenge new hair education trip.,Historic Site,-53.346034,-85.748936,https://goodwin.biz/,C0004108,Felicia,Moreno,Felicia Moreno,vrobinson@example.net,+1-753-595-2682x98405,1981-08-01,Other,Colombia,Bogotá,"217 James Ways, Bogotá",GG 34525,en,Platinum,2025-03-29,False,BKG_000000831,02/30/2025,2025-04-05,2025-04-15,10,1,0,2,single,3,Web,No requests,True,2025-08-19,Hotel Closed,1914.48,1055.83,17.57,66.76,1044.91,Pending,Debit Card,Airbnb,PROMO262,125.39,2023-11-29 10:49:28,2024-12-21 23:37:23,USER,Confirmed,REV_00000831,2,Focus risk agency can.,Offer end art environment night. Land fill conference drug. View toward give series early as.,2025-08-24,18,True,Krakow,2024-11-02,Solo,SUITE,   ,2023-11-29 10:49:28,2024-12-21 23:37:23
H00629,Walker LLC,United Kingdom,Birmingham,Luxury Hotel,3,356,Restaurant,His memory wind really. Deep end forward off. Suggest Mrs marriage.,"Beach,Museum,Park",0,-78.623787,http://www.fitzpatrick.com/,C0004300,Joseph,Smith,Joseph Smith,kristadiaz@example.net,846-211-5009x59107,1969-06-21,F,New Zealand,Christchurch,"8601 Caitlin Islands Apt. 585, Christchurch",SG 55700,de,Bronze,2022-11-11,True,BKG_000000832,2024-11-27,2026-07-14,2026-07-27,13,3,3,2,double,2,Phone,Extra bed,___,2025-05-23,Payment Failed,559.56,228.55,219.86,14.46,535.76,Failed,Cash,Booking.com,PROMO842,65.27,2025-10-10 09:51:20,2025-02-14 22:15:53,SYSTEM,Confirmed,REV_00000832,5,Check religious represent us resource time southern at.,"Occur decade fine argue manage painting. Traditional morning well.
Meet Mrs ahead the.","Jan 32, 2025",76,False,Manila,2025-04-13,Couple,suite,CloudBooking,2025-10-10 09:51:20,2025-02-14 22:15:53
H00382,Torres PLC,Israel,Eilat...,Resort,3,207,"Pool,Gym,Spa",Region weight degree free late history behavior. About fly meeting PM real full.,"Beach,Museum,Park",-38.852258,-1.69357,https://dodson.com/,C0001793,Lisa,Rodriguez,Lisa Rodriguez,allison79@example.net,,1996-08-06,Other,Portugal,Funchal,"78052 Ramos Pike Apt. 538, Funchal",CS 48370,tr,,2024-03-26,False,BKG_000000833,2025-07-19,2026-08-19,2026-08-31,12,2,0,0,double,2,Mobile App,,True,02/30/2025,Hotel Closed,165.04,1439.87,246.65,91.43,81.35,Failed,PayPal,Airbnb,PROMO940,132.72,2025-04-08 04:42:42,2024-12-30 01:32:41,AGENT,Pending,REV_00000833,2,Teacher health consumer design poor and.,"Onto plant charge whatever artist. Rock market science her.
Total another guy account argue. Feel model position know behavior operation.",2023-13-01,62,False,Lisbon,2025-10-23,Couple,single,LegacySystem,2025-04-08 04:42:42,2024-12-30 01:32:41
H00317,Hall Ltd,Indonesia,Bandung,Boutique,5,310,Restaurant,Will lose bad. Open expert any lose through. Son bad health.,Historic Site,-88.123974,Five,http://wong-mcconnell.com/,C0002512,___,Floyd,___ Floyd,denisegonzalez@example.net,001-862-447-9326x5642,1999-09-05,,Thailand,???,"240 Perez Spring Suite 442, Chiang Mai",II 56929,es,Bronze,2024-08-11,True,BKG_000000834,2024-09-02,2025-11-06,2025-11-19,13,2,3,2,___,2,Agent,No requests,False,,,1650.62,1222.8,207.98,1.65,9999,Pending,Credit Card,Booking.com,,77.86,0000-00-00,2025-09-14 18:17:58,USER,Cancelled,REV_00000834,2,Spring machine study model stop unit.,Daughter claim debate protect effort father. Young source yes whether adult. Society join support realize.,2024-09-30,79,True,,2025-01-01,Couple,double,LegacySystem,0000-00-00,2025-09-14 18:17:58
H00937,Andrews Inc,Australia,Adelaide,Resort,5,473,"Pool,Gym,Spa",Improve project cause believe. Economy talk ability whole Congress allow discuss security.,"Beach,Museum,Park",73.59858,5.590362,http://www.lewis-romero.biz/,C0000466,Katrina,Becker,Katrina Becker,erica57@example.org,491.623.6584,1957-07-19,Other,Japan,Tokyo,"03669 Bruce Turnpike, Tokyo",GS 16257,de,,2024-06-06,False,BKG_000000835,2024-07-10,2025-05-18,2025-05-26,8,4,2,0,double,3,Phone,No requests,True,2024-11-18,No Show,1287.56,996.58,96.5,61.49,154.15,Refunded,Debit Card,Booking.com,,120.46,2024-09-10 16:32:08,2025-01-09 10:06:52,AGENT,Pending,REV_00000835,1,Knowledge recognize hold age hit.,Deep national deal several. Price together general. May key finally painting country. Voice finish air for left ground.,2025-01-12,74,False,Pattaya,2025-01-26,Business,double,APIGateway,2024-09-10 16:32:08,2025-01-09 10:06:52
___, Smith Group ,Vietnam,Hue,Boutique,2,215,"Pool,Gym,Spa",Drug sense kind off off evening. Full today commercial.,"Beach,Museum,Park",-1.596897,-47.098003,http://day.com/,C0002458,Laurie,Brown,Laurie Brown,jamesdelgado@example.net,5776547209,1979-02-27,F,Czech Republic,Prague,"226 Lori Shoals, Prague",WU 45312,fr,Platinum,02/30/2025,False,BKG_000000836,2025-09-27,2025-10-15,2025-10-19,4,1,0,2,double,3,Agent,No requests,True,2024-12-16,No Show,792.49,1010.05,69.26,95.57,-1,Pending,Credit Card,Expedia,,182.97,2024-02-19 22:48:29,2025-01-31 12:22:29,API,Cancelled,REV_00000836,4,___,Easy attention town upon. Consider few not finally father easy deal for. Yourself role one source professor military research.,2024-01-25,23,True,Novi Sad,2025-09-21,Solo,double,LegacySystem,2024-02-19 22:48:29,2025-01-31 12:22:29
H00197,Meyer Inc,Thailand,Phuket,Resort,5,295,Restaurant,Require technology public night kitchen what loss. Back feel unit money purpose police operation.,Historic Site,23.963911,-84.352091,http://pearson.org/,C0003366,Emily,Ballard,Emily Ballard,anna27@example.com,+1-634-464-2383x16807,1983-06-19,F,Romania,Brasov,"332 Farrell Underpass, Brasov",BF 81707,tr,Silver,2023-04-13,True,BKG_000000837,2024-09-16,2025-04-17,2025-04-18,1,1,2,0,suite,3,Agent,,False,,,1208.7,928.29,70.78,13.89,897.67,Paid,PayPal,,NO_PROMO,185.04,2024-08-29 22:10:04,2025-06-30 02:33:07,API,Confirmed,REV_00000837,2,Before simple everyone hold.,"Rather increase summer behind guess east.
Admit learn safe reason such effort. Summer prepare than heart.",2023-13-01,92,False,Izmir,,Solo,suite,MobileApp,2024-08-29 22:10:04,2025-06-30 02:33:07
H00108,Bowen-Sanders,South Africa,Cape Town,Resort,1,52,"Pool,Gym,Spa",Put so already artist toward. Time if beyond wall cut way if from. Imagine word laugh people.,Shopping Mall,-36.160569,-2.418944,https://benson-davis.com/,C0003151,Audrey,Stewart,Audrey Stewart,kweaver@example.com,001-297-778-4146x532,1954-05-18,Other,Vietnam,Da Nang,"1505 Spears Burg, Da Nang",AA 35843,tr,,2025-07-10,False,BKG_000000838,2025-08-12,2024-12-12,2024-12-21,9,Ten,0,2,single,2,Mobile App,Late check-in,False,,,493.4,824.21,91.22,51.94,54.5,Paid,Credit Card,TravelAgency,NO_PROMO,9999,2024-08-19 05:28:21,2025-08-25 11:09:54,API,Pending,REV_00000838,2,Find war media game.,Drive trip much sort appear when. Involve month trip you situation last when.,,47,True,Debrecen,2025-10-31,Solo,double,CloudBooking,2024-08-19 05:28:21,2025-08-25 11:09:54
H00607,"Flores, Nichols and Wright",Romania,Brasov,Luxury Hotel,4,165,"Pool,Gym,Spa",Bar care rule thus. Significant peace media hand no range small. Nothing wonder size conference.,"Beach,Museum,Park",-7.586597,110.663149,http://www.miller.info/,C0003290,Olivia,   ,Olivia    , april57@example.org ,456-582-0557,1976-08-14,Other,Mexico,Guadalajara,"7380 William Pines Suite 195, Guadalajara",!!UU 81824,es,___,2024-12-16,True,BKG_000000839,2025-02-08,2025-07-22,2025-08-03,12,4,3,1,double,2,Phone,,False,,,388.61,519.49,264.36,100.0,358.99,Failed,PayPal,Expedia,,197.83,2024-01-18 05:01:37,2025-04-19 03:21:00,AGENT,Cancelled,REV_00000839,1,Fund manager kind protect describe major from.,Position physical example almost. Represent particularly fish campaign opportunity culture rise pressure.,2024-10-09,85,True,Funchal,2025-02-11,???,double,LegacySystem,2024-01-18 05:01:37,2025-04-19 03:21:00
H00231,Mercado Ltd,,Malacca,Luxury Hotel,4,26,Free WiFi,Season can somebody. Rise debate get fund specific take feel.,Historic Site,53.732892,-173.553918,https://www.johnson.com/,C0001180,Daniel,Roberts,Daniel Roberts,heather01@example.com,472.516.9884x5623,1948-03-16,F,Thailand,Bangkok,___,QY 51099,de,Gold,2023-03-20,False,BKG_000000840,02/30/2025,2025-06-01,2025-06-10,9,2,0,0,suite,2,Web,,False,,,1635.95,519.77,93.89,88.89,858.01,Pending,PayPal,Booking.com,PROMO801,31.94,2025-03-17 18:41:08,2025-10-22 14:53:16,,???,REV_00000840,5,Feel paper say provide news record mean.,Answer walk enough man else agent whose. Form trip table price big. International figure fall team decade. Industry political whom Mrs.,2025-08-28,81,TRUE,Trujillo,02/30/2025,Solo,   ,APIGateway,2025-03-17 18:41:08,2025-10-22 14:53:16
H00614,"Tran, Martinez and Villegas",Brazil,Fortaleza,Luxury Hotel,5,474,"Pool,Gym,Spa",Find result test street strategy use. Fast teacher couple anyone way. Light country term.,"Beach,Museum,Park",60.916605,,http://jones.com/,C0003834,Cody,Woods,Cody Woods,cherylgarcia@example.com,+1-276-750-6739x22999,1958-08-20,F,Bulgaria,Sofia,"5002 David Curve, Sofia",Ls 65949,de,Gold,2023-06-09,True,BKG_000000841,2025-10-17,2026-06-08,2026-06-17,9,1,0,0,double,3,Web,No requests,True,2025-05-03, Payment Failed ,1224.41,1106.03,66.21,-1,95.28,Refunded,Credit Card,TravelAgency,,80.9,2025-08-29 01:03:34,2025-10-07 18:10:58,API,Confirmed,REV_00000841,1,Although movement now home them hot interesting.,Level film say part state responsibility. Stand possible make green.,2025-10-09,34,False,Lima,2025-05-01,Leisure,double,LegacySystem,2025-08-29 01:03:34,2025-10-07 18:10:58
H00864,Michael-Morgan,India,Hyderabad,Business Hotel,5,,Free WiFi,traditional factor sense up language both course. nice director affect stage eye police.,Historic Site,-29.636814,-92.44771,!!https://evans.com/,C0001998,Cory,Allen,Cory Allen,aliciaramirez@example.net,391.794.2250x813,1950-07-20,Other,Portugal,Lisbon,"815 Gerald Center, Lisbon",LW 46895,en,Bronze,2024-04-21,True,BKG_000000842,2025-02-07,2025-04-23,2025-05-04,11,1,0,2,suite,1,Mobile App,,True,2025-01-05,No Show,1382.87,1192.01,65.63,32.33,138.78,Pending,PayPal,Airbnb,PROMO642,26.4,2024-12-20 19:34:26,2025-06-25 10:04:43,API,Cancelled,REV_00000842,4,Stuff region style spend leader.,"Back officer it care in president rule.
Such full girl table. Attention resource name watch into rule argue degree.",2024-12-30,89,False,Incheon,2025-10-23,Leisure,suite,MobileApp,2024-12-20 19:34:26,2025-06-25 10:04:43
H00869,,Thailand,Bangkok,Resort,2,483,Free WiFi,Thing population theory ask. Manager senior industry career clearly his.,"Beach,Museum,Park",-61.299839,-92.835525,http://www.jones-cameron.com/,C0002646,Kevin,Perez,Kevin Perez,kwatson@example.com,620.767.4637x081,1977-08-19,F,Switzerland,Lausanne,"2145 Steven Loop, Lausanne",SI 98765,fr,Gold,2023-10-23,True,BKG_000000843,2024-02-05,2025-06-27,2025-07-01,4,1,0,2,double,1,Web...,Extra bed,True,"Jan 32, 2025",Payment Failed,1105.3,514.8,9999,93.04,1068.42,Paid,Debit Card,Expedia,,,2025-02-25 10:07:23,2025-01-25 21:09:26,USER,Confirmed,REV_00000843,2,She work degree mission accept.,,2024-03-07,5,True,Makati,2025-10-22,Solo,suite,APIGateway,2025-02-25 10:07:23,2025-01-25 21:09:26
H00850,Larson Inc,Japan...,Hiroshima,City Hotel,4,425,"Pool,Gym,Spa",Rate where eight Republican event.,"Beach,Museum,Park",-52.368253,95.953344,http://www.ritter-smith.com/,C0000224,Katherine,Perez,Katherine Perez,hjames@example.org,266.814.9725,2007-08-23,M,Malaysia,   ,"841 Richard Park Apt. 182, Kuala Lumpur",TE 87190,es,Gold,2025-03-08,False,BKG_000000844,2024-08-30,2026-01-28,2026-02-09,12,1,3,0,single,3,Mobile App,Extra bed,False,,,1413.68,938.26,114.8,51.22,903.28,Paid,--,Direct,NO_PROMO,0,2023-12-05 17:55:38,2025-10-07 00:34:02,API,Pending,REV_00000844,4,Show newspaper poor certainly step care entire.,"So son various will mission season.
Bring sea top black image start.
Agency activity goal occur since. Choose know democratic voice soldier will.",2024-06-02,16,True,La Plata,2025-10-08,Solo,single,MobileApp,2023-12-05 17:55:38,2025-10-07 00:34:02
H00779,"Potter, Ramirez and Smith",Italy,Milan,Resort,2,171,Free WiFi,Process face strong. Lot tree place defense mean.,"Beach,Museum,Park",-71.315972,12.969389,https://www.turner.com/,C0004491,Rodney,Martin,Rodney Martin,lindarobinson@example.org,908.388.3370x02038,2002-01-30,F,Australia,Adelaide,"87055 Quinn Circle Suite 427, Adelaide",ZP 18409,de,Silver,2024-02-09,True,BKG_000000845,2024-05-31,2025-02-25,2025-03-07,10,3,0,1,double,1,Phone,Late check-in,False,,,1580.96,539.63,98.4,60.49,1190.63,Refunded,Cash,Airbnb,,179.81,2025-08-14 14:34:01,2025-02-05 04:20:39,API,Cancelled,REV_00000845,4,Camera another consider because direction prepare production.,Economic pick large hold book thousand page. Strategy operation listen provide paper eight. Able far remember against approach production read.,2024-08-06,-1,False,Alexandria,2025-09-11,Solo,suite,LegacySystem,2025-08-14 14:34:01,2025-02-05 04:20:39
H00321,"Walter, Oneill and Barrett",Greece,Rhodes,Luxury Hotel,3,400,"Pool,Gym,Spa",Base situation show protect usually over. Each without indicate list.,"Beach,Museum,Park",-11.120392,-167.044192,http://schultz.net/,C0001502,Lindsay,Morris,Lindsay Morris,blackwellanthony@example.com,+1-928-697-5340,1973-05-12,M,Vietnam,Hue,"029 Lee Trail Suite 186, Hue",BB 68617,tr,Gold,2023-01-12,True,BKG_000000846,2025-06-10,2026-06-27,"Jan 32, 2025",7,2,2,2,suite,3,Agent,,True,2025-09-02,,744.13,353.62,180.28,13.24,487.63,Failed,Credit Card,Booking.com,,18.41,2024-07-13 19:38:55,2025-02-24 21:56:16,AGENT,Cancelled,REV_00000846,,Behavior amount civil size....,"Sort hospital until word.
Study evening while hour bag history wonder read. Yet firm inside themselves. Word sister blood home card onto fact.",2024-04-25,66,False,Fes,2024-12-24,Solo,double,Cloudbooking,2024-07-13 19:38:55,2025-02-24 21:56:16
H00596,Hall-Watkins,India,Mumbai,Boutique,5,466,Free WiFi,Follow speech civil guess name capital. Part million myself recent outside table.,Historic Site,19.943199,-153.699036,https://www.mccarthy.com/,C0004183,April,Jones,April Jones,ghess@example.net,123-456-7890,1963-05-23,F,Indonesia,Bandung,"6113 White River Apt. 784, Bandung",YM 54842,tr,Silver,2025-09-24,False,BKG_000000847,2025-08-01,2025-06-01,2025-06-10,9,2,2,0,double,1,Phone,,False,,,1784.46,761.81,49.22,32.79,1617.54,Failed,PayPal,Direct,,64.32,2024-05-20 18:12:09,2025-08-02 21:19:03,--,Cancelled,REV_00000847,5,Marriage recognize audience wrong.,"Realize training other argue beat indicate guy.
Million individual we star west. Open themselves against lose. Defense buy rich easy inside.",2025-06-02,72,False,Concepción,2025-01-09,Solo,double,APIGateway,2024-05-20 18:12:09,2025-08-02 21:19:03
H00584,Riggs LLC,Switzerland,Zurich,Resort,1,380,Restaurant,None north reveal church generation. Prepare morning relate modern federal worker entire.,Historic site,-55.630452,-157.516683,https://www.harris.net/,C0001795,Tanya,???,Tanya ???,taylorheather@example.com,001-272-875-2141x350,1968-09-04,M,Norway,Stavanger,"312 Willis Rest, Stavanger",VN 25809,es,Silver,2023-08-17,True,BKG_000000848,2023-12-22,2025-09-28,2025-10-03,5,1,1,0,single,3,Phone,Late check-in,False,,,-1,1321.64,-1,67.64,0,Refunded,Cash,TravelAgency,NO_PROMO,-0.62,2025-04-28 05:37:13,2025-10-06 10:49:44,USER,Confirmed,REV_00000848,2,Partner way tonight country point money.,Fact price task Republican soon character. Alone available sport but. Still attention measure organization defense if former language.,2024-11-29,87,False,Eilat,2024-12-15,Business,double,!!MobileApp,2025-04-28 05:37:13,2025-10-06 10:49:44
H00845,Jackson-Jefferson,Japan,Hiroshima,City Hotel,5,314,"Pool,Gym,Spa","Skill public area protect. Save glass three accept.
Test relate style old book blood go.",Shopping Mall,33.634307,-93.157255,http://jones.com/,C0000627,DAVID,Leonard,DAVID LEONARD,madison75@example.org,,1980-09-29,M,Czech Republic,Brno,"228 Davis Rue, Brno",ST 88513,de,,2024-05-27,False,BKG_000000849,2024-04-14,2026-05-17,2026-05-18,1,-1,1,1,___,3,Agent,,True,2025-01-31,Customer Request,1498.64,1207.04,52.34,52.97,861.67, Paid ,Debit Card,TravelAgency,NO_PROMO,163.96,2024-06-29 05:46:12,2024-12-05 14:43:35,USER,Pending,REV_00000849,3,Week happy kind great success thought true should.,Stage top certain good produce during. Exactly lawyer may. Federal practice yourself.,2025-06-28,37,False,Stockholm,2025-06-17,Solo,,CloudBooking,2024-06-29 05:46:12,2024-12-05 14:43:35
H00044,Adams PLC,Netherlands,   ,City Hotel,4,271,Free WiFi,Machine light hair affect loss camera. Wall argue change hit cell right.,"Beach,Museum,Park",9999,-163.533557,,c0000030,Jerry,Morales,Jerry Morales,amandajones@example.com, +1-782-676-6944x26669 ,1972-04-02,Other,Chile,Viña del Mar,"09552 Katherine Brooks Apt. 130, Viña del Mar",PS 50762,en,Gold,2024-04-05,True,BKG_000000850,2024-12-01,2025-05-10,2025-05-21,11,2,1,1,double,1,Web,Late check-in,True,2025-05-03,,1168.74,159.82,176.55,77.08,911.72,Paid,Debit Card,Expedia,PROMO392,37.64,2024-05-17 09:03:19,2024-11-25 20:33:36,API,Pending,REV_00000850,3,Foreign market memory service never question second.,Law perform candidate I rule. Can prevent employee door expect price get.,2024-02-12,91,False,Hamilton,2025-09-03,Family,single,___,2024-05-17 09:03:19,2024-11-25 20:33:36
H00273,--,Vietnam,,Business Hotel,1,143,"Pool,Gym,Spa",Account administration message leader. Effort ask happen structure wall century.,"Beach,Museum,Park",-61.079975,-95.394962,http://www.ortiz.com/,C0004880,Isabella,Mcdaniel,Isabella Mcdaniel,user@.com,(432)314-2680,1959-04-04,???,Bulgaria,Burgas,"307 Kendra Squares Suite 589, Burgas",IS 16286,en,Bronze,2025-04-08,True,BKG_000000851,2025-09-18,2025-12-04,,7,3,0,0,double,1,Web,No requests,False,,,1721.38,1254.02,153.8,14.55,1702.9,Pending,PayPal,TravelAgency,,54.84,2025-09-06 18:31:09,2025-09-04 16:34:16,AGENT,Confirmed,REV_00000851,2,So rate space education name.,Father stay describe yard economy seat seek. Themselves force soon bill their chance hard. Black hit pick reduce enter.,2023-12-15,93,True,Makati,2024-11-27,Couple,SUITE,APIGateway,2025-09-06 18:31:09,2025-09-04 16:34:16
H00731, Dickson Inc ,India,Hyderabad,Luxury Hotel,1,53,Restaurant,Indicate measure create need charge blood. Relationship property writer forward industry item.,"Beach,Museum,Park",60.227513,22.444437,http://www.cooper-moore.com/,C0002277,Elizabeth,Phillips,Elizabeth Phillips,villanuevasteven@example.com,560.647.3821x34149,1983-06-16,Other,Colombia,Bogotá,"97747 Smith Common Suite 633, Bogotá",OL 74298,es,Gold,2022-11-08,True,BKG_000000852,2025-09-06,2024-11-04,2024-11-12,8,1,3,1,single,1,Mobile App,Late check-in,True,2025-06-02,,449.54,461.42,264.34,20.71,22.83,Paid,Debit Card,Airbnb,NO_PROMO,126.55,2024-10-16 23:36:43,2025-01-15 05:18:37,AGENT,Cancelled,REV_00000852,1,Go control treatment fire.,Anything parent likely throughout she project. Many somebody bit.,2025-07-23,74,False,Budapest,2025-08-23,Leisure,double,CloudBooking...,2024-10-16 23:36:43,2025-01-15 05:18:37
H00868,Lynn-Clark,Australia,Melbourne,Resort,5,277,"Pool,Gym,Spa",Large site offer happen rather candidate. Partner plan want you happy Mrs social.,Shopping Mall,-86.378567,141.9407,,C0004616,Robin,Cordova,Robin Cordova,thompsontaylor@example.org,728-534-4073x1816,1950-10-07,F,United Arab Emirates,Sharjah,"59804 Jeffrey Parkways Apt. 403, Sharjah",VX 65326,en,Gold,2025-08-24,True,BKG_000000853,2025-04-26,2026-04-25,2026-05-01,Five,3,3,1,double,1,Web,No requests,False,,,1888.77,1201.81,209.46,45.25,894.3,Failed,Credit Card,Airbnb,PROMO534,86.36,2024-11-11 03:11:42,2025-03-15 09:14:22,API,Pending,REV_00000853,3,Car wish give us manage clearly worry.,Capital dog produce machine run movement line focus. Actually hundred democratic car machine some. Culture everybody partner free suggest.,2024-04-08,26,True,Lyon,2025-06-20,Leisure,double,APIGateway,2024-11-11 03:11:42,2025-03-15 09:14:22
H00472,"Wolfe, Morrison and Kramer",Egypt,Sharm El Sheikh,Boutique,4,9999,"Pool,Gym,Spa",Door writer it low see support science. Western there keep reduce.,"Beach,Museum,Park",67.378824,91.399546,https://www.cortez.com/,C0002673,Lindsay,Daniels,Lindsay Daniels,morganbailey@example.net,(218)587-0498,1947-03-22,F,New Zealand,Auckland,"26484 Alan Shore Apt. 261, Auckland",AP 86938,es,Gold,2023-10-25,True,BKG_000000854,2024-01-08,2025-09-30,2025-10-03,3,4,1,0,suite,3,Phone,Late check-in,False,,,489.25,347.45,84.18,75.52,56.14,Failed,PayPal,Booking.com,NO_PROMO,113.42,2025-01-08 06:38:24,2025-05-14 18:42:04,API,Cancelled,REV_00000854,,Business win drop plan.,Talk my figure boy foot camera market. Democratic education wife TV main. Perhaps happy a camera floor hand.,2025-10-12,7,False,Shanghai,2025-08-01,Couple,single,APIGateway,2025-01-08 06:38:24,2025-05-14 18:42:04
H00701,Crane Inc,Philippines,Davao,Boutique,1,452,"Pool,Gym,Spa",Hand from author.,Historic Site,Ten,11.911453,https://www.williams-ford.com/,C0004395,Jonathan,Neal,Jonathan Neal,harrismary@example.com,(505)841-4613x18691,1996-04-09,Other,Chile,Concepción,,MU 53491,en,Silver,2025-03-19,False,BKG_000000855,2023-12-01,2026-09-20,2026-09-29,9,2,2,2,double,1,Agent,,True,2025-07-08,Customer Request,428.71,1479.89,61.88,43.71,354.32,Failed,Debit Card,TravelAgency,NO_PROMO,91.44,2024-06-13 20:09:36,2025-10-30 02:02:05,USER,Confirmed,REV_00000855,2,,Enter decide tell. Five thousand field whole land.,2024-09-01,0,False,Antalya,2025-07-20,Business,single,LegacySystem,2024-06-13 20:09:36,2025-10-30 02:02:05
H00945,Williams LLC,Australia,Sydney,City Hotel,3,448,Restaurant,South explain think. Tax since media claim. Close century edge.,Shopping Mall,-59.563145,155.461136,https://vasquez-waller.com/,   ,Corey,Parker,Corey Parker,crystal53@example.org,(809)446-6506x2512,1998-08-19,Other,United Arab Emirates,Sharjah,"541 Gibson Route, Sharjah",SE 79736,en,Platinum,2024-03-17,   ,BKG_000000856,2024-06-03,2026-04-09,2026-04-18,9,,0,1,suite,3,Phone,  ,False,,,1575.94,456.33,250.51,33.2,1033.25,Refunded,Credit Card,Expedia,,179.38,2025-03-12 10:39:53,2024-11-29 05:21:26,API,Cancelled,REV_00000856,4,Thousand none occur lot indicate yard.,Power them free kitchen. Hit laugh performance million.,2025-10-12,73,True,Cluj-Napoca,2025-06-30,Business,double,MobileApp,2025-03-12 10:39:53,2024-11-29 05:21:26
H00456,Williams-Payne,Japan,Osaka,Budget Hotel,2,406,Restaurant,Picture project lawyer would sense police catch. Remain people actually director.,"Beach,Museum,Park",-59.291421,-112.889456,https://www.reynolds.com/,C0000059,Jonathan,Blair,Jonathan Blair,hwood@example.com,352-420-9673x78816,1994-03-06,Other,Japan,Hiroshima,"30362 Parsons Brook, Hiroshima",CG 92902,tr,Bronze,02/30/2025,True,BKG_000000857,2024-06-12,2025-05-07,2025-05-18,11,2,3,1,single,3,Mobile App,,True,2025-07-08,Payment Failed,1760.21,1461.08,55.28,28.94,114.35,Pending,Credit Card,direct,,110.43,2024-08-11 22:57:16,2025-02-05 07:14:45,API,Pending,REV_00000857,5,Type fast impact.,Environmental take thousand name large. Difficult message class dog.,2025-06-07,90,False,Presov,2025-03-03,Family,suite,LegacySystem,2024-08-11 22:57:16,2025-02-05 07:14:45
H00809,Sanchez LLC,   ,Dubrovnik,Luxury Hotel,3,112,Free WiFi,Success scientist bit cut seven shoulder against film. Individual recent order she unit star.,Historic Site,,-48.579352,https://knight.net/,C0001088,Micheal,Davis,Micheal Davis,johnstontony@example.com,(277)423-5465x82311,2005-01-16,F,Ireland,Cork,"6995 Sarah Estates, Cork",KE 28659,fr,Gold,2023-07-27,True,BKG_000000858,2024-07-17,2025-10-09,2025-10-18,9,3,0,0,single,1,Mobile App,Late check-in,True,2025-05-20,Customer Request,905.31,864.54,158.0,79.93,101.08,Pending,Cash,Booking.com,PROMO329,94.11,2025-08-11 18:06:22,2025-08-22 04:56:55,AGENT,Cancelled,REV_00000858,2,South book long.,"Student group old two cover wrong.
Remain serve data culture same. Hard himself want set since fight level.",2024-12-02,-1,False,Nitra,2025-01-25,Solo,double,MobileApp,2025-08-11 18:06:22,2025-08-22 04:56:55
H00227,Frazier Ltd,Slovakia,Nitra,Luxury Hotel,1,168,Restaurant,"Stand box ability kid war public. Should bad result front.
True home less citizen will debate.","Beach,Museum,Park",33.728278,-76.143458,http://www.mendoza.info/,C0001368,Lindsey,Murray,Lindsey Murray,david56@example.com,5793403572,1988-05-16,Other,Finland,!!Tampere,"532 Alexandra Walks Suite 009, Tampere",TE 19730,es,Gold,2024-12-29,False,BKG_000000859,2025-07-28,2024-11-06,2024-11-19,13,4,3,2,single,3,Phone,,,,,527.41,386.92,219.71,2.84,302.88,Paid,Cash,TravelAgency,,,2024-10-04 18:22:33,2025-08-10 18:46:16,AGENT,Cancelled,REV_00000859,1,Stuff environment while discussion concern us star step.,Large Mrs price score team. Bed few follow site charge garden remember. Get whole law school economy million oil.,2024-05-24,53,True,Vienna,2025-05-04,Leisure,double,LegacySystem,2024-10-04 18:22:33,2025-08-10 18:46:16
H00379,Ferguson Ltd,TURKEY,Ankara,Resort,3,442,Restaurant,Bad final it style key culture card can. Blood wonder others camera example speech.,Shopping Mall,-76.857903,-73.467243,https://hill.com/,C0001847,Catherine,___,Catherine ___,stacymyers@example.net,+1-824-555-1439x159,1998-04-11,M,Australia,Sydney,"269 Potts Island, Sydney",TB 65720,tr,Bronze,2023-08-27,True,BKG_000000860,2024-03-11,2026-07-10,2026-07-14,4,3,3,0,double,2,Phone,No requests,False,,,1046.13,,200.88,63.62,343.84,Paid,,TravelAgency,,78.64,2025-09-17 16:22:58,2025-04-16 15:26:39,AGENT,Confirmed,REV_00000860,0,Break also away new else southern.,"Improve they drop radio former form receive. Room heavy economic event many. Mean peace economy politics large.
Those force option.",2024-08-06,0,False,Córdoba,2025-10-28,Solo,suite,LegacySystem,2025-09-17 16:22:58,2025-04-16 15:26:39
H00998,Brennan PLC,Argentina,Córdoba,Luxury Hotel,4,436,Free WiFi,Employee tax lawyer institution media none themselves.,Historic Site,-5.610721,-44.806734,https://www.branch.com/,C0003968,Elizabeth,Wilson,Elizabeth Wilson,shawn21@example.org,,1945-03-23,M,Singapore,Singapore,"762 Kaiser Court, Singapore",UM 41112,fr,,2023-12-12,True,BKG_000000861,2023-12-18,2026-06-01,2026-06-04,3,4,0,1,single,3,Web,Extra bed,True,2024-12-27,Customer Request,250.11,1037.49,243.71,90.27,244.54,Pending,Cash,TravelAgency,PROMO932,60.29,2024-11-03 12:04:49,2025-05-18 14:40:15,API,Pending,REV_00000861,1,Drive boy live task.,Nice should tough former there Mrs property. Improve significant beautiful final chair surface.,2025-03-07,0,True,Ankara,2025-03-13,Leisure,single,APIGateway,2024-11-03 12:04:49,2025-05-18 14:40:15
H00205,Marquez Inc,Sweden,Linköping,City Hotel,5,227,Restaurant,"Civil quality full tend. Question loss it kid most difference home.
That significant adult thus.","Beach,Museum,Park",27.69978,-89.894549,https://torres.com/,C0002187,Ryan,Owen,___,raymondmorris@example.net,001-455-626-8345x21958,1980-07-27,M,Nigeria,Abuja,"14148 Howard Hollow, Abuja",LG 50541,en,Platinum,2024-06-01,False,BKG_000000862,2024-02-25,2025-10-10,2025-10-20,10,4,0,2,suite,3,Agent,No requests,False,,,1582.61,777.43,53.42,51.31,577.96,Failed,Credit Card,Booking.com,PROMO852,125.29,02/30/2025,2025-04-23 00:49:39,USER,Pending,REV_00000862,1,Them partner public serve wall.,Several today human performance computer. Have bad thank draw.,2024-05-18,90,False,Surabaya,!!2025-03-01,Solo,single,CloudBooking,02/30/2025,2025-04-23 00:49:39
H00084,Adams PLC,United States,Washington D.C.,Resort,4,216,Restaurant,Hour blood debate on manage whose strategy. Either score modern institution.,Historic Site,76.295858,99.869472,https://www.parsons.com/,C0003827,Mark,Collier,Mark Collier,dwarren@example.net,623.715.8675x07088,1990-02-07,Other,Finland,Tampere,"36000 Victoria Lake, Tampere",JD 76135,tr,Platinum,2023-12-28,True,BKG_000000863,2025-10-20,2025-07-13,2025-07-25,12,2,1,1,single,1,Web,,True,2025-09-06,,1364.1,1030.91,167.31,88.83,1159.74,Pending,Credit Card,Direct,,118.89,2025-07-14 15:21:47,2024-11-04 03:34:20,API,Cancelled,REV_00000863,Five,Everybody free interesting.,Benefit best why. Meeting week million kitchen during shoulder.,2024-03-14,90,True,Heraklion,2025-07-30,Solo,double,APIGateway,2025-07-14 15:21:47,2024-11-04 03:34:20
H00735,Howell and Sons,Norway,Oslo,Luxury Hotel,Ten,436,Free WiFi,Institution wait including simply care her important. Decide high program number early.,Shopping Mall,-86.533786,-178.381759,http://wells-bradshaw.com/,C0000625,Tracy,Barnes,Tracy Barnes,,123-456-7890,1988-09-27,Other,Serbia,Novi Sad,"8546 Lucas Mills Apt. 947, Novi Sad",KE 85972,fr,none,2024-02-01,False,BKG_000000864,2024-01-19,2025-12-07,2025-12-16,9,3,2,0,suite,3,Web,No requests,True,2024-11-29,No Show,1650.93,1092.79,51.81,55.86,696.13,Failed,Cash,TravelAgency,,177.41,2024-12-07 10:30:03,2025-07-07 04:08:58,USER,Pending,REV_00000864,1,Large wait according pull seek.,Whose work look order far interesting. Recently whatever TV current measure play. Move reflect learn experience situation thank.,2025-09-25,68,False,,2025-04-04,Solo,single,APIGateway,2024-12-07 10:30:03,2025-07-07 04:08:58
H00963, Santos LLC ,Saudi Arabia,   ,City Hotel,5,318,Free WiFi,Ball feeling be a process. Heavy although edge event continue this.,Shopping Mall,Five,36.705894,https://thompson-hill.com/,C0003843,Amanda,Harper,Amanda Harper,hooddavid@example.org,001-894-594-1726x5851,2003-06-21,M,Brazil,Brasília,"649 Villarreal Ferry Suite 189, Brasília...",XE 84059,de,Bronze,2023-07-08,True,BKG_000000865,2024-06-02,2026-06-15,2026-06-24,9,4,1,0,double,1,Agent,NO REQUESTS,False,,,499.32,473.64,279.6,38.17,326.06,Refunded...,Cash,TravelAgency,NO_PROMO,21.33,2025-03-13 15:58:12,2025-06-14 21:09:24,SYSTEM,Cancelled,REV_00000865,1,Probably discuss find staff soldier goal.,Wonder task station laugh those party number understand. Western look with.,2025-06-28,94,False,Sharjah,2025-01-03,Business,single,CloudBooking,2025-03-13 15:58:12,2025-06-14 21:09:24
H00833,"Padilla, Williams and Kim",France,Toulouse,Boutique,4,330,"Pool,Gym,Spa",Benefit realize want happy training. Provide idea think look anyone community before television.,Shopping Mall,-68.172075,0,https://www.acosta.com/,C0002937,Andrew,Moore,Andrew Moore,esoto@example.net,+1-607-935-8908x9762,1958-01-13,M,???,Venice,"688 Susan Ferry, Venice",OR 27381,de,Silver,2023-01-09,False,BKG_000000866,2025-09-06,2025-03-14,2025-03-18,0,2,0,2,single,1,Agent,,False,,,1812.0,1388.39,229.2,49.17,1395.36,Pending,,TravelAgency,NO_PROMO,188.79,2024-06-08 13:24:22,2025-09-23 01:18:01,USER,Cancelled,REV_00000866,1,Follow Democrat live glass week.,"Go movie campaign politics. Summer range eat season suffer often. Research item catch federal example station.
Stuff loss old should.",2023-12-13,32,False,Wellington,2025-05-15,Couple,double,APIGateway,2024-06-08 13:24:22,2025-09-23 01:18:01
H00777,Mcmillan-Bennett,Sweden,Uppsala,City Hotel,2,479,"Pool,Gym,Spa",Lawyer enter condition model possible activity. Defense mouth last movement cold carry ok image.,Shopping Mall,86.79358,27.347067,https://www.gonzalez-houston.com/,C0000967,Betty,Thompson,Betty Thompson,sharon69@example.org,271.259.5648,1977-11-01,F,Poland,Krakow,"22236 Byrd Stream Suite 143, Krakow",ZA 41432,de,Silver,2025-10-08,False,BKG_000000867,2025-08-18,2025-07-06,2025-07-17,11,3,0,2,double,1,Phone,,False,,,1504.94,980.72,89.43,95.83,593.06,Paid,Cash,Expedia,NO_PROMO,165.12,2025-09-15 09:06:13,2025-08-06 08:08:04,USER,Pending,REV_00000867,3,Edge town bring staff down.,Upon professor cost all. Skin give young miss. Task federal air foot. Identify dream past total young why effort.,2024-06-17,9,False,Phuket,2025-03-14,Solo,double,CloudBooking,2025-09-15 09:06:13,2025-08-06 08:08:04
H00728,Pugh PLC,Morocco,Rabat,Budget Hotel,5,238,Free WiFi,Lay site Mrs office notice serve same heavy. Trial early save language.,Historic Site,58.32038,50.900892,http://rose.com/,C0001621,Robert,Casey,Robert Casey,mariegarza@example.net,001-442-829-2690x1609,1947-03-03,F,South Korea,Incheon,"5266 Jeffery Estate, Incheon",MA 37669,en,Silver,2023-06-06,False,BKG_000000868,2024-02-10,2025-01-26,2025-02-04,9,1,1,2,single,2,Web,No requests,False,,,284.54,297.19,0,77.08,95.16,Paid,PayPal,Airbnb,PROMO723,29.65,2025-02-21 19:20:02,2025-06-08 10:57:31,AGENT,Confirmed,REV_00000868,1,Environmental rock deep go myself church.,Make finally stage. Argue century mention could treat. Tonight design none process wrong.,2025-01-30,75,True,Helsinki,2024-12-10,Family,double,LegacySystem,2025-02-21 19:20:02,2025-06-08 10:57:31
H00498,Flores and Sons,Switzerland,Basel,Resort,1,455,"Pool,Gym,Spa",Decide assume agreement place.,Shopping Mall,-45.323192,-11.845881,http://www.leon.com/,C0002578,Sarah,Fletcher,Sarah Fletcher,!!wheelerjoshua@example.org,123-456-7890,1952-12-05,F,Israel,Haifa,"177 Harrell Locks Apt. 639, Haifa",ME 41653,fr,Platinum,2023-05-21,False,BKG_000000869,2023-11-05,2025-09-21,2025-09-21,-1,2,3,1,suite,3,Phone,No requests,False,,,1673.79,872.14,32.83,96.09,1252.39,Pending,PayPal,Direct,PROMO748,176.38,2024-09-26 10:51:50,2025-08-12 02:36:49,AGENT,Pending,REV_00000869,1,Indicate too type at.,Section instead become school wall around trial. Color participant indeed war.,2024-10-24,96,True,Beijing,2024-12-09,Business,double,MobileApp,2024-09-26 10:51:50,2025-08-12 02:36:49
H00376,Garcia-Sanchez,Indonesia,Bandung,City Hotel,2,31,Restaurant,That fall structure dream into this animal design. Season how ask people never about my.,Shopping Mall,Ten,-62.21999,--,C0000035,Andrew,Wilson,Andrew Wilson,jameshoward@example.net,845.767.4089,1979-11-25,F,Germany,Munich,"44261 Lawrence Key Apt. 312, Munich",SD 47178,fr,,2024-11-07,True,BKG_000000870,2024-09-19,2026-04-13,2026-04-16,3,1,0,2,single,1, Agent ,Extra bed,True,2025-08-25,Hotel Closed,617.65,459.29,287.23,37.81,543.37,Failed,Debit Card,Expedia,NO_PROMO,172.38,2024-09-18 11:30:15,2025-02-28 06:48:34,SYSTEM,Pending,REV_00000870,3,Teacher involve thought future.,Series long thank economic certain investment tell. Shoulder rather leader agree cost.,2024-05-05,14,False,Abuja,2025-10-16,Couple,double,LegacySystem,2024-09-18 11:30:15,2025-02-28 06:48:34
H00899,"Bailey, Stone and Evans",New Zealand,Wellington,Boutique,,222,Free WiFi,,Shopping Mall,-70.748759,9999,https://anderson-anderson.com/,C0002957,Brittany,--,Brittany --,brandonpena@example.net,(498)250-0229x56156,1982-02-05,Other,United Arab Emirates,Abu Dhabi,"183 Janice Hill Apt. 067, Abu Dhabi",DF 98447,tr,Silver,2023-09-29,False,BKG_000000871,2024-08-07,2025-10-24,2025-10-29,5,1,,9999,suite,3,Mobile App,Extra bed,True,2025-10-26,___,1972.93,843.37,284.92,36.96,1747.65,Paid,Cash,Airbnb,PROMO915,69.65,2025-02-18 00:49:49,2024-12-26 07:22:47,API,Cancelled,REV_00000871,5,May plan easy simply.,"Front reduce data back. Point imagine seem change station note.
Pm politics about identify member. Light unit forget trouble.",2024-12-09,13,True,Eindhoven,2025-03-06,Family,double,CloudBooking,2025-02-18 00:49:49,2024-12-26 07:22:47
H00894,   ,Czech Republic,Brno,Boutique,2,119,Free WiFi,Because wish and animal. Moment site number management often let send.,"Beach,Museum,Park",33.018377,-170.759498,https://www.taylor-ross.com/,C0001012,William,Lewis,William Lewis,christopher13@example.net,+1-697-431-7813x86424,1980-05-30,M,Indonesia,Bandung,"55999 Sanders Forest Suite 371, Bandung",QD 20338,en,Bronze,,False,BKG_000000872,2024-08-09,2025-01-20,2025-02-02,13,3,2,2,double,1,Web,,False,,,1090.14,1209.3,122.03,44.89,6.69,Refunded,Credit Card,Direct,PROMO975,Five,2025-08-27 13:05:17,2025-02-22 10:57:33,USER,Pending,REV_00000872,5,Cut great put identify against another.,Reach benefit several question than professor possible. Late bill issue. Task member less. Size happy person enjoy year.,2024-04-10,69,False,Heraklion,2025-03-13,Business,single,   ,2025-08-27 13:05:17,2025-02-22 10:57:33
H00267,"Hughes, Thomas and Carter",Hungary,Debrecen,Boutique,2,473,Restaurant,Will able state. Company eye indicate drive.,Shopping Mall,45.970513,105.427021,http://www.miller.net/,C0003888,David,Hopkins,David Hopkins,wtorres@example.net,001-389-497-8458x698,2006-01-15,Other,Indonesia,Jakarta,   ,XC 30237,tr,,2024-10-08,False,BKG_000000873,2025-05-17,2025-11-01,2025-11-01,1,2,0,2,single,2,Phone,Late check-in,True,2025-06-25,Hotel Closed,1761.86,531.95,39.16,34.87,443.72,Failed,Cash,Booking.com,NO_PROMO,180.84,2024-07-06 01:36:10,2023-13-01,SYSTEM,Cancelled,REV_00000873,1,Standard collection close on population movie.,Project key mouth call number phone. Community be member same hair. Well enough expert interesting.,2024-12-17,65,True,Brussels,2025-10-25,Solo,double,MobileApp,2024-07-06 01:36:10,2023-13-01
H00982,"Lin, Foster and Sheppard",,BRUSSELS,Luxury Hotel,3,331,"Pool,Gym,Spa",Sit break something into. Open weight teach leg.,"Beach,Museum,Park",31.381471,-80.033723,http://www.rasmussen.info/,C0003265,Connor,Mills,Connor Mills,timothy59@example.org,578.941.2935,1958-09-09,Other,Indonesia,Bali,"69679 Parks Villages, Bali",AC 92591,es,Gold,2024-08-22,False,BKG_000000874,2025-03-22,2025-10-11,2025-10-11,1,3,0,1,double,3,Phone,Late check-in,False,,,1509.64,1073.15,75.77,28.22,8.18,Paid,Debit Card,Airbnb,,5.67,2024-04-02 04:59:05,2023-13-01,API,???,REV_00000874,4,You your summer argue continue.,Kitchen community want kid always game about start. Could tonight generation support involve. At believe join hear nice author.,2025-01-08,0,True,Cairo,2025-03-15,Business,suite,APIGateway,2024-04-02 04:59:05,2023-13-01
H00579,Torres-Foster,Chile,Santiago,City Hotel,4,173,Restaurant,Computer popular campaign upon far hit. Along agency wide decision.,Historic Site,-11.86678,176.068308,https://www.smith.biz/,C0002416,Ann,Li,Ann Li,smithchristopher@example.com,3597991612,1995-11-27,M,Portugal,Lisbon,"9236 Ballard Expressway Apt. 736, Lisbon",   ,de,Silver,2023-05-28,True,BKG_000000875,2024-11-26,,2025-04-04,8,4,3,0,double,2,Agent,,False,,,1587.76,894.0,234.82,27.47,780.79,Pending,PayPal,Direct,NO_PROMO,132.84,2024-02-24 06:25:50,"Jan 32, 2025",SYSTEM,Cancelled,REV_00000875,5,Candidate probably successful yourself care practice fund expect.,"Everybody drug forward.
Center growth poor air consumer property. Clearly hour image give third.",2024-09-14,34,False,Heraklion,2025-03-19,Couple,double,CloudBooking,2024-02-24 06:25:50,"Jan 32, 2025"
H00398,Morgan-White,vietnam,Da Nang,Budget Hotel,4,485,Restaurant,Consider training process card behavior recent religious.,Historic Site,75.650702,109.929944,http://www.rodriguez.com/,C0001745,Nicole,___,Nicole ___,kristopherperez@example.org,501.473.2938x90119,1968-08-12,M,Portugal,Coimbra,"3223 Jesse View, Coimbra",CD 25297,en,,2025-05-05,True,BKG_000000876,2024-04-09,2026-04-16,2026-04-20,4,4,3,2,double,2,Mobile App,Late check-in,True,2025-06-06  ,No Show,771.79,459.08,124.05,85.56,523.78,Failed,Credit Card,TravelAgency,,131.14,2024-05-11 20:58:12,2025-03-28 07:50:34,SYSTEM,Cancelled,REV_00000876,3,Choose bring wear maintain manage growth culture.,Source summer growth base chance government grow.,2025-09-22,15,   ,Phuket,2025-07-23,Solo,double,APIGateway,2024-05-11 20:58:12,2025-03-28 07:50:34
H00060,Brown Ltd...,___,Aarhus,Resort,4,493,Restaurant,Choose expert western statement wind. Respond house without behavior.,"Beach,Museum,Park",70.403337,-106.567581,http://www.short.net/,C0002642,Denise,Anderson,Denise Anderson,annedwards@example.net,4497400172,1975-08-11,M,South Korea,Daegu,"722 Mark Shores Apt. 519, Daegu",DR 62912,tr,Bronze,2023-05-30,False,BKG_000000877,2023-12-11,"Jan 32, 2025",2025-08-06,13,2,2,1,single,2,Mobile App,No requests,False,,,81.51,410.45,20.16,3.5,15.87,Paid,PayPal,Booking.com,,81.22,2025-01-16 07:01:45,2024-11-04 22:00:49,AGENT,Pending,REV_00000877,2,Parent attorney significant everybody.,Lose continue necessary economy. Continue trial process participant section ground. Beat different recognize item summer ability.,2023-12-06,35,True,Barranquilla,2025-05-20, Leisure ,,LegacySystem,2025-01-16 07:01:45,2024-11-04 22:00:49
H00682,Thompson-Lopez,,Ghent,Luxury Hotel,3,66,Free WiFi,Significant this cause. Prepare your science perform. Social affect call.,Historic Site,86.994216,-74.657455,https://wolfe-howell.com/,C0004722,Michael,Zamora,Michael Zamora,warejohn@example.org,001-826-327-9395x271,1971-08-05,F,Israel,Eilat,"514 Jacob Fort Suite 630, Eilat",CU 95564,fr,Bronze,2024-10-10,False,BKG_000000878,2024-02-08,2025-10-03,2025-10-15,12,2,2,1,double,3,Mobile App,Extra bed,True,2025-03-18,Hotel Closed,86.31,464.62,105.24,36.42,57.68,Failed,PayPal,TravelAgency,,34.66,2024-07-31 06:54:03,"Jan 32, 2025",API,Pending,REV_00000878,4,Effect cover ago rule within not artist seek.,Voice base let find. Reach base wish network wide ask stay. Worker science debate. Act rule interest risk day commercial.,2024-11-26,65, False ,Davao,2024-11-20,Solo,double,LegacySystem,2024-07-31 06:54:03,"Jan 32, 2025"
H00272,Francis LLC,Philippines,Makati,Business Hotel,2,369,Free WiFi,Worker foot resource four mouth. Catch country allow Democrat.,Historic Site,-35.041726,89.678765,http://www.beck.com/,C0001783,Regina,Glass,Regina Glass,amandamoody@example.org,,1963-06-17,F,France,Bordeaux,"031 Wilson Walks Apt. 772, Bordeaux",KA 41026,tr,Platinum,2022-11-19,True,BKG_000000879,2024-12-19,2025-12-02,2025-12-04,2,1,2,0,single,3,Mobile App,Extra bed,True,2025-07-22,Customer Request,851.2,1173.54,54.65,89.12,739.85,Pending,Credit Card,Direct,,183.23,2025-09-14 05:15:55,2025-06-06 20:59:17,USER,Pending,REV_00000879,1,Career sister accept imagine thank.,Pretty benefit eat off sport. Responsibility chance live price question. Anyone key learn. Investment tend even pattern with sell though.,2024-03-04,35,False,Washington D.C.,2024-12-03,Solo,double,MobileApp,2025-09-14 05:15:55,2025-06-06 20:59:17
H00815...,Garcia-Orozco,Netherlands,   ,Boutique,0,262,"Pool,Gym,Spa",Model stuff break. Accept PM final call rate image statement.,Historic Site,4.536679,69.442289,http://www.villa.biz/,C0000625,Brad,Gibson,Brad Gibson,brandy23@example.com,285-805-4785x7681,1972-08-05,M,Turkey...,Antalya,"57484 Hammond Tunnel, Antalya",QK 83653,en,,2024-08-01,False,BKG_000000880,2024-08-14,2026-08-05,2026-08-05,,1,2,0,single,3,Web,No requests,False,,,706.48,1017.4,176.22,71.05,353.64,Refunded,Credit Card,Booking.com,NO_PROMO,100.74,2024-03-02 20:38:27,2024-11-21 22:21:25,API,Pending,REV_00000880,1,Whatever various central national sister.,Back return within management serve and. Attack thus away music Mr research.,2025-01-21,85,True,Pretoria,2024-11-06,Solo,suite,MobileApp,2024-03-02 20:38:27,2024-11-21 22:21:25
H00158,Fuentes Ltd,Serbia,Subotica,Resort,1,341,--,Great spring son time. Cold accept long heavy.,Historic Site,-16.024054,176.945725,http://www.bennett.com/,C0003682,Diane,Christian,Diane Christian,susancox@example.org,+1-371-292-1306x00488,2005-06-09,Other,China,Hangzhou,"063 Palmer Route, Hangzhou",BE 53986,es,,2025-03-16,True,BKG_000000881,2024-09-05,2026-09-15,2026-09-26,11,1,0,1,double,2,Agent,Late check-in,True,2025-10-24,,497.04,737.61,,68.33,487.35,Refunded,Credit Card,Booking.com,PROMO837,107.05,2024-06-05 02:46:12,2025-02-22 06:54:22,SYSTEM,Cancelled,REV_00000881,5,Role attention drop speak price catch.,Watch prevent institution. Operation industry pay cause recognize author professor.,2024-02-21,46,False,___,2025-05-29,Couple,double,CloudBooking,2024-06-05 02:46:12,2025-02-22 06:54:22
H00815,"Conley, Miller and Lee",Israel,Eilat,Luxury Hotel,5,177,Free WiFi,Finish value meeting TV fire exist add. Really feel fear about coach.,Historic Site,-78.790343,75.081847,http://www.maldonado.com/,C0003184,   ,Cameron,    Cameron,kaylatorres@example.com,+1-428-309-2164,1979-08-15,Other,Switzerland,Geneva,"7824 Romero Unions, Geneva",ZV 80197,es,???,2025-05-20,True,BKG_000000882,2025-09-01,2026-10-28,2026-11-05,8,4,0,0,double,2,Mobile App,Late check-in,True,2025-07-02,Hotel Closed,896.66,1369.25,72.69,47.19,290.97,Pending,Credit Card,Airbnb,PROMO954,21.27,2025-06-06 22:38:47,2024-12-17 02:36:29,SYSTEM,Cancelled,REV_00000882,3,True may more pay capital during child.,"These far per loss summer. Every visit company possible husband same.
Available check husband edge why send technology probably. Ever western fight.",2025-04-02,59,False,Daegu,2025-01-18,Leisure,single,MobileApp,2025-06-06 22:38:47,2024-12-17 02:36:29
H00876,Wagner-Harris,Czech Republic...,Plzen,Boutique,2,,"Pool,Gym,Spa",Term describe half call feel. In husband our against reach pay man.,Shopping Mall,78.468955,175.066552,!!https://brown-moore.com/,!!C0000483,Victoria,Poole,Victoria Poole,@gmail.com,001-820-781-7776x52530,1980-01-14,Other,Switzerland,Basel,"8420 Garcia Expressway Apt. 038, Basel",AB 79714,en,Gold,2024-09-26,False,BKG_000000883,2025-04-21,2025-12-03,2025-12-05,9999,2,2,2,double,2,Agent,no requests,True,2024-12-30,???,1107.55,500.27,185.78,14.17,529.71,???,Debit Card,Direct,,177.92,2024-05-01 02:24:23,2025-07-17 17:49:53,AGENT,Pending,REV_00000883,1,Cell toward north.,"Civil low nice institution ten. Early in buy continue them.
Traditional bag different tree attack fight center.",2024-05-10,64,True,Venice,2024-12-21,Couple,suite,APIGateway,2024-05-01 02:24:23,2025-07-17 17:49:53
H00922,Sullivan-Ruiz,Croatia,Split,Boutique,4,109,Free WiFi,Detail decade require this early politics.,Shopping Mall,-12.538651,151.272092,https://www.ramirez.com/,C0003292,Michael,Abbott,Michael Abbott,angelakramer@example.net,001-919-960-9457x504,1980-04-03,M,United States,Washington D.C.,"45237 Jesus Mills Suite 020, Washington D.C.",AW 41468,en,,2025-05-04,True,BKG_000000884,2024-05-20,2025-03-28,2025-04-06,Five,,0,1,single,3,Mobile App,No requests,???,2025-08-06,,254.95,86.05,161.66,25.95,11.44,Refunded,Credit Card...,Expedia,NO_PROMO,197.67,2024-03-18 22:56:44,2025-04-23 06:29:45,AGENT,Confirmed,REV_00000884,3,Agency recent shoulder perform summer television recently.,Hot their senior way important economic.,2025-01-25,49,False,George Town,2025-03-04,Solo,single,LegacySystem,2024-03-18 22:56:44,2025-04-23 06:29:45
H00401,!!Carter Ltd,Brazil,Fortaleza,Business Hotel,3,218,"Pool,Gym,Spa",Fund cause memory billion provide research court. Anyone sea type nature pick hair.,Shopping Mall,-3.937869,25.814162,https://grant.com/,C0004648,Ashley,Wilson,Ashley Wilson,aswanson@example.org,001-567-579-3581x9671,1948-03-27,Other,Romania,Timisoara,"190 Christine Tunnel Apt. 066, Timisoara",TD 13860,fr,Silver,2024-09-27,False,BKG_000000885,2024-04-23,2026-02-17,2026-02-17,1,1,0,2,suite,3,Agent,Late check-in,True,2025-09-16,,156.45,696.73,34.09,61.55,142.87,Pending,Debit Card,Expedia,,84.3,2024-12-03 23:11:06,2025-10-15 18:01:25,API,Pending,REV_00000885,2,Country kind car really.,Forward above near recognize tend side play.,2025-05-07,57,True,Dubai,2025-10-20,Solo,double,CloudBooking,2024-12-03 23:11:06,2025-10-15 18:01:25
H00439,   ,Spain,Bilbao,Business Hotel,2,303,"Pool,Gym,Spa",Although various fly. Gas this name policy assume professor.,"Beach,Museum,Park",43.448396,29.381535,https://hernandez.net/,C0002837,Brian,Russo,Brian Russo,glendajames@example.org,001-814-248-4557x89162,1991-07-25,F,Finland,Helsinki,"62279 Lopez Ports Apt. 041, Helsinki",AD 10271,tr,Platinum,2024-06-23,False,BKG_000000886,2024-06-09,2025-12-25,2025-12-30,5,0,0,2,suite,1,Agent,Extra bed,False,,,1998.74,475.26,53.56,65.34,1849.89,Refunded,Cash,Airbnb,NO_PROMO,89.36,2024-09-19 10:12:49,2025-06-09 21:26:36,API,Confirmed,REV_00000886,3,Read condition generation message force performance out.,Film body avoid evening exactly top. Consumer choose item paper. Protect beat must money phone now find. Audience give yes do have control watch.,2023-12-08,73,True,Nairobi,2025-04-17,Solo,suite,MobileApp,2024-09-19 10:12:49,2025-06-09 21:26:36
H00909,Brown-Clark,Malaysia,Malacca,Boutique,4,199,Free WiFi,???,Shopping Mall,86.891178,82.192358,https://williams.info/,C0002817,Ryan, Mann ,Ryan  Mann ,francisco21@example.com,(699)736-9962,1991-10-15,M,Peru,Arequipa,"5436 White Lock Suite 845, Arequipa",HF 35950,en,Platinum,2024-07-11,False,BKG_000000887,2024-04-28,2025-04-25,2025-05-05,10,4,0,0,double,1,Agent,Late check-in,True,2025-03-09,Customer Request,,1187.01,16.66,92.15,0,Refunded,Credit Card,Airbnb,NO_PROMO,0,2024-10-11 16:40:00,2025-09-29 12:24:49,USER,Confirmed,REV_00000887,1,Traditional how bit trial however war various.,Here ready term rock same fish. Happen yes event series. Your theory during project in.,2025-09-01,67,True,Eilat,2025-01-19,Family,single,LegacySystem,2024-10-11 16:40:00,2025-09-29 12:24:49
H00100,"!!Navarro, Coleman and Sanchez",Philippines,Makati,City Hotel,5,39,Free WiFi,Understand cover and grow tough. Success play official cultural. Blood great expert bag clear.,"Beach,Museum,Park",3.217254,127.619672,https://www.hartman.com/,C0001481,,Lutz,None Lutz,william09@example.org,313-950-9962x046,1957-06-28,Other,Hungary,Pecs,"52063 Dalton River Apt. 737, Pecs",TO 28268,es,Silver,2025-02-25,True,BKG_000000888,2025-04-07,2024-11-12,2024-11-15,3,1,0,2, suite ,2,Mobile App,Extra bed,False,,,252.75,980.89,61.97,39.04,178.86,Paid,Credit Card,Airbnb,NO_PROMO,8.36,2024-01-09 18:12:41,2025-01-11 21:54:09,API,Confirmed,REV_00000888,2,Imagine Congress law attack list some these.,"Many type modern.
Chair decision health whole give decide. Finally hour couple phone network.",2024-12-27,79,True,Arequipa,,Family,single,APIGateway,2024-01-09 18:12:41,2025-01-11 21:54:09
H00753,Foster-Jones,United Arab Emirates,Abu Dhabi,Business Hotel,5,309,"Pool,Gym,Spa",Official authority heavy development want trial. Seat prepare law it building break.,Historic Site,-9.85577,131.91795,https://www.austin.com/,C0003166,Kimberly,simon,Kimberly simon,ashleyleon@example.net,+1-555-523-3332x75207,1995-11-05,Other,   ,Daegu,"6279 Allen Mission, Daegu",LX 26566,es,Platinum,2024-09-30,True,BKG_000000889,2024-12-11,2026-04-21,2026-04-25,4,1,3,0,suite,Five,___,,False,,,1363.83,143.81,247.3,5.24,621.39,Pending,Cash,--,,14.63,2024-04-09 21:58:00,2025-08-18 03:35:02,API,Cancelled,REV_00000889,3,Assume time maintain change.,"Blood simple challenge. Detail popular affect avoid question you.
Seem mouth meeting. Per quite never indeed public them.",2024-03-25,63,True,Toulouse,2025-10-11,Family,suite,CloudBooking,2024-04-09 21:58:00,2025-08-18 03:35:02
H00417,"Washington, Gates and Hampton",Belgium,Brussels,Luxury Hotel,2,40,Free WiFi,Poor modern case door customer choose daughter realize. Late spring market this few great.,Historic Site,-15.110922,121.26747,https://www.thornton-may.info/,C0003157,Alyssa,Barnes,Alyssa Barnes,ibrown@example.com,(509)343-7629x7935,2002-01-29,F,Poland,Warsaw,"8957 James Bypass, Warsaw",AL 77794,de,Platinum,2024-01-02,False,BKG_000000890,2024-08-03,2026-06-01,2026-06-10,9,4,1,1,suite,3,Agent,Late check-in,True,2025-03-11,,Five,564.21,224.68,9.88,0,Pending,Debit Card,TravelAgency,NO_PROMO,0,2024-05-28 07:38:49,2025-03-09 02:11:03,USER,Pending,REV_00000890,3,Write notice base able leave.,Least sound piece yet even. Director team once both.,2025-01-19,11,False,Alexandria,2024-12-16,Solo,double,APIGateway,2024-05-28 07:38:49,2025-03-09 02:11:03
H00816,Smith Ltd,Croatia,Zagreb,Budget Hotel,3,182,Free WiFi,Beat than feel interest. Truth along dream forward price popular alone ahead.,"Beach,Museum,Park",-82.982519,47.70622,https://ramos-curry.com/,C0002200,John,Ferguson,John Ferguson,,873-938-2823,1991-03-12,F,Ireland,Galway,"47287 John Spring Apt. 299, Galway",VP 72237,es,Bronze,2024-08-13,False,BKG_000000891,2024-06-08,2025-12-27,2026-01-08,0,4,1,2,Suite,2,Phone,Late check-in,False,,,377.02,238.61,90.22,49.53,0,Refunded,Cash,Expedia,NO_PROMO,112.84,2025-04-09 04:45:06,2024-12-22 00:53:53,API,Pending,REV_00000891,1,Quickly senior popular.,Stuff senior act feel third. Sound shake hair out involve into forget. Form line possible business letter factor son.,2024-03-29,9,True,Eilat,2025-06-24,Family,single,MobileApp,2025-04-09 04:45:06,2024-12-22 00:53:53
H00386,"Vang, Ruiz and Smith",United States,New York,Luxury Hotel,4,455,Restaurant,Boy morning happy ready. Board fear raise challenge. Save meeting win how stuff yard.,"Beach,Museum,Park",48.154115,-7.613414,http://www.graves.com/,C0003650,Tammy,Morgan,Tammy Morgan,harriskevin@example.org,397-952-4841x2915,1994-06-20,Other,Serbia,Subotica,"7961 Sean Vista Suite 781, Subotica",TN 54757,de,Silver,2024-01-26,True,BKG_000000892,,2025-04-21,2025-05-03,12,4,3,1,single,1,Mobile App,No requests,False,,,1378.63,629.16,98.79,26.36,,Pending,Cash,TravelAgency,,46.39,2023-11-03 11:39:44,2025-04-25 11:10:45,USER,Cancelled,REV_00000892,9999,Old remember money Mr imagine poor.,Quite few series day happy. Fly training until century over blue listen so. Day accept line race discuss.,2024-12-15,56,True,Presov,2025-05-09,Family,Single,APIGateway,2023-11-03 11:39:44,2025-04-25 11:10:45
H00401,Rodriguez Group,Switzerland,Basel,Luxury Hotel,1,323,Free WiFi,Phone full candidate weight mother. Or through perhaps state environmental stock though.,Shopping Mall,10.971654,22.336442,http://peterson.com/,C0004514,Adam,Howard,Adam Howard,iharris@example.org,2742254377,1991-05-08,M,???,Cancún,"7860 Reyes Garden, Cancún",AE 61079,es,Gold,2024-01-16,True,BKG_000000893,2025-07-08,2026-03-18,2026-03-27,9,1,1,2,suite,1,Phone,No requests,True,"Jan 32, 2025",No Show,1173.64,276.85,216.29,39.1,26.8,Paid,Credit Card,Direct,,107.44,2023-12-03 13:29:04,2025-08-02 00:22:10,USER,Pending,REV_00000893,3,Himself remain serious degree month beautiful.,Four religious home green yourself arm investment. Around could down manage.,2025-07-03,35,False,Bangalore,2025-06-10,Leisure,double,APIGateway,2023-12-03 13:29:04,2025-08-02 00:22:10
H00026,"Ellis, Fields and Johnson",South Africa,Cape Town,Budget Hotel,5,53,Free WiFi,Himself treat summer news. College bed spring product might.,Shopping Mall,24.152265,-46.134554,http://www.cox-lee.net/,C0000897,Stacy,Floyd,Stacy Floyd,cynthia83@example.com,(661)931-8318,"Jan 32, 2025",F,Slovakia,Bratislava,"45884 Lee Vista, Bratislava",PP 23946,fr,Gold,2024-12-19,False,BKG_000000894,2024-04-22,2026-05-07,2026-05-19,12,4,1,1,double,2,Web,Extra bed,True,2025-07-26,Hotel Closed,1364.39,163.07,277.92,88.54,272.86,Paid,Cash,Airbnb,NO_PROMO,183.47,2024-01-01 04:36:35,2025-04-10 09:37:36,SYSTEM,Pending,REV_00000894,2,Traditional social along.,Raise upon purpose later drop common. Want whether risk fund.,2024-04-10,Five,True,Shenzhen,2025-05-14,Solo,double,LegacySystem,2024-01-01 04:36:35,2025-04-10 09:37:36
H00712,"Best, Walters and French",Switzerland,Lausanne,Luxury Hotel,4,409,Restaurant,News oil staff watch car six floor.,Shopping Mall,10.912492,71.481401,http://davis.com/,C0002988,Wyatt,Lewis,Wyatt Lewis,jasonfrancis@example.net,477.868.4066x06551,1993-07-27,Other,Denmark,Copenhagen,"74053 Jennifer Court Suite 723, Copenhagen",AW 61769,en,Silver,2023-10-17,False,BKG_000000895,2024-08-24,2025-09-17,2025-09-17,1,3,1,0,single,2,Mobile App,No requests,False,,,1485.11,872.63,,7.74,865.7,Failed,Credit Card,Booking.com,PROMO846,170.5,2024-05-08 20:55:30,2024-11-18 20:38:44,AGENT,Pending,REV_00000895,4,,He factor onto media start kitchen property player. Front tend reason specific outside pull history. History idea role campaign national.,2024-06-16,95,True,Turku,2025-05-20,Business,single,MobileApp,2024-05-08 20:55:30,2024-11-18 20:38:44
H00845,Leonard and Sons,Netherlands,The Hague,Luxury Hotel,5,58,"Pool,Gym,Spa",Choice right month meet. Candidate you trip space.,Shopping Mall,81.878248,-164.445955,https://www.schaefer-cunningham.com/,C0003266,Elizabeth,Larsen,Elizabeth Larsen,jonathanwalsh@example.org,+1-520-262-0102x352,1984-11-30,Other,Australia,Sydney,"95822 Kyle Underpass, Sydney",CQ 58590,tr,Platinum,2023-02-26,True,BKG_000000896,2025-08-06,2026-08-31,2026-08-31,1,4,1,1,suite,3,Web,,False,,,124.9,1328.98,235.02,15.22,30.44,Paid,PayPal,Expedia,,36.8,2025-01-24 17:54:20,2025-06-08 00:02:39,AGENT,Pending,REV_00000896,3,Produce teach bar bad commercial of religious.,"Total analysis director late tend fast. Their its admit.
Concern run compare century mind building. Our care see what building research where.",2024-02-14,62,False,Phuket...,2025-06-17,Solo,double,APIGateway,2025-01-24 17:54:20,2025-06-08 00:02:39
H00549,"Dawson, Lambert and Dunn",New Zealand,,Boutique,4,389,Restaurant,   ,Historic Site,20.240119,,https://www.odonnell-king.com/,C0003705,???,FREEMAN,??? FREEMAN,burgessjuan@example.com,!!519.404.1310,2000-03-31,Other,Romania,Brasov,"15799 Joseph River Apt. 106, Brasov",JF 98643,en,Platinum,2023-10-31,True,BKG_000000897,2024-09-25,2025-09-21,2025-09-21,1,4,3,1,single,2,Phone,extra bed,True,2025-02-22,No Show,347.67,609.48,112.86,1.87,9999,Pending,Cash,Airbnb,PROMO508,143.0,2024-01-14 22:05:12,2025-04-05 05:28:48,AGENT,Confirmed,REV_00000897,5,Girl company might least.,"Kitchen window our growth smile another.
Look day include yard. Take lot consider well.",2025-07-12,29,False,Beijing,2024-11-11,Solo,single,APIGateway,2024-01-14 22:05:12,2025-04-05 05:28:48
H00983,Jones-Moore...,Argentina,Mendoza,Boutique,2,146,"Pool,Gym,Spa",American material put. Forward eat final benefit. Relate traditional team audience a compare carry.,Historic Site,-31.692726,92.278521,http://hunter.info/,C0001399,!!Sherry,Acosta,!!Sherry Acosta,peggy55@example.com,327.873.7057x13282,1974-05-31,F,Malaysia,Kuala Lumpur,___,pw 66891,fr,Bronze,2024-10-11,True,BKG_000000898,2025-10-20,2025-07-02,2025-07-06,4,2,1,2,suite,1,Agent,,True,2025-08-13,Customer Request,840.27,1357.51,187.27,Five,72.54,Refunded,Credit Card,Booking.com,PROMO487,126.68,2025-05-28 16:30:36,2025-10-24 16:12:10,SYSTEM,Pending,REV_00000898,3,Eight bad ground without.,Nation street worker close at main dream. Wait point boy certain. Get forget system on live message.,2024-07-27,44,False,Kisumu,2025-06-27,Business,single,LegacySystem,2025-05-28 16:30:36,2025-10-24 16:12:10
H00129,Carpenter-Zuniga,Peru,Arequipa,City Hotel,5,61,"Pool,Gym,Spa",Around environment rise hold benefit call improve. Physical manager commercial agent.,Shopping Mall,-40.157146,15.324719,   ,C0003314,Julie,Owen,Julie Owen,!!kprice@example.com,915.858.3706x7288,1988-05-21,M,Nigeria,Ibadan,"1511 Melissa Harbors, Ibadan",LC 89179,tr,Silver,2025-02-28,True,BKG_000000899,2024-12-02,2026-02-20,2026-02-24,4,,1,2,single,2,Web,,False,,,199.3,521.18,293.31,95.2,Five,Refunded,Debit Card,Booking.com,NO_PROMO,126.96,2025-07-24 05:18:37,2025-04-28 00:42:15,USER,Cancelled,REV_00000899,2,Option until people fish.,Concern top push computer expect election. Western also cultural performance method.,2024-03-31,97,True,Mumbai,2025-09-10,Leisure,suite,LegacySystem,2025-07-24 05:18:37,2025-04-28 00:42:15
H00427,"Matthews, Jennings and Jones",Philippines,Davao,Budget Hotel,2,70,"Pool,Gym,Spa",Perform rate month career force. Radio tonight big news mother morning.,"Beach,Museum,Park",67.19775,106.901144,http://www.lopez-manning.com/,C0001052,Rebecca,Rodriguez,Rebecca Rodriguez,ccardenas@example.net,001-288-448-2128,1961-08-30,M,Belgium,Ghent,"490 Humphrey Groves Apt. 048, Ghent",HU 50429,es,Bronze,2025-02-27,False,BKG_000000900,2024-05-23,2026-01-25,2026-01-26,1,1,3,0,single,Five,Mobile App,Extra bed,False,,,598.39,1196.63,266.85,13.3,338.85,Failed,Cash,TravelAgency,PROMO835,19.68,2024-06-29 08:33:47,2025-09-07 10:30:37,AGENT,Pending,REV_00000900,1,Hundred similar evening wait pressure.,Able usually far different station. Need soldier order view.,2024-11-15,68,True,Shenzhen,2025-01-27,Leisure,single,MobileApp,2024-06-29 08:33:47,2025-09-07 10:30:37
H00641,Mcdonald-Foley,France,Toulouse,Resort,4,199,Restaurant,Gun born every center statement scene stay. View maybe build health. Space experience ball.,Historic Site,-70.231364,-34.040808,!!https://melton.com/,C0004997,Michelle,Evans,Michelle Evans,ucline@example.com,359.721.1903x669,1967-07-28,M,Nigeria,Abuja,"3664 Robinson Spring, Abuja",PT 80446,fr,,2024-05-17,True,BKG_000000901,2025-03-22,2025-12-27,2026-01-05,Five,3,2,2,???,2,Mobile App,Late check-in,False,,,1879.72,761.71,17.33,65.41,1342.89,Failed,Cash,TravelAgency,PROMO382,113.35,2025-08-28 02:42:58,2025-04-12 13:18:47,SYSTEM,Pending,REV_00000901,5,???,Industry generation all move week five. Blood run throughout third glass.,2025-07-23,95,True,Bern,2025-07-07,Family,suite,APIGateway,2025-08-28 02:42:58,2025-04-12 13:18:47
H00343,,Hungary,Szeged,Luxury Hotel,4,254,Restaurant,Lot wait standard outside save view. Community thing before interesting various accept.,Shopping Mall,-3.042727,177.710713,http://www.brown-rhodes.info/,C0001957,Andrew,Mcpherson,Andrew Mcpherson,tina17@example.com,001-818-671-9376x4653,1995-04-25,Other,Philippines,Manila,"41921 Anthony Loaf, Manila",BF 19157,en,Platinum,2024-07-24,False,BKG_000000902,2024-04-13,2025-05-13,2025-05-24,11,3,0,1,double,1,Web,Late check-in,True,2025-09-24,Payment Failed,1953.14,911.79,282.36,93.68,879.08,Pending,Credit Card,Expedia,,117.31,2023-12-24 03:03:16,2025-08-15 14:26:56,API,Confirmed,REV_00000902,5,Director ready course smile draw party including.," Cause floor civil keep. Rock full hotel.
Everything leader floor million accept herself. Our daughter partner. ",2024-09-06,48,False,Queenstown,,Family,single,CloudBooking,2023-12-24 03:03:16,2025-08-15 14:26:56
H00720,Hart-Johnson,Bulgaria,Varna,Luxury Hotel,3,39,"Pool,Gym,Spa",Really yes deal time catch activity just. Kitchen animal others listen stand leave several.,"Beach,Museum,Park",-78.343052,-110.817857,https://marshall.org/,C0004198,John,Fox,John Fox,gdavis@example.org,606.432.5148x3275,1970-09-25,Other,Canada,Montreal,"9498 Amanda Ford Suite 557, Montreal",WQ 23323,,,2025-07-16,False,BKG_000000903,2024-03-26,2026-01-29,2026-02-07,9,4,2,2,double,3,Phone,,True,,Payment Failed,Ten,1163.46,38.0,70.64,0,Refunded,Credit Card,Booking.com,,0,02/30/2025,2025-10-29 02:10:52,AGENT,Confirmed,REV_00000903,-1,Still learn participant west between drop responsibility.,Officer example employee live avoid claim. Should style say series deep herself month.,2024-09-19,12,True,nitra,2025-09-29,Couple,single,CloudBooking,02/30/2025,2025-10-29 02:10:52
H00010,Anderson-White,Thailand,Pattaya,Business Hotel,3,246,"Pool,Gym,Spa",Let beyond station I cover. Big plant final mean check court.,Shopping Mall,17.995778,175.207761,https://johnson-collins.net/,C0004889,Edward,Mitchell,Edward Mitchell,mberg@example.net,(607)533-6739x4935,2005-07-03,F,Austria,Vienna,"81706 Bryan Fields, Vienna",AW 39433,en,Platinum,2025-05-24,True,BKG_000000904,2024-12-30,2025-03-17,2025-03-26,9,4,0,1,double,2,Agent,Extra bed,True,2025-04-15,No Show,1464.33,1416.23,-1,55.42,1317.13,Refunded,Cash,Expedia,,58.7,2025-07-19 06:09:29,2025-07-16 20:45:06,USER,Confirmed,REV_00000904,1,Through reveal evening share.,Thing just all serve be south he. Seat reach foot begin eight.,2024-12-04,89,True,Lisbon,2025-06-15,Couple,suite,CloudBooking,2025-07-19 06:09:29,2025-07-16 20:45:06
H00243,"Davis, Montoya and Fuller",!!New Zealand,Hamilton,Business Hotel,3,409,"Pool,Gym,Spa",Power actually check man entire near since. Cell tree mean difficult.,Historic Site,62.550894,107.765783,http://www.jones.com/,C0004397,David, Watson ,David  Watson ,gregorymitchell@example.net,001-860-782-0221,1996-11-04,F,Turkey,Antalya,"8783 Wheeler Courts, Antalya",DT 76092,fr,Bronze,2023-01-27,True,BKG_000000905,2024-06-12,2026-06-17,2026-06-29,12,1,1,1,single,2,Phone,No requests,False,,,1147.65,892.6,202.21,91.91,592.04,Pending,Credit Card,Direct,NO_PROMO,113.63,2025-07-25 17:21:06,2025-02-26 07:21:40,API,Confirmed,REV_00000905,5,White condition early tend deal.,Small discuss them put reach themselves. Season week my beautiful better kitchen. Conference rest one finish serious.,2025-07-17,98,True,___,2024-11-19,Solo,Double,CloudBooking,2025-07-25 17:21:06,2025-02-26 07:21:40
H00747,"Clarke, Mata and Guerra",France,Nice,Resort,3,367,Restaurant...,Trouble air happy red organization face common me. Seem look professor.,"Beach,Museum,Park",-32.24186,-124.179896,https://robinson.org/,C0003014,Jeffrey,Phillips,Jeffrey Phillips,obriendavid@example.com,000-000-0000,1968-08-15,M,Poland,Krakow,"77470 Martin Freeway, Krakow",LU 13006,fr,Gold,2024-05-07,True,BKG_000000906,,2025-10-23,2025-10-31,8,3,0,,double,3,Web,,True,2025-10-02,Customer Request,1068.92,1257.14,53.72,35.91,460.99,Pending,Debit Card,Expedia,PROMO883,105.84,2024-07-26 03:49:39,2025-10-15 04:09:31,API,Pending,REV_00000906,4,Identify hot significant kitchen.,Start determine student these. Challenge unit mission protect move test because.,2025-01-06,11,True,Johor Bahru,2025-06-18,Business,single,LegacySystem,2024-07-26 03:49:39,2025-10-15 04:09:31
H00957,"Byrd, Castillo and Campbell",Ireland,Galway,Budget Hotel,5,-1,Restaurant,On low receive member camera worry left. Sport energy eight girl.,Historic Site,-62.864247,,https://www.thomas.biz/,C0002033,Jason,Copeland,Jason Copeland,brittanycohen@example.com,530.581.2873,1982-04-07,M,Turkey,Bursa,"741 Fox Curve Suite 420, Bursa",VX 74657,fr,Silver,2023-04-24,False,BKG_000000907,2024-12-26,2025-08-19,2025-08-27,8,4,0,1,single,Five,Agent,No requests,True,2025-09-01,Customer Request,990.7,450.04,291.4,67.07,382.64,Failed,Cash,Airbnb,,150.02,2024-11-19 08:41:16,2025-02-23 19:05:32,USER,Cancelled,REV_00000907,2,Happy include international huge rather side she blood.,Enjoy already than. Act shoulder brother analysis close. Let sound national.,2025-04-15,30,True,Hue,2025-08-11,Leisure,single,MobileApp,2024-11-19 08:41:16,2025-02-23 19:05:32
H00738,"Browning, Welch and Glover",Nigeria,Abuja,Budget Hotel,3,35,,Very probably camera. Perform positive argue organization war.,Shopping Mall,-14.620323,-100.955716,http://lyons.com/,C0000293,Angela,Dickerson,Angela Dickerson,heather16@example.org,(295)370-5776x9379,1972-02-17,F,Nigeria,Abuja,"24636 Linda Square, Abuja",VB 95968,es,Gold,2023-01-21,True,BKG_000000908,2023-11-22,2025-11-02,2025-11-11,9,4,3,1,suite,3,Web,,False,,,1801.89,779.37,59.39,62.89,13.6,Refunded,Debit Card,Airbnb,,110.87,2024-11-02 22:38:07,2025-02-25 19:59:29,AGENT,Cancelled,REV_00000908,1,Middle writer big now measure somebody indeed hospital.,Admit despite take history ahead question score. Research voice drive real popular.,2025-09-15,91,False,Chennai,2025-07-12,Family,single,MobileApp,2024-11-02 22:38:07,2025-02-25 19:59:29
H00843,Vargas PLC,Malaysia,Kuala Lumpur,Boutique,5,346,"Pool,Gym,Spa",Particular star result even agreement friend. Indicate position star tell a wrong gas.,"Beach,Museum,Park",-81.6923,149.329112,https://lewis.biz/,C0002955,Jimmy,Bruce,Jimmy Bruce,daniel92@example.net,(483)857-2256,1972-09-19,M,Italy,Turin,"1781 Ryan Squares, Turin",XF 94248,es,,2023-11-04,False,BKG_000000909,2025-01-03,2026-01-16,2026-01-16,1,4,3,2,single,3,Phone,Late check-in,True,2025-02-26,No Show,135.52,503.79,9999,59.87,2.24,Failed,PayPal,Expedia,PROMO457,71.19,2025-10-21 18:03:37,2025-04-30 05:15:27,SYSTEM,Cancelled,REV_00000909,1,Especially include beautiful alone.,Space should camera gun involve.,2024-01-24,15,True,Bratislava,2025-08-26,Family,suite,APIGateway,2025-10-21 18:03:37,2025-04-30 05:15:27
H00059,Wells-Anderson,Sweden,Gothenburg,Resort,1,445,Free WiFi,May represent bad should cost unit. Miss hear only area street.,Historic Site,43.705082,-5.044233,http://mitchell-reynolds.com/,C0004333,Austin,Wilson,Austin Wilson,dfowler@example.org,298-437-6498x6594,1992-04-20,F,Australia,Brisbane,"07074 Christine Roads Suite 351, Brisbane",XE 31065,es,Silver,2025-02-16,True,BKG_000000910,2024-07-06,02/30/2025,2025-07-30,11,4,1,0,single,0,Web,No requests,True,2025-03-01,No Show,1564.28,989.41,23.21,95.99,285.62,Pending,Credit Card,TravelAgency,,143.9,2024-07-26 16:22:15,2025-08-18 02:28:38,USER,Cancelled,REV_00000910,1,Minute child range reduce.,"Month cost last smile reflect last agree. Whole admit process stuff bank white.
Person seven part. Look task center need. Yeah today artist ever.",2025-09-05,51,True,Malacca,2025-01-20,Business,suite,LegacySystem,2024-07-26 16:22:15,2025-08-18 02:28:38
H00318,Jackson-Parker,Argentina,MENDOZA,Boutique,3,456,Free WiFi,Large team measure friend suddenly. Kind executive side education from step look.,Shopping Mall,59.53279,141.064532,http://www.lopez.com/,C0001243,___,Jacobson,___ Jacobson,user@.com,829.398.7539,1968-06-05,F,United Kingdom,London,"85267 Peck Station, London",RP 56054,es,Gold,2025-05-13  ,False,BKG_000000911,2024-05-26,2025-11-23,2025-11-26,3,1,3,0,double,2,Phone,Extra bed,True,2025-09-19,Hotel Closed,1987.78,572.04,62.13,78.31,1624.04,Pending,PayPal,___,NO_PROMO,54.11,2025-07-04 11:11:42,2025-03-12 10:40:02,USER,Confirmed...,REV_00000911,1,Be accept place office school.,Peace edge camera adult yes star attention. Top reflect nearly skill million run relate production. Voice question reality people public message.,2025-10-19,87,False,Mexico City,2024-12-31,Business,single,MobileApp,2025-07-04 11:11:42,2025-03-12 10:40:02
H00889,Taylor-Barnes,Indonesia,Jakarta,Business Hotel,5,120,Restaurant,Off evening suggest. Will allow act industry commercial.,"Beach,Museum,Park",73.066506,-40.745506,https://www.wagner.com/,C0002471,Patricia,Malone,Patricia Malone,amarshall@example.org,232.488.5850x967,1997-11-04, Other ,Morocco,Rabat,"750 Edwards Rapid, Rabat",CT 91888,fr,Platinum,2023-06-22,True,BKG_000000912,2025-08-25,"Jan 32, 2025",2025-10-03,,4,0,0,suite,2,Web,Late check-in,False,,,205.49,1078.19,75.6,8.62,141.18,Paid,Debit Card,Booking.com,,,2025-06-17 19:23:27,2025-09-05 00:33:00,USER,Pending,REV_00000912,4,Instead relate crime boy network garden light school.,Month sound lose investment least send. Hot half task wall road happen.,2025-02-20,27,True,Glasgow,2025-01-17,Business,double,APIGateway,2025-06-17 19:23:27,2025-09-05 00:33:00
H00954,Larsen Group,Denmark,AARHUS,City Hotel,4,133,,By result give line. Plant American real.,"Beach,Museum,Park",-37.562254,126.081081,,C0003725,Tyler,Dudley,Tyler Dudley,davidmyers@example.com,+1-583-582-2279,1949-02-10,F,Netherlands,Eindhoven,"028 Lance Cape Apt. 573, Eindhoven",XI 32152,en,Bronze,2024-07-12,False,BKG_000000913,2025-10-04,2025-06-05,2025-06-14,9,4,0,1,,2,Mobile App,No requests,True,2025-06-18,No Show,304.42,9999,219.62,64.02,35.25,Refunded,Credit Card,--,NO_PROMO,56.99,2024-05-11 08:05:44,2025-07-15 20:58:43,SYSTEM,Confirmed,REV_00000913,4,Adult perhaps edge health once candidate know.,Area thousand speak audience reveal level sing. Stop lay blue note local evening always ten. Medical same blue foreign nice nation speak.,2024-11-05,100,True,Chiang Mai,2025-10-04,Family,single,APIGateway,2024-05-11 08:05:44,2025-07-15 20:58:43
H00174,Nelson-Buchanan,Switzerland,___,Resort,1,Five,Free WiFi,Level coach mind yet. Over site region already skin party.,Historic Site,,43.96744,https://www.robinson.com/,C0000909,Lacey,Jackson,Lacey Jackson,rhonda60@example.net,+1-614-753-5070x114,02/30/2025,M,United Kingdom,Glasgow,"1911 Jenna Manors, Glasgow",GE 90510,es,,"Jan 32, 2025",False,BKG_000000914,2024-08-03,2025-04-16,2025-04-27,11,3,3,2,suite,2,--,,True,2024-11-27,Hotel Closed,1787.87,1362.36,277.59,97.66,496.43,Pending,Credit Card,TravelAgency,PROMO358,180.58,2025-10-12 23:52:17,2025-01-01 14:21:23,API,Pending...,REV_00000914,5,Majority wife agency able painting knowledge.,"Eye dinner great notice.
Hundred arm its itself seek. Challenge wear later window.",2024-03-21,81,False,Mendoza,2025-09-15,Leisure,???,MobileApp,2025-10-12 23:52:17,2025-01-01 14:21:23
H00735,Jenkins LLC,France,Nice,Luxury Hotel,5,157,Free WiFi,Rule eye age expert baby still. Put no somebody expect.,Historic Site,0.525785,-11.652251,https://www.lawrence-villarreal.org/,C0001376,Latasha,   ,Latasha    ,cpeterson@example.net,+1-953-719-7904x11248,1979-06-22,F,Chile,Santiago,"936 Butler Mountain, Santiago",GA 45390,en,,2023-13-01,False,BKG_000000915,2025-04-25,2026-06-05,,13,3,3,0,double,1,Phone,,False,,,1696.2,1027.7,131.71,43.75,100.44,Paid,PayPal,Booking.com,,53.87,2024-11-21 00:48:49,2025-04-27 12:11:52,AGENT,Confirmed,REV_00000915,3,Reflect report miss.,"Another in cover represent.
Development agent police minute fast concern or. Wait development federal letter third service song.",2023-12-23,53,False,kuala lumpur,2025-03-21,Family,double,APIGateway,2024-11-21 00:48:49,2025-04-27 12:11:52
H00972,Ray Group,Canada,Toronto,City Hotel,3,324,Restaurant,Matter a take then. Every write last run glass seven.,"Beach,Museum,Park",-9.034249,94.320255,http://roberts.net/,C0002264,Carmen,Garcia,Carmen Garcia,tdelacruz@example.org,(965)667-3355x4985,1969-12-05,Other,Romania,Bucharest,"334 Baker Vista Suite 778, Bucharest",ES 44267,de,Platinum,2025-06-06,!!True,BKG_000000916,2025-06-06,2026-03-29,2026-04-10,12,3,0,1,double,1,Phone,...,False,,,666.48,250.13,227.03,0.55,-1,Failed,Cash,Airbnb,PROMO926,38.25,2024-05-24 07:55:48,2025-01-03 02:04:16,SYSTEM,Confirmed,REV_00000916,3,You above than chance relate type say.,Senior picture person few. Worry unit party draw off company live. Cup data college important. Small produce which road say everything.,2024-11-19,60,True,Surabaya,2025-06-12,Business,suite,LegacySystem,2024-05-24 07:55:48,2025-01-03 02:04:16
H00099,Smith Group,Poland,Wroclaw,Boutique,2,104,"Pool,Gym,Spa","Card environment throw write. Measure beat up main former.
Particular free help central sea.","Beach,Museum,Park",-39.587321,27.05262,https://www.diaz.com/,C0003638,Cynthia,Mathews,Cynthia Mathews,schwartzjonathan@example.net,9149814666,2005-03-27,Other,Japan,Hiroshima,"5630 Crawford Station, Hiroshima",IG 29527,tr,Silver,2025-04-02,False,BKG_000000917,2024-04-16,2026-07-26,2026-07-31,5,Ten,2,Five,double,2,Mobile App,Extra bed,False,,,986.64,40.54,145.2,75.85,871.68,Paid,Credit Card,TravelAgency,PROMO633,187.69,2024-10-30 15:10:09,2025-04-02 10:21:59  ,USER,Pending,REV_00000917,2,Important budget create produce value.,"Ask each financial form instead town maybe cup.
Bed short three until. City leader something amount finally part.",2025-10-07,14,False,Granada,2025-05-29,Leisure,suite,   ,2024-10-30 15:10:09,2025-04-02 10:21:59  
H00384,Booth-Nunez,Serbia,Belgrade,City Hotel,5,476,Free WiFi,Magazine attention accept appear husband. Wish behavior certainly face.,"Beach,Museum,Park",-51.186421,76.679116,http://tate.biz/,C0000468,Dustin,Day,DUSTIN DAY,maria83@example.org, (904)907-1733x2642 ,1997-01-20,M,Finland,Espoo,"38428 Ross Isle, Espoo",DL 82404,tr,Bronze,2023-13-01,False,BKG_000000918,2024-06-21,2024-12-18,2024-12-23,5,1,2,2,single,2,Agent,Extra bed,False,,,1943.6,118.83,218.74,45.65,0,Pending,___,Booking.com,PROMO130,160.54,2024-12-02 05:16:53,2025-03-11 05:02:19,SYSTEM,Pending,REV_00000918,4,Bag else various lead class newspaper prove.,Ask while describe man red next manager. Really participant they prevent out develop. Level entire matter itself focus.,2024-07-16,73,False,Bangkok,2025-07-25,Solo,single,,2024-12-02 05:16:53,2025-03-11 05:02:19
H00427,Smith-Bentley,Mexico,--,Boutique,2,29,___,Seek fast executive less other kind local. Water experience seven crime blood reach.,Historic Site,-14.807855,135.879125,https://www.brock.com/,C0002974,Kimberly,Welch,Kimberly Welch,!!gainesbecky@example.net,+1-431-372-9670x626,1951-11-15,Other,SOUTH AFRICA,Port Elizabeth,"336 Riddle Route, Port Elizabeth",   ,tr,Platinum,2024-02-27,False,BKG_000000919,2024-09-09,2025-12-27,2026-01-07,11,0,2,2,double,1,Agent,,True,2025-07-25,Hotel Closed,242.71,1468.63,9.35,10.81,29.39,Pending,Credit Card,Airbnb,,127.32,2025-09-06 02:07:24,2025-08-29 02:26:33,API,Confirmed,REV_00000919,2,Blood stay provide song his old head.,"Carry century current. Company record lay Mr face citizen.
Late authority offer very heavy. Early game compare a country suddenly.",2024-10-09,82,False,Edinburgh,2025-05-21,Couple,single,APIGateway,2025-09-06 02:07:24,2025-08-29 02:26:33
H00715,"Price, Butler and Fuentes",France,Toulouse,Resort,3,167,"Pool,Gym,Spa",Agency thousand federal through student loss debate though. At window blood office result change.,Shopping Mall,83.059439,66.204049,https://smith-king.net/,C0004023,Cynthia,Lopez,Cynthia Lopez, patriciawalker@example.net ,+1-547-903-5999,1964-03-22,F,Netherlands,Utrecht,"58744 Foley Center, Utrecht",TU 57944,en,,2023-12-30,False,BKG_000000920,2023-11-24,2026-09-23,2026-09-29,6,1,1,1,single,3,Web,,True,2025-10-30,Hotel Closed,710.94,1026.03,157.14,45.44,393.38,Failed,PayPal,Booking.com,NO_PROMO,95.96,2025-01-12 23:11:14,2025-07-21 20:54:59,AGENT,Confirmed,REV_00000920,5,Entire green under whether.,Well to Congress. Condition magazine out before.,2025-04-09,48,False,Adelaide,2025-08-09,Business,single,APIGateway,2025-01-12 23:11:14,2025-07-21 20:54:59
H00476,"Huang, Rice and Tapia",Peru,Lima,City Hotel,5,495,"Pool,Gym,Spa",List type relate material. Public interest thank democratic skin who task need.,"Beach,Museum,Park",17.933457,118.991318,https://french.com/,C0004673,Rebecca,Perez,Rebecca Perez,robinhale@example.net,,1963-03-09,Other,Poland,Krakow,"4391 Brianna Stream, Krakow",???,es,Bronze,2024-12-06,--,BKG_000000921,2025-02-02,2026-05-07,2026-05-20,13,2,1,0,double,3,Agent,Extra bed,True,2025-10-07,,908.09,434.09,161.21,74.61,869.29,Paid,PayPal,Direct,,150.71,2024-04-22 11:34:27,2024-12-10 14:01:25,USER,Pending,REV_00000921,4,Almost include couple a team Democrat.,,2024-04-16,-1,False,Bangalore,2024-12-27,Family,double,___,2024-04-22 11:34:27,2024-12-10 14:01:25
H00758,"Hill, Walker and Cox",Peru,Cusco,City Hotel,5,30,Restaurant,Become of dark do lot decade military. Box ground adult.,Historic Site,48.890388,-122.231901,https://edwards.com/,C0002948,Sandra,Banks,Sandra Banks,taylorjohn@example.net,6993902303,1971-12-30,Other,,Hyderabad,"9768 Guerra Plains, Hyderabad",AH 58378,fr,Platinum,2023-13-01,False,BKG_000000922,,2025-11-20,2025-11-29,9,2,3,0,single,1,Web,--,True,2025-10-15,,1156.62,728.69,109.65,94.56,719.2,Pending,Cash,Direct,PROMO701,87.52,2025-06-09 20:03:17,2025-06-21 08:33:17,AGENT,Cancelled,REV_00000922,4,Discover sing responsibility stop against society professor.,Measure daughter space perform. White letter hot argue especially true black. Meet deep against site risk remember process face.,2025-03-09,97,False,Birmingham,2023-13-01,Couple,single,LegacySystem,2025-06-09 20:03:17,2025-06-21 08:33:17
H00588,Hughes-Jones,Vietnam,Ho Chi Minh City,Budget Hotel,4,117,Restaurant,Stock director win member mouth simply thus. With most age environmental.,Historic Site,-20.308373,74.254221,http://www.gillespie.com/,C0004496,Christopher,Webb,Christopher Webb,nathanhoover@example.org,(804)803-9924x30274,1980-11-08,???,Sweden,Uppsala,"14606 Marcus Garden, Uppsala",TR 83214,tr,Silver,2024-03-31,False,BKG_000000923,2024-01-24,2026-03-14,02/30/2025,4,4,3,2,single,1,Agent,extra bed,True,2025-06-09,Payment Failed,1151.63,1443.02,51.61,11.0,-1,--,Credit Card,Direct,PROMO718,63.53,2025-09-19 00:05:08,2024-12-27 00:06:21,AGENT,Pending,REV_00000923,1,Population continue save human.,"International call mention dark might participant. Let worry choose chair.
Create piece eye. Pressure put save commercial fear.",2025-02-22,93,True, Lyon ,2025-08-06,Business,single,CloudBooking,2025-09-19 00:05:08,2024-12-27 00:06:21
H00339,"Mills, Bond and Cole",Austria,Innsbruck,Budget Hotel,5,162,Free WiFi,Look reveal response. Report blue many likely. Sing design focus serious pull simple.,Shopping Mall,-50.972789,146.853774,http://carlson.net/,C0000437,Rachel,norman,Rachel norman,melanielopez@example.com,833.971.3070x8162,1971-07-06,M,France,Toulouse,"815 Smith Pines Suite 327, Toulouse",BR 96707,fr,Gold,2025-09-26,True,BKG_000000924,2023-12-29,2025-05-23,2025-05-30,7,3,3,0,single,2,--,Late check-in,False,,,958.02,1109.63,33.89,80.69,583.77,Pending,Cash,Airbnb,PROMO969,117.75,"Jan 32, 2025",2025-03-17 02:22:38,SYSTEM,Pending,REV_00000924,5,North end experience tree glass travel color.,Lot only fight type partner box card. Best because international live left computer sing.,2024-10-23,48,True,Uppsala,2024-12-25,Solo,single,MobileApp,"Jan 32, 2025",2025-03-17 02:22:38
H00961,Lane Inc,China,Shanghai,City Hotel,1,29,Restaurant,Center some environment affect threat. Image than ok heavy who which.,Shopping Mall,48.495428,-97.34208,https://phillips.com/,C0002710,Angel,Cardenas,Angel Cardenas,joemurray@example.net,(933)363-6035,1980-06-17,M,Spain,Madrid,"39358 Timothy Burg Apt. 647, Madrid",ZQ 36643,fr,,2024-12-25,false,BKG_000000925,2024-09-24,2024-11-30,02/30/2025,7,1,3,2,double,2,Web,Extra bed,False,,,1662.59,1356.93,74.69,87.65,391.02,Failed,PayPal,Expedia,NO_PROMO,22.03,2024-01-17 00:12:31,2025-07-29 01:14:30,SYSTEM,Cancelled,REV_00000925,5,Building only compare college.,Score deal administration one both charge. Allow candidate heavy measure foreign simple box. Leave top someone card fight along.,2023-11-05,64,False,Cape Town,2024-11-28,Leisure,single,MobileApp,2024-01-17 00:12:31,2025-07-29 01:14:30
H00465,Haynes-Morrow,Sweden,Gothenburg,City Hotel,5,306,Free WiFi,Level make soldier theory sister. As any accept then idea fall.,HISTORIC SITE,-16.750348,130.729612,https://www.hodges-lopez.org/,C0002987,Theresa,___,Theresa ___,laurahanson@example.net,979.617.5995x018,2002-06-28,M,South Africa,Cape Town,"0049 Rachel Orchard Suite 455, Cape Town",AF 76103,de,Platinum,2025-01-12,False,BKG_000000926,2024-05-18,2026-08-06  ,2025-04-06,9,3,3,1,double,1,Mobile App,Late check-in,True,2025-02-13,,1637.52,963.67,274.43,59.38,398.28,Refunded,Cash,Expedia,NO_PROMO,84.16,2025-01-18 21:45:09,2025-04-07 04:04:10,USER,Pending,REV_00000926,3,Close shoulder offer employee reach.,Pm myself development somebody day real. Teacher ask get until me look. Office accept work law study.,2025-08-20,94,True,Aalborg,2025-07-19,Business,suite,MobileApp,2025-01-18 21:45:09,2025-04-07 04:04:10
H00929,Mitchell Group,Colombia,Barranquilla,Business Hotel,2,468,Free WiFi,Remain add identify across. Do decade inside religious every follow million your.,Historic Site,-1.94044,7.181191,http://www.wilkins.com/,C0003965,Jill,Marshall,Jill Marshall,swilliams@example.org,2094109724,1976-06-30,F,Thailand,Phuket,"4633 Elizabeth Mountains Suite 648, Phuket",OR 34960,tr,Silver,2023-04-25,True,BKG_000000927,2023-12-14,2025-11-08,2025-11-10,2,4,0,0,double,2,Web,,False,,,911.13,1219.73,68.85,17.57,834.84,Paid,Credit Card,Expedia,PROMO363,69.99,2024-09-17 20:19:07,2025-06-07 19:23:54,USER,Cancelled,REV_00000927,2,Everybody successful worker generation sport local.,Heart positive indicate stuff thank. Represent carry feeling care apply. Will everything movement audience that no office I.,2025-04-22,5,True,Cologne,2025-07-02,Solo,single,APIGateway,2024-09-17 20:19:07,2025-06-07 19:23:54
H00569,"Stewart, Walker and Aguilar",Austria,Salzburg,Business Hotel,5,384,Free WiFi,Their citizen natural office sit break which. Group peace car never it.,"Beach,Museum,Park",-51.956208,-45.766281,http://sanchez.org/,C0001811,Jeffrey,Harper,Jeffrey Harper,hornejanice@example.org,897-299-8724x1617,1986-03-01,F,Saudi Arabia,Riyadh,"7331 Melanie Bridge, Riyadh",MI 44178,???,Platinum,2025-05-20,False,BKG_000000928,2024-04-10,,2026-02-20,4,3,0,1,Single,1,Phone,,False,,,0,741.61,229.75,Five,0,Paid,Credit Card,Expedia,PROMO349,0.0,2024-01-13 00:28:48,2025-10-24 21:21:51,SYSTEM,Pending,REV_00000928,9999,Fine remember commercial.,"Performance possible method partner soon power main.
I television arm hot number suddenly control. Town brother book leg.",2024-12-17,45,False,Kosice,2025-07-09,Business,single,LegacySystem,2024-01-13 00:28:48,2025-10-24 21:21:51
???,"Welch, Porter and Castillo",Colombia,!!Medellín,Luxury Hotel,1,441,Restaurant,Them decade run avoid pattern. Cut from former thousand southern size ago.,Historic Site,84.370244,-13.703877,https://www.ho.com/,C0000552,Sandra,Gonzalez...,Sandra Gonzalez...,jessicagallegos@example.org,814.997.3138x16216,1995-10-19,Other,Nigeria,Lagos,"3304 Ryan Oval Suite 998, Lagos",MH 35723,es,Platinum,,True,BKG_000000929,2025-04-10,2026-09-12,2026-09-19,7,3,2,2,suite,2,Agent,No requests,False,,,468.91,919.36,25.57,42.0,66.24,Pending,Debit Card,Direct,PROMO364,83.39,2025-02-11 10:31:03,2025-08-31 21:45:13,AGENT,,REV_00000929,3,You sport figure.,"Control build senior environment. Head drive ask past beyond like draw.
Professor safe feel identify. Tonight million white together today defense.",2023-11-25,87,True,Braga,,Family,suite,APIGateway,2025-02-11 10:31:03,2025-08-31 21:45:13
 H00418 ,Brooks-Ward,slovakia,Presov,Luxury Hotel,5,219,Restaurant,Lay seek national.,Shopping Mall,5.41167,-2.284141,http://davis.org/,C0000798,Maria,Tyler,Maria tyler,cweiss@example.org,001-355-556-4871x759,1989-06-17,F,Vietnam,Hanoi,"454 George Ports, Hanoi",FX 66622,en,Platinum,2023-04-02,True,BKG_000000930,2025-05-07,2025-04-23,2025-05-05,12,4,1,1,single,2,Mobile App,,True,2025-06-08,Customer Request,275.93,1057.76,42.12,75.97,Ten,Pending,Credit Card,Booking.com,NO_PROMO,38.46,2024-08-01 00:49:44,2025-01-22 09:12:29,USER,Cancelled,REV_00000930,5,Personal bag Mrs dinner name.,   ,2025-02-12,48,True,Espoo,2025-06-12,Leisure,double,MobileApp,2024-08-01 00:49:44,2025-01-22 09:12:29
H00935,Taylor-Cooke,Ireland,Dublin,Budget Hotel,3,107,"Pool,Gym,Spa",,--,50.59635,32.85939,https://miller.com/,C0004180,Gerald,Crawford,Gerald Crawford,danasmith@example.org,8044822985,1988-03-07,F,Australia,Sydney,"6469 Shelia Forest Suite 262, Sydney",KY 30966,tr,___,2023-04-06,False,BKG_000000931,2025-06-06,2026-01-23,2026-01-27,4,1,-1,1,single,3,Agent,Late check-in,True,2025-01-31,No Show,200.41,328.14,177.39,37.01,116.73,Refunded,Debit Card,Direct,PROMO767,126.8,2024-04-10 07:58:00,2024-12-18 10:41:47,SYSTEM,Confirmed,REV_00000931,3,Direction former challenge once know ahead loss.,"Reveal skin hand might. Recognize main actually young best father argue.
Than city arrive.",2024-02-07,15,True,Johannesburg,2024-12-06,Leisure,double,MobileApp,2024-04-10 07:58:00,2024-12-18 10:41:47
H00947,Davis Ltd,Netherlands,Rotterdam,Boutique,4,478,Restaurant,Sing almost you board if. Time else so garden return every protect. Firm drug without treat.,"Beach,Museum,Park",-68.75818,174.945883,http://www.harris-orozco.com/,C0003325,Anna,Young,Anna Young,wilsonadam@example.org,512-215-5935x87685,1977-12-31,F,Spain,Seville,"21731 Martin Plains Apt. 455, Seville",LR 98661,de,Silver,2024-02-15,True,BKG_000000932,2024-05-24,2025-05-11,2025-05-16,5,4,1,1,single,1,Web,  ,False,,,58.97,59.91,122.28,33.74,45.59,Failed,Credit Card,,NO_PROMO,27.27,2025-08-02 16:43:18,2025-07-27 04:30:14,SYSTEM,Pending,REV_00000932,1,Only particularly fear school deep pattern manager bed.,Poor project indicate friend consumer thing treatment. Thought least material city from military standard.,2024-11-04,48,True,Belo Horizonte,2025-07-11  ,Solo,double,APIGateway,2025-08-02 16:43:18,2025-07-27 04:30:14
H00222,Boyer-Munoz,Switzerland,Bern,Boutique,3,484,Restaurant,Spring student actually language little accept interesting quality. Own rate trip boy.,   ,-69.136499,-1,https://www.callahan.org/,C0003479,Brian,Torres,Brian Torres,jenningsamy@example.com,001-911-685-7734x354,1982-10-25,F,Finland,Tampere,"19939 Alyssa Inlet Apt. 068, Tampere",UB 68821,en,Silver,2023-02-04,False,BKG_000000933,2024-11-26,2026-02-09,2026-02-15,6,2,3,,single,3,Agent,Extra bed,False,,,585.07,673.05,297.64,42.36,415.83,Paid,Credit Card,Expedia,PROMO209,156.12,2024-11-12 00:04:53,2025-02-12 09:03:38,USER,Pending,REV_00000933,4,Tv physical unit full.,Raise hour energy bad religious school political nice. Organization realize about along.,2024-07-14,90,True,Munich,2025-09-21,Family,single,LegacySystem,2024-11-12 00:04:53,2025-02-12 09:03:38
H00248,Jones Group,Singapore,Singapore,Resort,2,380,"Pool,Gym,Spa",Effort fund agent present. Skin produce woman ground.,Shopping Mall,39.580238,12.841642,https://crane.com/,C0004678, Mary ,Hoffman, Mary  Hoffman,rebeccabarnes@example.com,327.553.7391,1984-04-15,Other,Switzerland,Geneva,"7316 Thomas Overpass, Geneva",MT 78708,de,Silver,2025-01-22,False,BKG_000000934,2025-09-19,2026-05-04,2026-05-13,9,1,2,2,suite,3,Agent,   ,True,2025-05-29,___,1053.06,530.38,148.11,95.94,994.27,Failed,Debit Card,Airbnb,NO_PROMO,14.19,2025-01-27 06:22:19,2025-03-27 09:44:08,SYSTEM,Pending,REV_00000934,3,Size risk same authority tough church still.,Threat attention beyond before among responsibility far music. Rise sing area involve.,2023-12-27,45,False,Beijing,2025-08-09,Family,double,LegacySystem,2025-01-27 06:22:19,2025-03-27 09:44:08
H00276,Martinez Ltd,Ireland,Limerick,Resort,4,347,"Pool,Gym,Spa",The test customer story. Five discover market above affect new memory. Sport floor might eye.,Shopping Mall,-86.178099,-164.31041,http://www.ayala.net/,C0003076,Michael,Rogers,Michael Rogers,michaelschmitt@example.org,(980)852-4592,1988-05-10,F,New Zealand,Queenstown,"4533 Linda Vista Suite 019, Queenstown",KL 81426,de,,2024-06-25,False,BKG_000000935,2023-11-02,2025-04-23,2025-04-28,5,1,0,1,single,3,Web,No requests,True,2025-10-28,No Show,1696.69,911.11,135.05,26.71,844.21,Refunded,Cash,TravelAgency,!!NO_PROMO,31.64,2024-05-13 15:50:51,2025-04-22 10:33:59,AGENT,Pending,REV_00000935,1,Pick strategy church others central investment any our.,Follow guy safe Mrs win student why. Either shoulder approach man clear organization difficult.,2024-02-15,55,True,Hangzhou,2025-06-16,Couple,double,LegacySystem,2024-05-13 15:50:51,2025-04-22 10:33:59
H00587,Salazar-King,Portugal,Funchal,Boutique,2,139,Free WiFi,Win boy tax how study. Garden during central yard. Grow wear child do play.,Historic Site,-66.748284,135.325996,http://www.hill.com/,C0000355,Katelyn,Kelly,Katelyn Kelly,yoderdavid@example.com,(484)585-1970x4822,1963-05-04,M,Argentina,Rosario,"471 Michael Manor, Rosario",RG 65184,   ,,2025-02-06,True,BKG_000000936,2023-12-18,2026-03-16,2026-03-18,2,4,1,0,single,2,Phone,Extra bed,True,2025-10-07,Payment Failed,234.04,603.68,199.49,89.26,175.22,Pending,Credit Card,Expedia,PROMO882,194.31,2024-05-19 19:19:47,2024-11-14 07:41:35,SYSTEM,Cancelled,REV_00000936,4,Future yourself buy imagine.,Condition camera decision impact together tend available. Set student risk possible board.,2024-08-13,28,False,Geneva,2025-06-27,Business,single,APIGateway,2024-05-19 19:19:47,2024-11-14 07:41:35
H00227,Harris-Campos,China,Shenzhen,Budget Hotel...,5,97,,What water five staff as quickly or. Ability office positive actually.,Shopping Mall,84.596979,88.150071,http://www.bass-pierce.com/,C0004718,Steven,Moreno,Steven Moreno,sharonvelazquez@example.org,001-364-663-5964x4137,1992-11-15,M,singapore,Singapore,"361 Kimberly Pass Suite 103, Singapore",YD 86858,tr,Silver,2025-02-28,True,BKG_000000937,2024-02-29,2026-01-11,2026-01-23,12,1,0,1,double,3,Web,late check-in,True,2025-10-04,Payment Failed,878.92,141.15,283.19,24.34,376.92,Paid,Cash,TravelAgency,NO_PROMO,99.28,2024-09-16 08:18:45,2023-13-01,SYSTEM,Pending,REV_00000937,5,Stand Mrs hear big skill key.,Set guess education cut. Especially reach threat standard choice daughter. Then fly dog article I eye wear.,2025-01-11,9999,True,Cape Town,2025-05-15,Couple,suite,APIGateway,2024-09-16 08:18:45,2023-13-01
H00334,Mccormick Ltd,Egypt,Luxor,Luxury Hotel,1,497,Free WiFi,Between station key trouble. Fund fast yard name. Hand future word career public.,Historic Site,-17.13765,-109.064534,https://bush-lloyd.net/,C0001438,--,Mccall,-- Mccall,moorerachael@example.org,001-961-478-7313x8629,1962-06-06,M,Germany,Stuttgart,"71640 Macdonald Hollow, Stuttgart",EQ 23483,fr,Bronze,2025-04-11,True,BKG_000000938,2025-03-08,2026-08-07,2026-08-08,1,4,3,0,double,1,Mobile App,No requests,True...,2024-11-02,Customer Request,1074.55,78.82,216.64,14.32,,Refunded,PayPal,Airbnb,PROMO103,187.83,2024-03-06 06:19:56,2025-04-20 04:38:03  ,USER,Confirmed,REV_00000938,3,Majority college new sign result final election term.,Manage image film fish party drug. Water kind evening push thing off. Language Mr concern rock team account deep.,2024-02-21,96,False,Busan,2025-09-30,Leisure,double,APIGateway,2024-03-06 06:19:56,2025-04-20 04:38:03  
H00610,Wheeler-Stanley,Romania,Timisoara,City Hotel,3,213,Restaurant,Start report smile final manage example individual case. Grow recognize writer perform second.,Shopping Mall,87.532745,85.020281,https://www.walker.org/,C0002696,Amanda,Williams,Amanda Williams,!!maryscott@example.com,,1969-04-11,Other,India,New Delhi,"3173 Joseph Street Apt. 278, New Delhi",KM 69727,es,,2024-03-27,True,BKG_000000939,0000-00-00,2026-01-25,2026-02-07,13,1,3,1,--,2,Mobile App,Late check-in,True,2025-10-19,No Show,88.48,446.15,295.45,89.33,88.41,Refunded,PayPal,Booking.com,,Ten,2024-08-20 18:04:04,2024-12-22 13:03:36,AGENT,Cancelled,REV_00000939,3,But music particular money rule training reduce.,Stand thing charge. Color cost only. Reduce attention senior partner yeah room.,2025-03-29,57,True,Nis,2025-01-29,Leisure,suite,CloudBooking,2024-08-20 18:04:04,2024-12-22 13:03:36
H00320,Odonnell Ltd,Argentina,Córdoba,Budget Hotel,3,229,Free WiFi,Believe member true. Wait develop pass daughter spend. While direction small far central training.,"Beach,Museum,Park",9.18063,-100.108251,https://www.white.biz/,C0004144,Nicole,Logan,Nicole Logan,brenda57@example.org,001-715-981-9511,1947-12-17,M,Morocco,Casablanca,"9906 Tony Shoals, Casablanca",IF 25524,en,Platinum,2024-01-18,True,BKG_000000940,2025-05-20,2025-03-10,2025-03-19,9,4,3,1,single,3,Web,Late check-in,False,,,1076.19,343.03,10.25,63.66,745.75,Refunded,Cash,TravelAgency,NO_PROMO,93.09,2025-08-06 15:09:28,2025-06-16 23:46:25,--,!!Cancelled,REV_00000940,5,Enough car model defense everybody.,Store age position paper candidate clear watch. The current edge.,2024-03-01,51,False,Sydney,2025-04-08,Couple,suite,CloudBooking,2025-08-06 15:09:28,2025-06-16 23:46:25
H00022,"Richard, Mooney and Rivera",Brazil,Brasília,   ,5,143,Restaurant,Few kitchen child there trade. Television such boy per.,"Beach,Museum,Park",-13.345935,-143.180354,http://hall.net/,C0002025,Pamela,White,Pamela White,isutton@example.com,001-545-786-6001,2004-01-15,M,Morocco,Marrakesh,"8355 Edwards Bypass Suite 858, Marrakesh",DE 40677,en,Bronze,2025-03-08,True,BKG_000000941,2024-01-25,2025-05-19,2025-05-29,10,1,0,0,suite,1,Web,!!Extra bed,False,,,65.67,1026.73,95.45,78.93,2.53,Refunded,PayPal,TravelAgency,NO_PROMO,37.21,2024-07-20 03:32:16,2025-09-27 22:25:12,API,Confirmed,REV_00000941,4,Mother can per fall space meeting camera.,Have drive stuff research. Decade enough foot star act fact education. Radio through north continue it.,,37,False,Nice,2025-05-20,Couple,suite,CloudBooking,2024-07-20 03:32:16,2025-09-27 22:25:12
H00179,Pugh Inc,Portugal,Braga,Budget Hotel,1,432,,Industry carry political nearly too. Positive share rise character society right.,Historic Site,84.64766,-18.959174,http://hill.com/,C0000395,Bobby,Tucker,Bobby Tucker,david82@example.com,3554181642,1976-08-15,F,Serbia,Novi Sad,"3922 Michael Turnpike, Novi Sad",Hq 94682,???,,2023-10-28,False,BKG_000000942,2024-07-21,2026-05-20,2026-05-21,1,1,3,1,double,3,Web,Late check-in,True,2025-09-13,Customer Request,444.64,1083.0,141.39,-1,199.25,Failed,Cash,Direct,NO_PROMO,87.57,2024-10-14 04:34:56,2025-03-12 16:36:16,SYSTEM,Cancelled,REV_00000942,4,Form trouble themselves what if detail model.,"Arm worker election change professor. Among cultural parent.
Particularly your all notice. Body environment hospital.",2025-03-11,93,False,Antalya,2025-06-17,Couple,single,APIGateway,2024-10-14 04:34:56,2025-03-12 16:36:16
H00029,"Howard, Barton and Sullivan",Portugal,Lisbon,Budget Hotel,4,42,"Pool,Gym,Spa",One everybody deal focus national. Name cup force car how small involve forward.,"Beach,Museum,Park",-27.086164,-15.717443,https://www.carpenter.com/,C0002978,???,Russell,??? Russell,susanjohnson@example.org,(320)864-3103x2562,1961-06-08,F,Croatia,Rijeka,"127 Gonzalez Turnpike, Rijeka",TU 75177,de,Platinum,2023-08-21,True,BKG_000000943,2025-05-19,2025-05-28,2025-06-03,6,4,1,0,--,2,Phone,Extra bed,False,,,1352.55,847.33,39.36,99.3,169.19,Pending,Credit Card,Expedia,NO_PROMO,194.58,!!2024-11-22 21:10:28,0000-00-00,SYSTEM,Confirmed,REV_00000943,2,Collection their why four.,"Perhaps chance senior why require over program. Few history agent pull.
Adult together effort. Enjoy relate project suggest.",2025-05-31,100,False,Kosice,2024-11-22,Leisure,double,LegacySystem,!!2024-11-22 21:10:28,0000-00-00
H00553,Murphy-Cook,Czech Republic,Ostrava,Budget Hotel,0,116,Restaurant,Real city training father both board low scientist. Walk hot try item issue environmental.,Shopping Mall,-58.852028,58.697034,http://www.house-hughes.com/,C0002008,   ,Franklin,    Franklin,william18@example.com,+1-427-520-8563,1971-08-21,Other,United Arab Emirates,Sharjah,"683 Kathryn Rapid Suite 757, Sharjah",HM 87126,es,Silver,2023-05-26,True,BKG_000000944,2025-09-03,2025-04-01,2025-04-12,11,1,0,0,double,1,Web,No requests,False,,,67.62,1145.86,63.14,36.87,34.84,Paid,Cash,Airbnb,NO_PROMO,27.36,2024-11-14 18:35:09,2024-12-16 13:17:16,USER,Confirmed,REV_00000944,1,Evidence exactly choose those year discover.,Main exist affect kid. Fact continue table attack clear never. Treatment couple hospital state even foreign.,2025-07-12,88,False,,2025-04-24,Couple,double,MobileApp,2024-11-14 18:35:09,2024-12-16 13:17:16
H00525,Chase Inc,Italy,venice,Luxury Hotel,5,311,Restaurant,Own mind car. Billion three sometimes left seek boy. Stage long street score deep.,"Beach,Museum,Park",62.077205,177.160019,http://www.williams.info/,C0003263,Chris,Russo,Chris Russo,karagonzalez@example.org,470.963.5199,1965-07-23,F,Norway,Bergen,"26337 Smith Mountain Suite 406, Bergen",UJ 96560,en,Silver,2022-11-04,False,BKG_000000945,2025-05-07,2026-10-26,2026-11-02,Ten,4,1,2,single,3,Web,Late check-in,True,2025-07-14,Customer Request,437.66,910.2,46.34,83.63,27.93, Refunded ,PayPal,Booking.com,NO_PROMO,99.64,2024-06-18 17:04:38,2025-10-12 17:59:54,SYSTEM,Confirmed,REV_00000945,5,With brother deal step ten should street.,--,2025-06-28,38,True,Odense,2025-05-24,Business,single,MobileApp,2024-06-18 17:04:38,2025-10-12 17:59:54
H00875,"Davis, Koch and Johnson",Malaysia,George Town,Boutique,-1,203,"Pool,Gym,Spa",Head later such machine about against make majority. Art from billion. Hotel clearly concern party.,Historic Site,6.056259,-33.091427,https://www.foster-mcdaniel.biz/,C0000301,Kathryn,Anderson,Kathryn Anderson,taylorsamantha@example.net,206-996-7031,1991-07-19,F,Thailand,Phuket,"54319 King Rapids, Phuket",XN 81789,tr,Gold,2025-04-05,True,BKG_000000946,2025-10-04,2025-10-19,2025-10-24,5,4,2,2,double,3,Agent,,True,2025-08-26,No Show,1024.09,956.91,127.4,Ten,-1,Paid,PayPal,Airbnb,PROMO625,59.26,2024-11-22 16:26:14,2025-08-29 02:15:11,SYSTEM,Pending,REV_00000946,5,Along teacher president school protect.,"Garden lay picture debate us ground size along. Ask away nature exist. Finish professor eat later by.
Spring over finally stage.",2025-02-26,18,False,Buenos Aires,2025-05-23,Solo,suite,MobileApp,2024-11-22 16:26:14,2025-08-29 02:15:11
H00370,"Carter, Kirby and Benton",Egypt,Cairo,City Hotel,2,53,Free WiFi,Difficult other prevent series they already. So hotel professional week training yes member.,Historic Site,62.307862,-39.666801,,C0004407,Yvette,Benson,Yvette Benson,luis35@example.net,2772276102,1954-03-11,Other,Italy,Rome,"80887 cannon brooks, rome",TX 58120,de,,2023-05-24,False,BKG_000000947,2024-05-31,2026-06-01,2026-06-14,13,2,0,2,single,1,Mobile App,,True,2025-05-20,Customer Request,1128.84,240.66,178.37,42.2,154.61,Paid,Credit Card,Booking.com,,85.52,2024-11-29 08:42:04,2025-09-13 22:24:36,USER,Pending,REV_00000947,4,Deep then operation book.,Stage cover break nation student. Late front child left there future under. Call skin at build option money bit.,2025-09-13,9999,False,Ankara,2025-07-03,Business,double,APIGateway,2024-11-29 08:42:04,2025-09-13 22:24:36
H00259,"Wilson, Jones and Hopkins",Portugal,Lisbon,Resort,4,475,Restaurant,Part air where forward. Customer let everyone customer of.,Shopping Mall,2.881615,-113.759447,http://wilson.com/,C0003620,Jessica,Miller,Jessica Miller,stephanielong@example.org,692-544-5337x34727,1952-12-24,Other,Chile,Valparaíso,"03940 Joshua Village Apt. 779, Valparaíso",LC 53949,tr,Platinum,2025-04-20,False,BKG_000000948,2024-12-03,2026-05-20,2026-05-24,4,2,2,1,double,1,Web,Extra bed,True,2025-05-08,,1233.8,886.23,7.25,67.17,1090.81,Paid,Debit Card,Airbnb,NO_PROMO,109.06,2024-03-11 11:28:47,0000-00-00,AGENT,Pending,REV_00000948,3,Company enter kind reach each cold.,Section economy and kind. Author region arrive suggest.,2024-01-07,80,False, Kisumu ,2025-09-18,Business,single,CloudBooking,2024-03-11 11:28:47,0000-00-00
H00651,"Vasquez, Allison and Munoz",???,   ,Business Hotel,2,100,Free WiFi,I a popular performance say support defense. Tell less throw attention civil. Word too trip leader.,Historic Site,24.941651,60.37023,   ,C0004528,Brian,Martinez,Brian Martinez,hallsteve@example.net,001-609-541-8221,1990-06-02,Other,South Africa,Cape Town,"68708 Joe Streets Suite 194, Cape Town",HW 67796,en,Bronze,2025-01-14,False,BKG_000000949,2024-02-19,2026-10-17,2026-10-18,1,1,1,0,single,2,Agent,Extra bed,True,2025-03-17,No Show,1277.09,1208.02,96.42,19.58,152.54,Paid,Credit Card,Expedia,PROMO858,80.96,!!2025-03-17 13:37:27,2025-08-26 17:49:15,API,--,REV_00000949,3,Character long tell run view.,Unit decision tough others decision teach. Brother event special establish hundred base. Accept fine late make.,2024-04-23,31,False,Durban,2025-02-18,Solo,double,APIGateway,!!2025-03-17 13:37:27,2025-08-26 17:49:15
H00240,Guzman and Sons,Czech Republic,Prague,Business Hotel,4,367,"Pool,Gym,Spa",Have your discussion real news TV gun. Lay price which third response group indeed.,Historic Site,-4.821527,-55.221264,,C0004841,Christian,Cruz,Christian Cruz,alexmueller@example.com,000-000-0000,1984-08-16,F,Slovakia,Nitra,"672 Nixon Divide, Nitra",VK 44387,fr,Gold,2023-11-26,False,BKG_000000950,2024-07-17,2025-12-08,2025-12-18,10,3,2,1,single,,Web,No requests,True,2024-12-13,Customer Request,1829.19,1347.01,272.43,41.9,895.98,Failed,PayPal,TravelAgency,,101.16,2025-04-26 00:53:56,2025-06-02 22:52:21,SYSTEM,Cancelled,REV_00000950,1,Wind remain tell address job resource chair catch.,Note sport yeah these. Myself agent answer near. State page cost meeting.,2024-02-08,85,True,Rabat,2025-04-25,Couple,suite,APIGateway,2025-04-26 00:53:56,2025-06-02 22:52:21
H00896,Wiley LLC,Netherlands,Eindhoven,Luxury Hotel,5,333,Free WiFi,This before investment the camera. Day management fund husband administration art happy.,Historic Site,-56.503998,136.236091,http://www.fisher.com/,C0001589,Jeremy,Solomon,Jeremy Solomon,gouldluis@example.com,+1-757-249-9474x76861,,F,Kenya,Kisumu,"430 Timothy Rest, Kisumu",WV 35580,es,,2025-10-27,False,BKG_000000951,2025-01-02,2026-01-23,2026-01-23,1,2,2,0,double,2, Mobile App ,   ,True,2025-09-11,--,1642.84,708.66,232.54,37.28,1024.34,Refunded,Credit Card,   ,PROMO522,170.82,2025-07-16 17:57:05,2025-02-08 21:38:55,AGENT,Cancelled,REV_00000951,3,Pay bank your read member without property.,Meeting large deep anything anything receive often. Turn it day subject shake choice manager know. Rest reach order thought oil.,2024-10-12,52,True,Wellington,2025-02-15,Family,suite,MobileApp,2025-07-16 17:57:05,2025-02-08 21:38:55
H00373,   ,South Korea,Incheon,City Hotel,3,279,"Pool,Gym,Spa","Simply support maybe opportunity produce. Case face lawyer theory.
Dark nice step one.",Historic Site,-19.933787,40.667004,https://cantrell-martin.com/,C0004307,barbara,Howard,barbara Howard,erinjohnson@example.com,299-798-9148x6174,1958-02-21,Other,Japan,Osaka,"68276 David Heights, Osaka",WA 49941,en,,2025-05-15,False,BKG_000000952,2025-04-01,2025-07-02,2025-07-15,13,4,3,0,Single,1,Mobile App,,True,2025-03-10,Payment Failed,160.46,281.53,66.93,98.65,108.55,failed,Credit Card,Booking.com,PROMO371,133.21,2025-02-09 07:27:01,2025-02-03 12:34:31,API,cancelled,REV_00000952,5,???,Production change spring quickly if site measure page. Condition rather add something sea forward. Although remain although.,2024-03-13,,False,Quebec City,2025-05-03,Leisure,double,--,2025-02-09 07:27:01,2025-02-03 12:34:31
H00071,Oneal-Garcia,Argentina,La Plata,Boutique,2,130,Free WiFi,Open thank hear teacher water share. Manager home tax husband impact morning.,"Beach,Museum,Park",-60.355722,144.926364,http://www.miller-holland.com/,C0000088,Jose,Lara,Jose Lara,merrittkenneth@example.net,7883789727,1948-06-11  ,F,   ,Mecca,"14243 Taylor Vista, Mecca",SR 99529,de,Silver,2023-03-03,True,BKG_000000953,,2026-07-02,2026-07-14,12,2,1,1,double,3,Agent,Late check-in,True,2025-05-14,Hotel Closed,915.42,250.85,,17.33,Five,Refunded,PayPal,Airbnb,,84.68,2025-02-22 21:51:28,2025-07-20 22:25:47,AGENT,Pending,REV_00000953,1,,Plan too at free bring. Yard hard add hard rise.,2025-07-13,48,False,Ankara,2025-01-15,Solo,double,CloudBooking,2025-02-22 21:51:28,2025-07-20 22:25:47
H00272,Garcia Inc,United Kingdom,Birmingham,City Hotel,1,448,Restaurant,Last college respond town write bit cost. Always wind already remain.,"Beach,Museum,Park...",33.369493,36.167755,http://patton-harmon.com/,C0002641,Taylor,Morales,Taylor Morales,hudsonsamuel@example.org,632-250-2007,1974-08-22,F,Chile,Viña del Mar,"948 William Road Suite 596, Viña del Mar",AR 67952,tr,,2025-06-05,True,BKG_000000954,2023-11-27,2026-07-31,2026-07-31,1,3,3,2,single,1,Mobile App,,False,,,184.83,1036.23,60.94,93.56,0,Refunded,Credit Card,Expedia,NO_PROMO,98.44,2024-07-20 06:30:49,2024-11-08 01:45:11,SYSTEM,CONFIRMED,REV_00000954,4,Set federal media use whom effort above.,List trial professor else another concern indicate conference. Throw bar age adult travel indicate. Treat interview fund writer market.,2025-09-07,Five,False,Johor Bahru,2025-04-29,Leisure,double,APIGateway,2024-07-20 06:30:49,2024-11-08 01:45:11
H00654,Rodriguez PLC,Spain,Seville,Luxury Hotel,4,209,Restaurant,He speech create trip when standard. Food class maybe make result none. Evidence current reach.,Historic Site,35.43001,-113.887834,http://www.dudley.biz/,C0003276,Jordan,Rogers,Jordan Rogers,dustin85@example.com,001-726-398-8493x035,1988-01-11,Other,Bulgaria,Burgas,"059 Jacobs Rapids, Burgas",LI 53129,tr,Silver,2024-01-14,False,BKG_000000955,2025-06-11,2025-04-13,2025-04-26,13,3,2,2,suite,2,Web,   ,False,,,248.71,1328.35,143.78,0.25,124.48,Refunded,PayPal,Airbnb,PROMO109,87.87,2025-09-23 04:06:15,2024-12-10 00:43:24,API,Confirmed,REV_00000955,4,Perhaps adult indeed little product.,Station yes group store economy ready. Rock plan future join available well policy. Treat loss watch scene painting.,2025-06-23,15,False,Linköping,2025-06-15,Business,suite,CloudBooking,2025-09-23 04:06:15,2024-12-10 00:43:24
   ,Johnson-Johnson,Morocco,!!Rabat,Budget Hotel,5,247,"Pool,Gym,Spa...",Physical leg among because. As military trial professional change quite agreement.,Historic Site,-37.375582,-115.703595,http://www.miller.com/,C0002912,Jillian,Brown,Jillian Brown,zalvarez@example.org,221.672.0922x13768,1977-03-06,M,Hungary,Debrecen,"53281 Shelby Oval, Debrecen",VS 16450,fr,Bronze,2024-01-11,,BKG_000000956,2024-10-30,2025-11-10,"Jan 32, 2025",5,2,1,0,suite,2,Agent,Late check-in,True,2025-06-12,Hotel Closed,1359.86,945.01,298.62,40.53,549.91,Failed,PayPal,Booking.com,PROMO976,154.3,2024-11-14 07:35:51,2024-11-08 01:50:18,USER,Cancelled,REV_00000956,0,Nothing fight pressure possible stay.,Minute speak coach ground interview artist. Need peace store local. Ahead social population past detail.,2025-01-21,23,???,Berlin,2025-09-27,Solo,single,LegacySystem,2024-11-14 07:35:51,2024-11-08 01:50:18
H00341,Fuller Inc,Turkey,Izmir,Budget Hotel,4,255,Free WiFi,"Become off I.
Administration certainly page over such certain. Test attack maybe.",Shopping Mall,87.746519,-153.08678,http://dean.com/,C0004252,Robert,Stevens,Robert Stevens,rollinsmark@example.com,653-624-5990,2002-02-10,--,Argentina,Mendoza,"225 Lopez Manor Suite 999, Mendoza",LY 95556,tr,Gold,2025-06-10,True,BKG_000000957,,2024-11-24,2024-12-07,13,1,0,0,single,2,Mobile App,Late check-in,!!False,2025-07-16,,1166.53,643.44,159.73,Ten,1013.92,Paid,Credit Card,Airbnb,PROMO974,65.75,2024-03-01 13:01:22,2025-05-03 19:06:28,USER,Cancelled,REV_00000957,2,Character force beat which about Congress.,Purpose say expect only. Night economy form produce reason. Room finish brother no night father occur.,2024-03-27,35,True,Chiang Mai,2025-02-04,Couple,single,CloudBooking,2024-03-01 13:01:22,2025-05-03 19:06:28
H00969,Edwards-Hensley,Morocco,Rabat,Business Hotel,3,57,"Pool,Gym,Spa",Together must red my book.,"Beach,Museum,Park",-82.662502,-42.779892,http://www.parker.com/,C0002352,Lori,Larson,Lori Larson,amyrogers@example.org,+1-618-251-7950x12262,1990-10-17,Other,Netherlands,The Hague,"233 Brown Courts, The Hague",DL 54928,es,Bronze,2025-08-08,True,BKG_000000958,2024-06-28,2025-02-03,"Jan 32, 2025",9,1,0,1,single,2,Phone,,False,,,1588.39,108.64,28.17,72.11,328.45,Failed,Debit Card,Expedia,PROMO881,153.34,2024-08-23 00:05:46,2025-04-11 19:17:45,SYSTEM,Confirmed,REV_00000958,2,Carry huge party Congress quality.,Then without water protect ahead various. Speech watch without. Agent main wonder sometimes ago.,2024-10-28,12,False,Nitra,2025-08-14,Solo,double,CloudBooking,2024-08-23 00:05:46,2025-04-11 19:17:45
H00672,Kemp-Clark,Slovakia,Bratislava,Resort,2,22,Free WiFi,Community behavior line owner hold. Fear discover customer material.,Historic Site,-29.616336,-0.545407,https://www.ramirez.info/,C0001835,Anthony,Leonard,Anthony Leonard,uingram@example.org,617.894.0394,1989-03-13,M,Hungary,Pecs,"293 ADAMS CRESCENT SUITE 750, PECS",BR 77778,tr,Gold,2024-09-20,True,BKG_000000959,2024-10-13,2024-11-01,2024-11-06,5,3,1,1,suite,2,Web,Late check-in,True,2025-05-26,,1068.25,885.63,112.48,45.16,1054.48,Paid,Cash,Airbnb,PROMO433,31.7,2024-12-12 16:28:51,2024-11-12 18:30:57,SYSTEM,Confirmed,REV_00000959,5,Identify poor decision probably.,Son relate carry everybody minute. Trial writer or tend animal. Operation management often town debate.,2025-06-13,9,False,Belo Horizonte,2025-01-09,Family,single,LegacySystem,2024-12-12 16:28:51,2024-11-12 18:30:57
H00138,"Chandler, Baker and Santos",Turkey,Istanbul,   ,4,62,Free WiFi, Test husband right push growth rule. Billion simply rest throughout market. Expect hard investment. ,"Beach,Museum,Park",-39.70474,40.815017,https://www.green.info/,C0003537,Melinda,Ochoa,Melinda Ochoa,zacharybennett@example.net,(381)760-2007x90407,1989-01-15,F,Poland,Wroclaw,"7122 Elizabeth Hill, Wroclaw",PH 46991,tr,Bronze,2024-10-28,False,BKG_000000960,2024-05-13,2025-04-18,2025-04-24,-1,4,0,0,single,2,Web,,True,2024-12-15,Customer Request,811.08,401.07,20.84,82.76,375.59,Paid,PayPal,TravelAgency,,77.97,2025-01-16 06:58:06,2025-03-11 14:59:19,USER,Confirmed,REV_00000960,2,Season develop community.,Where total significant off life activity past. Board art common institution nothing citizen among. Capital white system recently then unit create.,2025-09-05,93,False,Fes,2025-08-30,Business,single,MobileApp,2025-01-16 06:58:06,2025-03-11 14:59:19
H00786,Carpenter Inc,Canada,Calgary,City Hotel,5,116,Free WiFi, Wind education later pull with visit. Memory common situation line lead true fight. ,"Beach,Museum,Park",0.675106,-81.52749,http://www.perry.com/,C0001661,Christopher,Shaw,Christopher Shaw,joseph99@example.org,(749)687-9852,1952-03-12,M,Australia,Brisbane,"51340 Guerra Stravenue, Brisbane...",YN 82213,de,Silver,2024-04-26,True,BKG_000000961,2024-02-03,2026-10-02,2026-10-02,1,3,3,0,double,2,Phone,Extra bed,,,,690.86,1383.36,192.57,21.77,11.39,Failed,Credit Card,TravelAgency,NO_PROMO,102.48,2024-11-21 02:02:43,2025-08-10 21:59:40,   ,Confirmed,REV_00000961,5,Return write plan realize above speak.,Test they staff. Beautiful game heavy edge.,2025-09-28,14,False,Singapore,2025-04-18,Couple,double,MobileApp,2024-11-21 02:02:43,2025-08-10 21:59:40
H00738,"Wheeler, Smith and Lee",United Kingdom,Birmingham,Resort,5,453,Free WiFi,"Behind use expert bag lot political. Action effort should call could.
How seat movement.",Historic Site,0.895264,-170.342123,https://collins-salas.com/,C0001709,Seth,Walker,Seth Walker,nwise@example.net,001-513-441-6335,1966-03-26,F,Chile,Valparaíso,"6040 Andersen Crescent, Valparaíso",JS 95310,tr,Gold,2024-02-13,True,BKG_000000962,2024-06-06,2026-07-10,2026-07-12,2,4,0,0,suite,1,Agent,Extra bed,False,,,1880.93,221.22,238.77,48.78,969.23,Failed,PayPal,Booking.com,NO_PROMO,17.81,2024-09-16 17:30:39,2024-11-10 22:12:38,USER,Pending,REV_00000962,3,OUT WITHIN REACH OFFICER ONTO PLAN SOME.,Share like game early thousand Republican resource least. Put seat study. Simply debate movie vote.,2024-10-20,66,False,Granada,2024-12-04,Couple,single,APIGateway,2024-09-16 17:30:39,2024-11-10 22:12:38
H00027,Oneill-Arias,Greece,Athens,City Hotel,4,56,"Pool,Gym,Spa",Interview specific anything keep. As protect development available which.,Shopping Mall,-50.656314,-178.458645,https://www.myers-nunez.org/,C0002317,Bethany,Hanna,Bethany Hanna,chelsea06@example.net,+1-475-627-2339,1987-09-24,F,Hungary,___,"92671 Day Neck Suite 824, Pecs",NM 86939,tr,Platinum,2025-01-20,False,BKG_000000963,2024-05-15,2026-03-19,2026-03-24,5,2,2,2,single,3,Mobile App,,True,2025-10-01,No Show,402.19,101.16,45.9,79.49,32.57,Paid,PayPal,Booking.com,NO_PROMO,-1,2024-03-05 16:02:05,2025-09-06 13:06:07,API,Pending,REV_00000963,5,Worry me voice rather.,Community we claim recent hit address upon. Far find listen she.,2024-08-23,91,False,Cluj-Napoca,2025-03-13,Business,single,MobileApp,2024-03-05 16:02:05,2025-09-06 13:06:07
H00700,"Mann, Jones and Mccall",Romania,Bucharest...,Boutique,1,184,Free WiFi,Service tree protect important. Officer art modern choice other.,Historic Site,-17.152567,-7.652799,___,C0000181,James,Paul,James Paul,castanedashane@example.org,666-814-3011x489,1988-06-02,M,Denmark,Aarhus,"4832 Steven Plains Apt. 314, Aarhus",VV 32366,fr,Silver,2023-10-01,True,BKG_000000964,2025-04-19,2026-01-27,2026-01-31,4,2,0,1,suite,3,Mobile App,No requests,False,,,1360.64,675.38,233.74,-1,905.97,Refunded,Credit Card,Booking.com,,15.44,2025-09-13 21:01:06,2025-01-16 04:02:37,USER,Pending,REV_00000964,1,Where system blue position prepare their choice.,"Hard push church as speak. Shake close still themselves easy.
Control else physical market cell. Few month final view throughout view speak.",2025-04-22,22,True,Cali,2024-12-13,Business,suite,???,2025-09-13 21:01:06,2025-01-16 04:02:37
H00513,Myers-Holmes,Sweden,Linköping,Resort,5,255,Restaurant,"His history collection idea. Style example bit.
Very hit paper him control although.",Shopping Mall,-10.870733,-117.932034,http://www.valentine-pope.biz/,C0001735,Kirsten,Lynn,Kirsten Lynn,tracymills@example.net,+1-818-285-5691x2173,1960-01-28,Other,Saudi Arabia,Riyadh,"4116 Mark Squares, Riyadh",NO 65587,tr,Gold,2025-03-30,False,BKG_000000965,2024-09-19,2025-07-05,2025-07-14,9,2,0,1,single,1,Agent,Extra bed,True,2025-09-17,Payment Failed,317.5,86.4,234.35,-1,152.89,Refunded,Debit Card,Direct,,27.46,,2025-10-21 08:36:04,USER,___,REV_00000965,3,Play force as herself cover traditional.,"Song inside film executive camera. Executive realize cold TV.
Support wrong result north threat young box.",2024-05-16,56,True,Lausanne,2025-08-25,Business,suite,APIGateway,,2025-10-21 08:36:04
H00962,Jones-Thompson,France,Lyon,Business Hotel,3,149,Free WiFi,Attack interest beautiful early.,Shopping Mall,-74.808675,-68.912135,https://www.higgins-cruz.com/,C0001277,Michael,,Michael None,george01@example.net,779-619-8488x1886,1945-11-08,Other,Denmark,Aarhus,"2293 Caleb Ford Apt. 362, Aarhus",JZ 63271,tr,,2023-12-30,False,BKG_000000966,2023-12-18,2026-05-08,2026-05-15,7,4,0,0,--,2,Mobile App,Extra bed,True,2025-08-07,Customer Request,886.47,1258.68,289.47,70.99,310.34,Paid,Debit Card,Expedia,NO_PROMO,141.09,2025-04-05 02:06:58,2025-01-06 16:12:53,SYSTEM,Pending,REV_00000966,5,Rest score nature enter class budget.,Sure city early religious. Exist say space later.,2025-05-20,64,True,Porto,2024-11-16,Couple,single,LegacySystem,2025-04-05 02:06:58,2025-01-06 16:12:53
H00858,Hernandez-Green,   ,Uppsala,Budget Hotel,1,226,Free WiFi,Safe provide fish five player. Contain information detail white.,Historic Site,33.140004,-168.993586,http://hall.com/,C0004651,Stacie,Perez,Stacie Perez,shawn46@example.org,001-705-807-0279x19659,1951-08-01,M,Morocco,Rabat,"205 Hoffman Hill, Rabat",XL 15217,tr,Silver,2024-05-28,False,BKG_000000967,2024-07-10,2025-06-15,2025-06-22,7,1,1,0,single,1,Phone,Late check-in,True,"Jan 32, 2025",No Show,1580.55,1493.59,68.07,95.61,1562.43,Refunded,Cash,Airbnb,,198.53,2025-09-30 08:18:30,2025-04-04 20:17:41,AGENT,Cancelled,REV_00000967,5,Firm name deep always.,Interest want sell suddenly drive. Huge decision economy ten. Which charge performance just.,2024-04-22,12,False,Bruges,2025-02-25,Family,double,MobileApp,2025-09-30 08:18:30,2025-04-04 20:17:41
H00686,Giles and Sons,Colombia,Barranquilla,Resort,1,494,"Pool,Gym,Spa",Power miss television language. Music be another long reach. Doctor a join word.,Historic Site,14.094311,121.745012,http://jones.com/,C0003657,Shawn,Hobbs,Shawn Hobbs,vwilson@example.com,(960)769-3667,1977-09-05,Other,United Kingdom,Birmingham,"755 Davis Trace Suite 467, Birmingham",HL 27269,en,Silver,2025-07-27,False,BKG_000000968,2024-01-03,2025-01-14,2025-01-15,9999,1,1,0,double,3,Phone,Late check-in,True,2025-03-02,Customer Request,528.35,1154.32,93.44,35.68,426.44,Failed,Credit Card,TravelAgency,NO_PROMO,181.15,2024-11-02 08:43:49,2025-02-17 01:56:51,AGENT,Cancelled,REV_00000968,3,Situation senior fly remain.,Whole TV other financial. Federal paper appear fish early. Government black point general fast leader medical.,2024-12-08,34,True,Monterrey,"Jan 32, 2025",Business,single,MobileApp,2024-11-02 08:43:49,2025-02-17 01:56:51
H00894,"Jenkins, Turner and Carroll",Peru,Trujillo,Luxury Hotel,4,236,Restaurant,"Learn course blue stand discuss.
Yeah over letter season. Involve around fear coach live never.","Beach,Museum,Park",-75.391443,88.727558,http://www.miller.com/,C0004518,Diana,Reid,Diana Reid,tiffany35@example.org,715.663.1930x8042,1960-11-13,Other,Italy,--,"1748 Patrick Garden Suite 793, Milan",JI 72253,fr,Bronze,2025-09-10,True,BKG_000000969,2024-04-29,2025-04-14,2025-04-21,7,3,2,0,double,2,Mobile App,Extra bed,False,,,1458.79,302.69,,48.95,Five,Failed,PayPal,TravelAgency, PROMO287 ,65.54,2025-07-19 08:59:25,2025-02-21 22:20:21,USER,Cancelled,REV_00000969,2,Her on position set feeling.,Too show decide wonder peace simply reason. Total it debate factor age charge human. Far add reveal red factor.,2024-05-27,57,True,Athens,2025-03-24,Leisure,single,CloudBooking,2025-07-19 08:59:25,2025-02-21 22:20:21
H00644,"Chase, Perez and Bailey",South Africa,Johannesburg,Boutique,4,179,Free WiFi,Perhaps message someone mean technology deal suddenly. Until story indeed full action hour million.,Historic Site,10.872125,-107.748293,http://www.coleman.com/,C0002093,Christine,Cummings,Christine Cummings,garzaelizabeth@example.org,534-320-0693x69832,2003-05-31,M,Kenya,Nairobi,"149 Betty Cliffs Suite 550, Nairobi",AK 52066,es,,2023-08-09,True,BKG_000000970,2025-09-21,2025-11-29,2025-12-02,3,4,Ten,-1,suite,1,Agent,No requests,False,,,318.62,550.98,76.7,9999,9.19,Failed,Debit Card,TravelAgency,NO_PROMO,63.97,2024-11-02 09:37:52,2025-09-30 17:10:42,API,Pending,REV_00000970,5,Feeling always likely able rule treat worker.,Black security include ready including cell. Term simple particularly hair suffer above.,2024-11-08,9,False,Perth,2025-07-04,Leisure,suite,APIGateway,2024-11-02 09:37:52,2025-09-30 17:10:42
H00388,Estrada-Wang,Belgium,Leuven,Budget Hotel,3,320,Free WiFi,Congress can wall speech pressure single. Affect popular woman government then front four.,Historic Site,21.487998,-9.614023,https://www.mills.com/,C0001881,NATALIE,Martin,NATALIE Martin,qmoore@example.org,(507)659-7866,1949-11-16,M,United Arab Emirates,,"145 Andrea Circle, Ajman",LX 83097,tr,Platinum,2024-08-17,True,BKG_000000971,2024-07-24,2026-07-08,2026-07-08,1,2,0,2,suite,2,Agent,,False,,,634.39,42.93,224.2,57.28,0.8,Pending,Debit Card,Expedia,,169.56,2024-09-07 21:00:39,2025-07-18 15:47:40,AGENT,Pending,REV_00000971,4,Value picture important.,Election suggest truth inside. Mother research night. Particularly after sing help likely home perform.,2025-10-29,33,False,Barranquilla,2025-02-06,Couple,double,MobileApp,2024-09-07 21:00:39,2025-07-18 15:47:40
H00071,"Brown, Boyd and Cook",United Arab Emirates,Sharjah,Business Hotel,Ten,178,Restaurant,Hand wall year eight kid create. Maybe view few Republican able.,Historic Site,38.931145,88.047726,https://www.gonzalez.com/,C0004377,Pamela,Kennedy,Pamela Kennedy,david78@example.com,(926)865-2080,1948-03-16,F,Romania,Cluj-Napoca,"1804 Hart Common, Cluj-Napoca",VW 59479,fr,Gold,2024-09-26,False,BKG_000000972,2024-04-22,2026-10-07,2026-10-13,6,4,1,1,single,2,Mobile App,No requests,True,2025-06-28,Payment Failed,1833.18,1457.95,230.12,61.99,36.98,Failed,Cash,Direct,PROMO797,33.76,!!2024-08-28 15:07:28,2025-07-03 16:20:02,SYSTEM,Cancelled,REV_00000972,3,Field bar remain how.,Public say month court measure certainly. Shoulder available less word century owner nature.,2024-11-14,45,False,Ho Chi Minh City,2025-03-15,Business,single,LegacySystem,!!2024-08-28 15:07:28,2025-07-03 16:20:02
H00208,Liu Ltd,United States,Chicago,Budget Hotel,4,335,Restaurant,Forward pull onto agree energy myself live.,Shopping Mall,61.417156,-100.557315,https://www.rubio.com/,C0000656,,Anderson,None Anderson,john82@example.com,(341)943-3632,1997-07-10,Other,United States,New York,"84687 Patterson Tunnel Suite 448, New York",OI 89893,es,Silver,2024-07-14,False,BKG_000000973,2023-11-20,2025-04-26,2025-04-28,,1,1,2,suite,2,Agent,Late check-in,True,2025-06-18,Customer Request,121.07,458.8,80.22,16.79,80.54,Failed,Debit Card,Expedia,,48.89,2025-02-20 07:03:08,2025-05-04 18:26:25,SYSTEM,Pending,REV_00000973,1,Change model sign through.,Respond idea manage teach million week many. Drug bag task weight and senior and. Quite heavy realize sit soldier statement more.,2025-06-21,0,False,Helsinki,2024-11-25,Solo,suite,APIGateway,2025-02-20 07:03:08,2025-05-04 18:26:25
H00044,"Gomez, Wilson and Velasquez",Germany,Stuttgart,Boutique,,429,!!Restaurant,Image personal writer forget. Against race son development foot hit she.,"Beach,Museum,Park",12.245562,-104.229575,https://dickson.com/,C0004900,Margaret,Jones,Margaret Jones,barbara28@example.com,,1955-12-26,F,Morocco,Marrakesh,"1497 Joseph Bypass, Marrakesh",ST 91134,tr,Platinum,2023-10-22,True,BKG_000000974,2024-07-12,2025-04-11,2025-04-23,12,2,3,1,suite,1,Agent,Late check-in,True,2025-07-28,Payment Failed,1629.26,67.24,99.54,33.86,Five,Pending,PayPal,Airbnb,PROMO205,57.4,2025-06-26 16:08:46,2025-07-06 03:35:20,SYSTEM,Cancelled,REV_00000974,2,When reflect whole have.,Cell research call less brother between. Throughout white black audience. Area get approach bring.,2024-03-22,73,True,Tampere,2025-03-06,Solo,suite,LegacySystem,2025-06-26 16:08:46,2025-07-06 03:35:20
H00496,Zimmerman-May,United Kingdom,Birmingham,Luxury Hotel,5,164,"Pool,Gym,Spa",No peace usually fill. Wrong training determine cover.,"Beach,Museum,Park",-70.765511,166.492673,http://paul-hicks.com/,C0004044,Jerry,Vega,Jerry Vega,lindsaybryan@example.org,953.682.4227x9484,2002-05-03,F,Argentina,--,"26309 Smith Plaza Suite 186, Buenos Aires",FL 43433,de,Gold,2025-01-02,True,BKG_000000975,2024-08-19,2025-04-07,2025-04-16,9,1,0,1,___,2,Agent,Extra bed,True,2025-09-16,Payment Failed,,413.4,Five,30.44,0,Pending,,Airbnb,,0,2024-10-24 21:59:25,2025-08-08 07:28:59,SYSTEM,Cancelled,REV_00000975,5,Low factor relate great son.,"Billion available allow high government.
Say day fine simply. Direction bed event agree actually item.",2024-08-23,18,False,Zurich,2025-05-24,Business,suite,MobileApp,2024-10-24 21:59:25,2025-08-08 07:28:59
H00553,Cummings-Oliver,Sweden,Stockholm,Boutique,1,367,FREE WIFI,Bank training short control small assume.,Shopping Mall,-70.13618,-2.519056,https://ferguson.org/,C0000160,Kelly,Wright,Kelly Wright,russell75@example.net,987.753.3117,1956-10-29,M,Japan,Hiroshima,"70770 Rodriguez Viaduct, Hiroshima",LN 90842,tr,Gold,2025-08-07,False,BKG_000000976,2024-09-28,2025-11-24,2025-11-27,3,3,0,0,suite,3,Mobile App,Extra bed,True,2025-10-12,   ,1650.41,969.59,183.08,39.82,759.26,Paid,PayPal,TravelAgency,,150.78,2023-11-08 08:16:51,2025-08-05 17:40:49,API,Cancelled,REV_00000976,1,Quite month body management.,Cultural American catch soon inside moment world. Arrive could reach.,02/30/2025,46,True,Manchester,2025-09-29,Business,double,APIGateway,2023-11-08 08:16:51,2025-08-05 17:40:49
H00613,"Mccoy, Crawford and Hamilton",Australia,Brisbane,Luxury Hotel,2,472,Restaurant,I either into bring number tree kid. Teacher in up summer operation front despite.,Shopping Mall,-43.542856,103.041861,https://www.lynch.com/,C0001131,Dana,Holmes,Dana Holmes,mary33@example.com,574.981.8545x145,1989-04-23,Other,Poland,Wroclaw,"49936 Robert Square, Wroclaw",TN 58207,en,Bronze,2025-01-25,False,BKG_000000977,2024-02-29,2025-08-21,2025-08-23,2,2,1,0,double,3,Agent, Late check-in ,True,2025-02-16,Customer Request,1970.0,1374.3,233.03,11.32,627.35,Paid,Credit Card,Booking.com,NO_PROMO,22.25,2024-10-04 00:15:36,2025-03-04 00:10:56,USER,Cancelled,REV_00000977,5,Middle at day important maybe seek morning.,"Challenge out certain form model. Charge born street organization.
Anyone shake other among write painting between food.",2025-06-28,79,False,Bratislava,2025-06-10,Business,suite,MobileApp,2024-10-04 00:15:36,2025-03-04 00:10:56
H00660,"Wilson, Wilson and Hicks",Ireland,Galway,Business Hotel,5,247,Free WiFi,Minute from under Mr serious. Her without argue protect administration evidence....,"Beach,Museum,Park",-45.414825,-127.750576,https://gomez-goodman.com/,C0004202,Shawn,Williams,Shawn Williams,harveymatthew@example.org,265.292.6808x8048,1980-12-17,F,Austria,Graz,"4524 Carter Orchard, Graz",XH 16489,tr,Silver,2024-05-10,True,BKG_000000978,2023-11-09,2025-06-01,2025-06-14,13,3,1,0,double,,Mobile App,Extra bed,True...,2025-09-02,No Show,-1,933.58,25.98,19.91,0,Pending,PayPal,Expedia,PROMO518,-0.13,!!2024-02-07 08:47:08,2024-12-16 09:00:57,SYSTEM,Confirmed,REV_00000978,2,Quality Democrat build put eight property director moment.,"Model with effort senior before. Outside high specific involve. Most through model measure face share.
Story wish may set law. Boy believe any.",2025-05-12,1,False,Ottawa,2024-12-27,Family,single,CloudBooking,!!2024-02-07 08:47:08,2024-12-16 09:00:57
H00754,"Griffin, Rowland and Ross",United Arab Emirates,Ajman,Boutique,3,444,Free WiFi,Determine gas treat buy cost. Happen throughout indeed goal.,Shopping Mall,79.650042,139.255193,http://www.stevens-dickson.com/,C0000340...,Teresa,Fuller,Teresa Fuller,tuckerderek@example.net,!!001-619-509-4753x695,1988-12-17,!!F,Australia,Adelaide,"947 Cruz Ford, Adelaide",WK 82001,de,,2023-06-20,False,BKG_000000979,2025-10-04,2026-08-21,2026-08-27,6,3,0,2,suite,2,Phone,Extra bed,True,2024-11-13,Hotel Closed,359.01,718.76,258.99,68.77,133.07,Paid,Cash,Airbnb, PROMO503 ,169.5,2024-08-18 23:40:07,2025-07-19 19:27:07,AGENT,Cancelled,REV_00000979,3,Significant administration nor resource summer ever.,"Her military because window.
She approach onto sell modern father thus where. Behind society size suggest do.",2025-09-19,-1,True,Bilbao,2025-10-19,Solo,suite,LegacySystem,2024-08-18 23:40:07,2025-07-19 19:27:07
H00155,"Johnson, Morris and Perez",Kenya,Nakuru,Luxury Hotel,5,228,Restaurant,Think forget world either change. No structure cost chance entire lose.,"Beach,Museum,Park",-78.716205,-18.326004,http://www.bridges-hardin.com/,C0004650,Richard,Brooks,Richard Brooks,fostersteven@example.net,848.747.0955x419,1990-06-10,Other,Colombia,Bogotá,"903 Wong Flat, Bogotá",VI 56762,tr,Bronze,2025-08-21,False,BKG_000000980,2025-08-01,2026-04-02,2026-04-08,6,2,0,0,suite,3,Web,No requests,False,,,664.68,549.65,78.85,56.54,Five,Pending,Credit Card,Expedia,PROMO729,85.44,2023-13-01,2025-01-19 03:04:17,AGENT,Pending,REV_00000980,3,Reflect bit base movement.,"Note big section.
Discuss environmental you power once. Matter home brother manager station.",2025-09-20,57,False,Ghent,2025-05-17,Leisure,suite,CloudBooking,2023-13-01,2025-01-19 03:04:17
H00325,"Levine, James and Garrett",Malaysia,George Town,Business Hotel,1,73,Restaurant,Performance activity add must. Thousand nation top star letter within same.,"Beach,Museum,Park",-78.793449,139.082646,http://burch.com/,C0002334,Jacob,Wright,Jacob Wright,stevenhoward@example.org,998-542-8248,1971-05-17,F,Italy,Naples,"064 Kelli Cliff Apt. 896, Naples",HI 25579,tr,,2023-02-07,True,BKG_000000981,2024-10-02,2024-11-15,2024-11-24,9,4,0,1,suite,2,Mobile App,No requests,False,,,1967.93,1174.22,9999,7.9,103.23,Paid,Debit Card,Booking.com,PROMO891,140.47,2024-07-31 11:49:29,2024-11-04 04:53:07,SYSTEM,Pending,REV_00000981,-1,Address cold run.,Success subject necessary region push senior. Old pull model walk. Water every matter represent political political performance.,2025-01-16,35, True ,Seoul,2025-06-25,Family,suite,APIGateway,2024-07-31 11:49:29,2024-11-04 04:53:07
H00557,Garcia Ltd,Japan,Hiroshima,Resort,1,32,"Pool,Gym,Spa",,"Beach,Museum,Park",-38.645579,-100.350148,https://www.nolan.net/,???,Jessica,Thomas,Jessica Thomas,,,1990-07-18,M,New Zealand,Wellington,"36318 Barron Ridges, Wellington",___,fr,Platinum,2023-09-09,True,BKG_000000982,2024-11-26,2026-01-28,2026-02-04,7,3,1,2,single,1,Phone,No requests,True,2025-07-16,No Show,1033.51,1315.46,34.1,84.21,645.95,Pending, Debit Card ,Booking.com,PROMO596,26.67,2025-07-16 18:54:14,2025-06-15 19:02:36,SYSTEM,Pending,REV_00000982,4,Condition media on top enter ground possible.,Listen decide finally civil. Yourself night political go. Right position nature population similar need.,2023-12-17,Ten,True,Buenos Aires,2025-03-22,Couple,suite,CloudBooking...,2025-07-16 18:54:14,2025-06-15 19:02:36
H00020,"Bennett, Thompson and Escobar",Philippines,Davao,Resort,5,179,"Pool,Gym,Spa",These appear study stuff smile. Eight soldier left happy.,Historic Site,Ten,-40.748139,http://www.franklin-frank.com/,C0000677,Alisha,Mcdowell,Alisha Mcdowell,christinelopez@example.net,7605260239,1976-06-07,F,Philippines,Cebu,"141 Ramirez Island, Cebu",IM 87971,de,,2024-10-29,True,BKG_000000983,2025-05-17,2025-07-25,2025-08-03,9,1,0,2,suite,2,Mobile App,No requests,False,,,826.97,1041.82,220.87,34.28,-1,Refunded,Debit Card,TravelAgency,,17.73,2024-12-30 03:49:03,2025-04-14 03:05:49,SYSTEM,Pending,REV_00000983,4,Eye reach six.,Worry these matter great. Evidence staff government. Participant it threat low.,2024-08-02,62,True,Johor Bahru,2025-09-22,Business,double,MobileApp,2024-12-30 03:49:03,2025-04-14 03:05:49
H00985,"Anderson, Wilson and Khan",Morocco,Rabat,Boutique,4,,"Pool,Gym,Spa",Travel difference history describe idea.,"Beach,Museum,Park",-36.735446,67.959019,https://www.hinton.info/,C0000306,Michele,FOSTER,Michele FOSTER,awilliams@example.com,(462)867-5763,1987-01-11,Other,Australia, Adelaide ,"68689 Mcgee Causeway, Adelaide",SP 34687,???,Silver,2024-11-27,True,BKG_000000984,2024-03-07,2025-05-04,2025-05-10,6,4,3,2,suite,1,Agent,Late check-in,False,,,550.13,310.7,52.0,,400.69,Refunded,PayPal,Expedia,,185.4,2024-07-09 16:42:14,2025-10-06 08:11:01,AGENT,Cancelled,REV_00000984,5,Task choice season join not wonder life.,Product loss cultural instead. Crime fight beautiful issue provide partner truth.,2024-10-23,,True,Plzen,2025-05-27  ,Solo,!!single,MobileApp,2024-07-09 16:42:14,2025-10-06 08:11:01
H00499,Duran Group,China,Shanghai,Budget Hotel,2,153,Restaurant,Exist base help eight. Race drug middle history red listen. Why involve music eight why whom.,"Beach,Museum,Park",32.886336,91.374048,https://camacho-myers.com/,C0003864,Bryan,Jackson,Bryan Jackson,garciajeffrey@example.net,+1-945-510-9773x858,1979-11-20,F,Italy,Milan,"83435 victoria harbor suite 928, milan",WY 16562,fr,Bronze,2023-02-24,True,BKG_000000985,2024-08-19,2026-09-30,2026-10-02,2,4,1,0,single,2,Phone,Extra bed,False,,,178.47,370.86,192.78,30.07,117.01,Paid,Debit Card,Expedia,PROMO101,102.83,2024-12-25 19:21:28,2024-12-25 00:07:21,API,Cancelled,REV_00000985,4,Ready phone age mind outside.,Appear whom pull yard. Heavy poor law. Move look there speech answer offer marriage.,2024-12-19,27,False,Casablanca,2025-10-13,Solo,single,LegacySystem,2024-12-25 19:21:28,2024-12-25 00:07:21
H00410,"Jones, Rich and Bryant",Australia,Sydney,Luxury Hotel,Ten,389,"Pool,Gym,Spa",Up scene behavior though size success when. Character yet picture life discussion.,Historic Site,-83.347593,-159.751899,https://www.foster.org/,C0002058,Marcus,Dominguez,Marcus Dominguez,abaker@example.com,001-901-723-5373x1261,1992-07-10,???,Portugal,Coimbra,"32199 Raymond Port Suite 279, Coimbra",HO 95964,es,Gold,2024-05-24,True,BKG_000000986,2024-10-13,2024-12-28,2024-12-28,1,4,1,2,double,3,Mobile App,No requests,False,,,1622.26,336.69,67.71,65.29,1157.64,Failed,PayPal,Booking.com,PROMO751,194.12,2025-01-18 06:28:44,2024-12-04 03:32:42,SYSTEM,Pending,REV_00000986,4,Worker imagine able admit commercial relate above.,Your former maintain raise relationship federal one. Officer each yes about ok.,2025-06-30,8,True,Presov,2025-06-10,Family,single,LegacySystem,2025-01-18 06:28:44,2024-12-04 03:32:42
   ,"Hayes, Rodriguez and Anderson",Singapore,Singapore,Resort,1,414,Free WiFi,Kid others visit bank physical history. Begin through hundred cut but learn successful force.,Shopping Mall,-58.088724,-11.727277,http://www.wade.com/,C0002791,Hannah,Lopez,Hannah Lopez,michele20@example.net,(556)707-5569,1985-11-04,M,Germany,Frankfurt,"0827 Sandra Bypass Suite 675, Frankfurt",ZE 29767,en,,2024-09-26,True,BKG_000000987,2024-05-16,2026-08-09,2026-08-20,11,,1,1,suite,1,Web,Late check-in,False,,,874.07,186.57,231.13,86.8,9999,,Debit Card,Direct,,9999,2025-01-10 15:29:01,2024-12-24 01:12:51,SYSTEM,Cancelled,REV_00000987,2,Whole learn way forward arrive.,Form arrive type three perhaps. Because region area close food million quite. Decision save cell easy TV.,2025-07-02,67,True,Brno,2025-06-28,Couple,suite,MobileApp,2025-01-10 15:29:01,2024-12-24 01:12:51
H00124,Baker Ltd,United Kingdom,Manchester,Luxury Hotel,4,265,Free WiFi,Make sea Congress bar. Hear section our collection treat. Never off clear heavy front animal whose.,Historic Site,33.845288,-36.464384,https://lucas.net/,C0002974,Jennifer,Bishop,!!Jennifer Bishop,noahgarrett@example.com,4223644584,1955-07-25,Other,Egypt,Luxor,"12098 Woods Harbor Suite 040, Luxor",WB 91925,de,Platinum,2024-07-09,True,BKG_000000988,2025-05-09,2026-03-11,2026-03-19,8,1,1,0,suite,3,Phone,,True,2024-12-07,,1157.55,1058.55,279.78,59.84,,Failed,PayPal,Booking.com,PROMO804,149.8,2024-08-15 03:48:59,2025-07-16 05:24:23,USER,Cancelled,REV_00000988,5,Condition even fast allow kid couple.,Follow fact myself school value. Score resource talk understand me career. Person senior rather certainly your.,2024-03-22,30,False,Malacca,2025-04-30,Solo,suite,APIGateway,2024-08-15 03:48:59,2025-07-16 05:24:23
H00907,Matthews-Gomez,United Arab Emirates,Dubai,Boutique,5,290,"Pool,Gym,Spa",Miss PM serious none finish nation behind. Quality recent pull some third.,Historic Site,-24.761204,-149.753875,http://oconnor.com/,C0004800,Richard,Adams,Richard Adams,michaela78@example.org,434-764-1154x34213,1977-10-02,F,Mexico,Monterrey,"0764 Keith Crescent, Monterrey",ZL 39685,de,Bronze,,False,BKG_000000989,2024-02-06,2025-07-17,2025-07-25,8,4,2,2,double,1,Mobile App,No requests,False,,,1791.59,-1,124.61,3.83,1259.47,Pending,Cash,Direct,NO_PROMO,135.94,2023-12-24 21:10:12,2025-11-01 09:20:37,API,Pending,REV_00000989,5,Must meeting case of could share thousand know.,Series attention prove poor skin step.,2025-05-15,70,True,Eilat,2024-11-29,Solo,suite,MobileApp,2023-12-24 21:10:12,2025-11-01 09:20:37
H00581,"Pitts, Calderon and Charles",Netherlands,Utrecht,Budget Hotel,2,28,"Pool,Gym,Spa",Assume rise fast bill city institution behavior group.,Shopping Mall,70.689703,-88.427651,https://www.palmer.biz/,C0004251,Alexander,Wright,Alexander Wright,romanchristine@example.net,+1-892-937-3565,1981-10-19,M,Singapore,Singapore,"974 Camacho Forges Apt. 141, Singapore",EJ 87824,es,   ,2024-02-23,False,BKG_000000990,2024-07-17,2024-12-29,2025-01-10,12,1,0,1,single,3,Web,,True,2025-03-28,Customer Request,1057.08,1278.56,28.7,65.57,678.25,Paid,Credit Card,Direct,,31.58,2024-04-12 19:43:58,2025-09-26 12:57:52,SYSTEM,Pending,REV_00000990,3,Clearly others style.,Yes life good training same. Any stand security around cost. College deal think begin everything blood design traditional.,2025-03-11,53,False,Malacca,2025-03-12,Solo,single,APIGateway,2024-04-12 19:43:58,2025-09-26 12:57:52
H00768,,Belgium,Leuven,City Hotel,4,143,Free WiFi,Before factor note every long yourself. Study money consumer professional commercial.,Shopping Mall,89.397094,141.538349,http://www.herrera-saunders.com/,C0000710,Katelyn,Bennett,Katelyn Bennett,martinezanthony@example.org,001-853-304-1367,1967-03-10,F,China,Chengdu,"243 Ashley Avenue, Chengdu",WZ 99283,tr,Silver,2024-06-06,False,BKG_000000991,2024-02-21,2026-10-18,0000-00-00,1,3,2,0,double,1,Phone,Extra bed,True,2025-03-12,Customer Request,1962.65,320.98,267.07,49.56,30.81,Pending,Credit Card,Booking.com,,45.21,2024-02-21 17:54:32,2025-01-07 08:57:48,API,Confirmed,REV_00000991,2,Story magazine recently maybe tax.,"Lose capital he view perhaps price. Property rise reason open enter by. Data another wrong hope add option.
For he loss. Husband tree exist shoulder.",2024-03-16,68,False,Split,2025-09-14,Couple,suite,MobileApp,2024-02-21 17:54:32,2025-01-07 08:57:48
H00133,Campos-Patterson,Saudi Arabia,Mecca,City Hotel,5,388,Free WiFi,Exist easy just population feel parent will. Clearly avoid floor.,"Beach,Museum,Park",70.060474,85.866873,https://www.ware.com/,C0004473,Larry,Carter,Larry Carter,waltersnorman@example.org,(491)471-6299,1975-12-05,Other,China,Guangzhou,"31163 Matthew Common, Guangzhou",AF 84199,es,,2023-02-12,False,BKG_000000992,2024-10-05,2025-06-14,2025-06-20,6,4,0,1,suite,1,Mobile App,No requests,False,,,1241.27,562.06,233.56,53.42,380.34,Failed,Credit Card,TravelAgency,NO_PROMO,116.33,2025-09-04 11:42:04,2025-06-06 10:02:36,AGENT,Pending,REV_00000992,1,Thank conference hard ten everybody toward weight exactly.,Upon child to employee. Above source each water sell. Management father sit turn again all level.,2025-10-03,73,False,Cairo,2025-05-19,Couple,single,MobileApp,2025-09-04 11:42:04,2025-06-06 10:02:36
H00851,Washington Ltd,Chile,Concepción,Luxury Hotel,4,386,Free WiFi,Ask difficult former finally spring chair responsibility. Cost notice top wind business.,"Beach,Museum,Park",-59.935811,27.747616,http://www.perry.info/,C0003570,Ashley,Taylor,Ashley Taylor,@gmail.com,+1-854-564-1078,1987-02-22,F,Portugal,Lisbon,"57738 Ayala Falls, Lisbon",XS 28212,es,Silver,2025-06-14,True,BKG_000000993,2025-06-27,2025-02-03,2025-02-14,11,3,3,0,single,2,Mobile App,,True,2025-10-05,No Show,61.43,58.32,81.27,27.3,0,Paid,Cash,Expedia,NO_PROMO,42.38,2025-07-17 03:47:44,2024-11-10 03:23:53,USER,Cancelled,REV_00000993,,Performance wind when response region history public campaign.,"Glass bad response war line. Next social risk station build local idea.
Blood follow movie involve seem. Free before trade character.",2025-08-11,32,False,Glasgow,2023-13-01,Leisure,double,MobileApp,2025-07-17 03:47:44,2024-11-10 03:23:53
H00206,"Kelley, Smith and Lin",Croatia,Split,Boutique,2,285,Free WiFi,Friend politics environment see. Peace box national owner.,"Beach,Museum,Park",61.319735,156.115245,https://www.woods.com/,C0003198,Leah,Murphy...,Leah Murphy...,christinahardy@example.com,963.229.1918,2000-03-18,F,Malaysia,George Town,"4382 Valencia Summit, George Town",LK 96048,es,Gold,2025-08-03,True,BKG_000000994,2024-11-09,2025-07-15,2025-07-27,12,1,2,2,single,2,Phone,No requests,True,2025-06-19,Customer Request,213.84,877.22,243.57,92.21,152.31,Refunded,Cash,--,,125.37,2024-10-29 05:23:32,2025-04-23 14:11:28,SYSTEM,Pending,REV_00000994,5,Bed around anyone human beautiful policy fall.,Unit between shoulder tonight run floor give. Above population hundred these.,2024-09-11,5,True,Haifa,2025-02-25,Family,!!suite,CloudBooking,2024-10-29 05:23:32,2025-04-23 14:11:28
,Orozco-Coleman,!!Singapore,Singapore,Budget Hotel,5,455,"Pool,Gym,Spa",Spring information minute they or. Bag cold form. Truth be why once.,Historic Site,-86.093437,6.405549,http://www.lam-murphy.com/,C0003264,Natasha,Alexander,Natasha Alexander,reynoldslaura@example.org,7467187787,1948-01-18,M,Kenya,Mombasa,"96647 Melissa Gateway Suite 096, Mombasa",JF 50792,tr,,2024-05-25,False,BKG_000000995,2024-01-08,2025-08-12,2025-08-22,10,4,3,1,single,2,Web,,False,,,656.38,409.01,61.77,54.91,174.22,Refunded,Debit Card,Booking.com,PROMO325,96.92,0000-00-00,2025-09-18 21:27:47,SYSTEM,Confirmed,REV_00000995,1,Both state seven argue.,Fly name happy physical. Top minute really party point necessary.,2024-07-28,64,True,Seoul,2025-08-25,Family,single,CloudBooking,0000-00-00,2025-09-18 21:27:47
H00031,Brown-Munoz,Bulgaria,Sofia,Budget Hotel,2,149,"Pool,Gym,Spa",Base pressure pick. Data its story reduce loss least. Sea give process themselves oil law huge.,Shopping Mall,43.843948,88.662605, http://www.white.com/ ,C0001349,Kelly,Harmon,Kelly Harmon,garcialisa@example.net,690-489-7956,1987-04-14,F,Italy,Rome,"836 Higgins Station, Rome",BM 51682,???,Platinum,2023-01-16,True,BKG_000000996,,2025-05-20,2025-05-28,8,4,2,1,___,1,Web,No requests,False,,,1871.25,857.41,258.34,59.27,1868.06,Failed,Credit Card,Airbnb,   ,173.32,2024-07-03 12:37:04,2025-04-10 04:11:09,USER,Cancelled,REV_00000996,2,Where member produce important.,Six politics country mouth watch even. Pick consumer compare yard board left.,!!2024-07-25,94,False,Bangalore,2024-11-26,Couple,single,MobileApp,2024-07-03 12:37:04,2025-04-10 04:11:09
H00108,"Jordan, Cox and Bates",South Korea, Busan ,Boutique,3,178,"Pool,Gym,Spa",Too themselves long western institution.,___,-9.306227,-28.165961,https://wright.com/,C0000109,Julie,Dean,Julie Dean,dawn74@example.com,7064261405,1992-05-26,M,Norway,Tromsø,"6426 Singh Lake Apt. 934, Tromsø",AS 82506,es,Gold,2023-04-08,False,BKG_000000997,2025-01-07,2025-07-17,2025-07-26,9,4,1,2,suite,3,Agent,Late check-in,False,,,332.97,1042.8,209.87,66.96,84.6,Refunded,Cash,Airbnb,PROMO202,86.83,2024-08-24 05:37:04,2025-01-15 00:19:47  ,SYSTEM,Cancelled,REV_00000997,1,The whose attention threat represent.,Few star couple improve. Lay worry ability several weight. Manager administration stop wife.,2024-09-11,,True,Plzen,2025-07-31, Leisure ,single,LegacySystem,2024-08-24 05:37:04,2025-01-15 00:19:47  
H00201,"Clark, Bell and Robinson",--,Rabat,City Hotel,5,159,Restaurant,Wife to believe white picture boy. Wall modern score forget street race sing.,Shopping Mall,-81.468399,49.926384,http://miller-phillips.net/,C0002413,Samantha,___,Samantha ___,scott24@example.com,559.287.1891,1965-12-04,F,Mexico,Guadalajara,"482 Rebecca Estate Apt. 485, Guadalajara",JL 88861,tr,Gold,,True,BKG_000000998,2024-03-28,2025-02-21,2025-02-24,3,2,3,1,single,3,Phone,Extra bed,True,2025-10-20,No Show,1780.83,521.16,148.09,20.09,1177.67,Paid,Cash,TravelAgency,,,2024-11-11 17:49:06,2025-09-30 09:14:31,,Cancelled,REV_00000998,5,Miss animal every recent.,Street indicate discuss director. Wear thank money stock. Around run surface close require.,2024-11-05,10,True,Pattaya,2025-10-17,Couple,double,MobileApp,2024-11-11 17:49:06,2025-09-30 09:14:31
H00462,Young-Green,Japan,Hiroshima,Business Hotel,3,Ten,"Pool,Gym,Spa",,"Beach,Museum,Park",56.40269,-61.332401,https://fisher.com/,C0000147,John,huber,John huber,braunsheila@example.net,643.639.5243x3754,1969-05-10,,Czech Republic,Brno,"581 Luis Drive Apt. 027, Brno",BB 81744,de,Platinum,2023-03-15,False,BKG_000000999,2025-08-31,2026-06-14,2026-06-19,5,3,3,0,double,1,Agent,,False,,,313.02,451.47,231.54,72.25,100.43,Refunded,Debit Card,TravelAgency,,188.69,2025-06-05 15:33:22,2025-10-16 23:24:26,SYSTEM,Confirmed,REV_00000999,4,Condition figure me do author future.,Food return piece position discover.,2024-09-20,0,False,Ibadan,2025-03-26,Couple,suite,MobileApp,2025-06-05 15:33:22,2025-10-16 23:24:26
--,Myers and Sons,Israel,Tel Aviv,___,4,456,Free WiFi,Time cold according. Central area all part even appear.,Historic Site,62.203455,19.974255,https://fowler.com/,C0004039,Jamie,Davis,Jamie Davis,rachael62@example.org,899.560.3157,1952-01-18,OTHER,Thailand,Bangkok,"713 Anne Fields Suite 323, Bangkok",RX 23252,fr,Gold,2025-10-29,True,BKG_000001000,2024-09-02,2026-07-22,2026-07-27,5,1,2,2,suite,1,Mobile App,Late check-in,False,,,1567.95,153.01,217.02,56.13,421.49,Failed,PayPal,TravelAgency,,26.06,2025-09-05 00:38:59,2025-03-11 07:14:59,AGENT,Cancelled,REV_00001000,2,Tough today task southern let.,Manage purpose likely remember talk Democrat. Alone follow value five in.,2024-08-18,28,True,Kuala lumpur,2025-10-06,Family,suite,MobileApp,2025-09-05 00:38:59,2025-03-11 07:14:59
